{"type":"FeatureCollection","features":[{"type":"Feature","geometry":{"type":"LineString","coordinates":[[168.357245,-46.613462],[168.357011,-46.613258],[168.356676,-46.613245],[168.356348,-46.612982],[168.355766,-46.612774],[168.355512,-46.612974],[168.35451,-46.613307],[168.353889,-46.61333],[168.35385,-46.613069],[168.354174,-46.612685],[168.353933,-46.612073],[168.352473,-46.611705],[168.352409,-46.611195],[168.352273,-46.611169],[168.352182,-46.611006],[168.351556,-46.611209],[168.351188,-46.611083],[168.3509,-46.611241],[168.350465,-46.611132],[168.350341,-46.611008],[168.34966,-46.61091],[168.349247,-46.611064],[168.349069,-46.610974],[168.348642,-46.611028],[168.348029,-46.61124],[168.347245,-46.610932],[168.346493,-46.610893],[168.346163,-46.611132],[168.345574,-46.611238],[168.344501,-46.611145],[168.344681,-46.611417],[168.344318,-46.611689],[168.344356,-46.612049],[168.344082,-46.612105],[168.343777,-46.612395],[168.34349,-46.612925],[168.342606,-46.613447],[168.342237,-46.613384],[168.341939,-46.613419],[168.341447,-46.61372],[168.341353,-46.614078],[168.340852,-46.614428],[168.340314,-46.615258],[168.340031,-46.615518],[168.33987,-46.615544],[168.339787,-46.615757],[168.339432,-46.615982],[168.339261,-46.61596],[168.339083,-46.615744],[168.338752,-46.615687],[168.338716,-46.615594],[168.338716,-46.615594],[168.338456,-46.615287],[168.338334,-46.615434],[168.337692,-46.61567],[168.337566,-46.615578],[168.337173,-46.615613],[168.336657,-46.615524],[168.336315,-46.615401],[168.336217,-46.615123],[168.336073,-46.615015],[168.335735,-46.615017],[168.3354,-46.615815],[168.335351,-46.616308],[168.335088,-46.616736],[168.335283,-46.617116],[168.335217,-46.617524],[168.33428,-46.617939],[168.334252,-46.618197],[168.334113,-46.618178],[168.333807,-46.618418],[168.333688,-46.618741],[168.33339,-46.618764],[168.333048,-46.619358],[168.332565,-46.619587],[168.332364,-46.619551],[168.332059,-46.619622],[168.331777,-46.619785],[168.331706,-46.620093],[168.331309,-46.620375],[168.331068,-46.62041],[168.331,-46.620515],[168.331109,-46.620946],[168.331047,-46.621326],[168.330754,-46.62144],[168.330299,-46.621884],[168.330349,-46.622324],[168.329823,-46.622483],[168.329669,-46.622723],[168.329044,-46.62277],[168.329579,-46.623366],[168.329536,-46.623516],[168.329325,-46.623627],[168.328723,-46.623544],[168.328291,-46.623886],[168.328291,-46.623886],[168.328139,-46.623526],[168.328259,-46.623304],[168.327904,-46.62311],[168.326829,-46.62201],[168.326174,-46.621629],[168.325837,-46.621312],[168.325409,-46.619875],[168.324856,-46.619657],[168.324783,-46.619522],[168.324132,-46.61921],[168.323721,-46.618834],[168.323202,-46.618603],[168.322855,-46.618277],[168.322308,-46.617336],[168.321595,-46.616908],[168.320777,-46.616543],[168.319509,-46.616292],[168.318606,-46.615835],[168.31866,-46.615504],[168.318812,-46.615358],[168.318823,-46.614949],[168.319022,-46.61466],[168.318884,-46.61422],[168.318951,-46.614109],[168.318736,-46.613918],[168.318471,-46.613086],[168.318773,-46.6127],[168.319413,-46.612538],[168.319911,-46.611915],[168.319727,-46.611475],[168.319737,-46.611069],[168.319609,-46.61083],[168.319348,-46.610727],[168.319034,-46.610259],[168.318997,-46.609983],[168.318618,-46.609325],[168.318191,-46.609439],[168.318168,-46.609016],[168.317874,-46.608845],[168.317532,-46.608371],[168.317615,-46.60799],[168.317918,-46.607768],[168.318055,-46.607065],[168.318152,-46.60596],[168.317938,-46.605271],[168.318024,-46.604476],[168.317906,-46.604114],[168.317441,-46.603565],[168.31748,-46.603447],[168.31735,-46.603231],[168.317567,-46.60286],[168.317499,-46.602597],[168.316634,-46.601906],[168.317046,-46.601427],[168.318088,-46.600625],[168.318091,-46.600218],[168.318365,-46.599515],[168.3184,-46.599003],[168.318986,-46.598639],[168.319904,-46.597382],[168.31971,-46.597169],[168.319345,-46.597094],[168.319285,-46.59696],[168.319334,-46.596764],[168.319575,-46.596598],[168.319577,-46.596513],[168.318691,-46.595783],[168.318392,-46.595696],[168.318047,-46.595235],[168.317457,-46.594795],[168.316988,-46.594494],[168.316817,-46.594467],[168.31682,-46.594327],[168.31682,-46.594327],[168.316525,-46.5942],[168.315211,-46.593964],[168.313821,-46.593536],[168.311552,-46.592242],[168.309009,-46.591069],[168.308137,-46.590552],[168.306858,-46.58959],[168.305697,-46.58834],[168.305062,-46.587119],[168.304903,-46.58626],[168.304952,-46.585253],[168.305552,-46.583192],[168.305504,-46.582043],[168.305167,-46.580036],[168.303525,-46.576211],[168.301135,-46.572169],[168.300259,-46.570412],[168.29899,-46.566111],[168.299124,-46.563437],[168.29907,-46.561475],[168.299379,-46.557906],[168.300929,-46.547095],[168.301453,-46.546388],[168.302046,-46.543074],[168.303376,-46.538358],[168.303829,-46.537357],[168.304361,-46.536905],[168.304838,-46.536275],[168.305313,-46.534978],[168.30705,-46.528841],[168.307289,-46.528151],[168.307854,-46.52717],[168.30856,-46.52621],[168.309563,-46.525164],[168.313033,-46.522384],[168.31537,-46.520866],[168.318918,-46.51883],[168.321452,-46.517593],[168.324144,-46.51643],[168.326039,-46.515707],[168.328254,-46.51498],[168.333511,-46.513585],[168.338203,-46.512651],[168.342764,-46.512052],[168.345153,-46.51165],[168.347146,-46.51126],[168.350025,-46.510495],[168.352961,-46.509487],[168.355098,-46.50865],[168.366908,-46.503263],[168.368151,-46.502496],[168.370211,-46.500892],[168.380619,-46.492554],[168.382531,-46.491119],[168.386457,-46.487834],[168.386457,-46.487834],[168.385798,-46.487489],[168.384816,-46.487244],[168.385161,-46.486868],[168.385583,-46.485958],[168.386395,-46.483743],[168.385417,-46.483491],[168.384406,-46.48269],[168.384066,-46.482153],[168.383016,-46.4816],[168.382322,-46.481627],[168.381881,-46.482075],[168.381622,-46.482548],[168.381571,-46.48315],[168.381663,-46.48335],[168.38158,-46.483496],[168.380875,-46.483493],[168.380712,-46.48339],[168.380436,-46.482644],[168.379541,-46.482326],[168.379385,-46.481797],[168.379607,-46.480902],[168.379398,-46.479534],[168.379182,-46.479064],[168.378897,-46.478864],[168.376834,-46.477898],[168.376111,-46.476634],[168.375964,-46.475514],[168.376042,-46.474929],[168.37479,-46.473521],[168.373276,-46.473179],[168.372945,-46.473244],[168.372823,-46.473657],[168.372596,-46.473897],[168.371748,-46.474179],[168.369148,-46.474739],[168.367878,-46.474703],[168.366202,-46.474147],[168.36376,-46.47219],[168.362961,-46.4713],[168.360159,-46.469555],[168.358204,-46.466664],[168.357764,-46.466499],[168.357113,-46.466491],[168.357055,-46.466254],[168.356233,-46.464947],[168.356209,-46.464717],[168.355124,-46.463015],[168.354763,-46.460601],[168.35483,-46.459791],[168.35452,-46.457733],[168.35793,-46.457078],[168.358582,-46.456255],[168.35929,-46.455547],[168.359137,-46.455458],[168.357406,-46.451011],[168.357136,-46.450551],[168.357176,-46.450363],[168.357403,-46.450157],[168.357284,-46.449765],[168.353048,-46.449505],[168.352957,-46.449448],[168.352164,-46.44616],[168.352024,-46.443412],[168.352024,-46.443412],[168.351664,-46.44316],[168.351694,-46.44277],[168.351194,-46.44263],[168.351084,-46.44227],[168.350704,-46.44209],[168.350534,-46.44147],[168.349964,-46.44124],[168.349569,-46.440901],[168.348184,-46.43872],[168.346188,-46.436498],[168.344544,-46.43444],[168.343914,-46.43352],[168.343394,-46.43239],[168.342564,-46.43184],[168.342214,-46.4313],[168.342014,-46.4306],[168.341364,-46.43012],[168.340634,-46.42887],[168.340214,-46.42835],[168.339994,-46.42786],[168.339483,-46.424444],[168.338609,-46.421465],[168.338168,-46.420732],[168.338021,-46.420302],[168.337729,-46.420065],[168.337326,-46.419919],[168.337232,-46.419718],[168.337629,-46.418574],[168.337514,-46.418474],[168.337514,-46.418474],[168.335097,-46.419021],[168.320591,-46.425502],[168.320591,-46.425502],[168.306809,-46.431751],[168.27908,-46.431793],[168.269016,-46.43196],[168.266297,-46.432319],[168.260198,-46.433734],[168.252037,-46.435491],[168.248968,-46.43536],[168.246217,-46.436727],[168.23208,-46.438348],[168.23208,-46.438348],[168.230406,-46.437802],[168.229261,-46.436706],[168.226739,-46.431451],[168.218055,-46.417903],[168.217559,-46.417442],[168.215878,-46.414895],[168.209177,-46.406064],[168.204458,-46.400835],[168.20233,-46.397756],[168.199825,-46.395194],[168.197878,-46.39254],[168.196582,-46.391433],[168.196582,-46.391433],[168.194952,-46.390041],[168.190665,-46.385982],[168.18719,-46.38298],[168.180341,-46.377475],[168.177813,-46.376011],[168.172904,-46.371757],[168.163892,-46.365693],[168.158468,-46.362565],[168.145709,-46.356455],[168.142244,-46.354455],[168.127226,-46.34806],[168.115857,-46.344928],[168.107808,-46.34286],[168.100304,-46.341208],[168.094093,-46.34028],[168.087008,-46.339679],[168.072612,-46.339319],[168.065287,-46.339846],[168.063671,-46.340058],[168.061037,-46.340457],[168.054705,-46.341719],[168.05152,-46.342707],[168.047532,-46.344209],[168.040038,-46.347616],[168.036777,-46.349458],[168.025929,-46.355877],[168.017266,-46.349675],[168.013013,-46.352489],[168.012645,-46.353204],[168.012476,-46.353301],[168.012476,-46.353301],[168.010014,-46.354582],[168.009582,-46.357538],[168.010628,-46.357924],[168.01092,-46.35818],[168.003727,-46.366561],[168.004273,-46.367616],[168.004236,-46.368027],[168.003517,-46.368408],[168.002465,-46.368575],[168.001913,-46.368826],[168.000669,-46.370225],[168.000669,-46.370225],[168.000228,-46.370804],[167.999793,-46.370979],[167.999256,-46.371037],[167.999121,-46.371017],[167.998688,-46.370685],[167.998308,-46.370572],[167.997536,-46.36987],[167.99731,-46.369826],[167.996618,-46.369951],[167.99634,-46.369902],[167.995527,-46.369948],[167.994846,-46.370196],[167.994612,-46.370721],[167.994083,-46.371092],[167.993594,-46.371158],[167.993152,-46.371462],[167.992615,-46.371644],[167.992526,-46.371946],[167.99182,-46.372239],[167.991645,-46.372615],[167.991175,-46.372915],[167.99092,-46.372975],[167.990601,-46.373255],[167.990518,-46.373496],[167.990565,-46.373793],[167.990061,-46.373741],[167.989059,-46.37345],[167.988405,-46.372918],[167.988203,-46.372842],[167.987707,-46.372805],[167.987186,-46.372868],[167.985218,-46.373305],[167.984868,-46.37346],[167.984415,-46.373808],[167.98237,-46.374514],[167.981533,-46.37506],[167.980689,-46.375217],[167.980689,-46.375217],[167.980204,-46.375224],[167.979703,-46.375074],[167.978704,-46.374992],[167.978577,-46.374875],[167.978233,-46.374767],[167.978177,-46.374658],[167.977402,-46.374422],[167.977138,-46.374239],[167.976575,-46.373299],[167.976136,-46.372972],[167.974734,-46.372482],[167.974027,-46.371923],[167.973909,-46.371733],[167.972023,-46.370894],[167.971359,-46.370299],[167.970968,-46.37008],[167.970887,-46.369784],[167.969697,-46.36939],[167.96858,-46.368876],[167.968102,-46.368708],[167.967784,-46.368688],[167.967144,-46.368374],[167.967027,-46.368231],[167.96666,-46.368072],[167.966619,-46.367884],[167.966161,-46.367424],[167.964553,-46.367166],[167.963466,-46.367085],[167.962441,-46.367353],[167.962408,-46.367238],[167.961887,-46.367322],[167.961518,-46.367267],[167.961147,-46.367101],[167.960685,-46.367303],[167.960073,-46.367181],[167.959261,-46.366484],[167.958079,-46.366092],[167.956961,-46.365521],[167.956707,-46.365464],[167.956965,-46.365288],[167.956884,-46.365115],[167.95616,-46.365226],[167.955708,-46.364853],[167.954932,-46.364763],[167.954552,-46.364641],[167.954032,-46.364337],[167.953547,-46.364197],[167.953376,-46.364021],[167.95234,-46.363884],[167.951352,-46.363095],[167.951174,-46.36268],[167.950948,-46.362483],[167.950344,-46.362288],[167.949207,-46.362439],[167.949039,-46.362284],[167.949303,-46.361934],[167.948823,-46.361876],[167.947107,-46.361154],[167.946353,-46.36099],[167.946193,-46.360758],[167.945508,-46.360728],[167.943913,-46.360352],[167.943913,-46.360352],[167.943418,-46.360114],[167.941919,-46.359792],[167.933011,-46.358211],[167.933011,-46.358211],[167.927922,-46.357612],[167.923575,-46.357304],[167.913612,-46.357031],[167.908719,-46.35727],[167.903032,-46.358045],[167.8995,-46.358657],[167.8995,-46.358657],[167.896154,-46.359558],[167.890131,-46.361483],[167.887449,-46.362698],[167.884168,-46.364427],[167.884168,-46.364427],[167.883038,-46.36388],[167.877694,-46.360942],[167.877646,-46.360695],[167.877646,-46.360695],[167.876838,-46.360457],[167.875014,-46.359464],[167.871818,-46.357404],[167.870703,-46.354714],[167.8675,-46.352462],[167.835456,-46.338991],[167.835456,-46.338991],[167.834872,-46.338686],[167.834297,-46.338198],[167.834199,-46.337993],[167.834394,-46.337078],[167.834247,-46.336858],[167.833176,-46.336263],[167.832311,-46.336058],[167.832072,-46.335885],[167.831982,-46.335653],[167.832294,-46.33499],[167.832222,-46.333841],[167.832626,-46.333205],[167.832324,-46.33228],[167.832324,-46.33228],[167.832755,-46.332314],[167.832851,-46.332198],[167.83282,-46.331985],[167.832415,-46.331804],[167.832459,-46.331677],[167.833117,-46.331496],[167.833557,-46.331164],[167.834389,-46.330961],[167.835554,-46.330328],[167.835959,-46.330237],[167.836656,-46.329689],[167.837085,-46.329562],[167.838078,-46.329422],[167.838259,-46.329319],[167.838663,-46.329356],[167.838813,-46.329442],[167.839281,-46.329382],[167.839767,-46.329437],[167.840072,-46.329651],[167.840305,-46.329562],[167.840409,-46.329326],[167.840629,-46.329239],[167.840828,-46.329307],[167.84113,-46.329083],[167.841449,-46.329049],[167.841715,-46.328911],[167.841715,-46.328911],[167.841982,-46.329112],[167.842518,-46.329172],[167.843599,-46.328822],[167.84377,-46.328609],[167.843585,-46.32828],[167.842657,-46.328011],[167.843021,-46.327622],[167.843073,-46.327164],[167.843975,-46.326781],[167.844411,-46.326263],[167.844929,-46.32607],[167.845251,-46.325726],[167.845863,-46.325621],[167.846679,-46.3257],[167.847044,-46.325307],[167.847023,-46.32465],[167.847754,-46.324263],[167.848101,-46.323695],[167.848381,-46.323614],[167.848545,-46.323035],[167.848949,-46.322707],[167.848786,-46.321621],[167.849164,-46.320761],[167.848873,-46.319765],[167.84901,-46.319176],[167.849649,-46.31866],[167.850397,-46.317444],[167.851115,-46.317066],[167.851403,-46.315851],[167.850844,-46.314964],[167.850938,-46.314251],[167.851063,-46.313954],[167.851523,-46.313785],[167.851664,-46.313358],[167.852199,-46.313002],[167.85201,-46.312484],[167.852141,-46.312011],[167.853047,-46.311526],[167.854246,-46.309836],[167.854933,-46.309536],[167.855407,-46.309004],[167.856041,-46.308912],[167.8561,-46.308522],[167.856571,-46.308264],[167.856725,-46.307541],[167.857567,-46.307036],[167.857981,-46.306586],[167.858212,-46.306081],[167.858043,-46.305869],[167.858341,-46.305276],[167.859678,-46.304756],[167.860583,-46.304063],[167.861255,-46.303947],[167.861645,-46.303663],[167.862224,-46.30219],[167.86218,-46.299481],[167.861972,-46.299445],[167.86151,-46.298843],[167.861377,-46.298069],[167.861131,-46.297756],[167.861176,-46.29728],[167.860764,-46.296719],[167.860686,-46.295982],[167.860848,-46.295737],[167.860625,-46.295537],[167.860565,-46.295047],[167.860001,-46.294814],[167.859334,-46.295007],[167.858094,-46.293844],[167.857948,-46.293468],[167.856827,-46.293142],[167.855739,-46.292453],[167.853467,-46.291579],[167.851404,-46.291607],[167.851424,-46.29139],[167.851885,-46.291143],[167.852168,-46.290452],[167.853326,-46.289931],[167.853895,-46.289345],[167.854107,-46.289453],[167.854302,-46.289363],[167.854394,-46.289131],[167.853867,-46.28876],[167.853642,-46.288184],[167.853674,-46.287816],[167.854346,-46.28757],[167.854191,-46.287116],[167.853754,-46.28696],[167.851051,-46.287337],[167.850464,-46.287154],[167.848774,-46.287253],[167.847379,-46.287064],[167.846957,-46.286473],[167.845656,-46.285584],[167.845458,-46.284699],[167.84492,-46.283991],[167.845219,-46.283492],[167.8451,-46.282847],[167.845442,-46.282566],[167.84542,-46.282032],[167.84635,-46.28171],[167.847101,-46.281229],[167.847565,-46.281297],[167.847861,-46.281178],[167.847869,-46.281002],[167.849103,-46.280329],[167.849147,-46.279957],[167.850402,-46.279381],[167.850649,-46.279058],[167.851495,-46.278761],[167.851338,-46.278483],[167.851611,-46.278098],[167.851524,-46.27786],[167.852585,-46.277102],[167.852702,-46.27669],[167.85313,-46.276456],[167.853312,-46.275872],[167.853861,-46.275429],[167.854042,-46.275039],[167.854027,-46.274316],[167.853069,-46.273244],[167.85364,-46.272912],[167.853601,-46.272527],[167.854005,-46.272135],[167.854118,-46.271524],[167.854442,-46.271279],[167.854137,-46.27058],[167.854679,-46.27062],[167.855186,-46.270846],[167.856074,-46.270671],[167.857127,-46.27007],[167.858077,-46.269285],[167.858353,-46.268894],[167.858043,-46.26801],[167.857996,-46.266472],[167.858706,-46.265595],[167.859594,-46.265738],[167.859796,-46.265451],[167.859758,-46.264928],[167.860669,-46.263635],[167.8603,-46.26312],[167.8603,-46.26312],[167.860171,-46.262766],[167.859953,-46.26289],[167.859086,-46.263107],[167.858753,-46.263301],[167.858627,-46.263282],[167.85848,-46.263474],[167.857687,-46.263843],[167.857472,-46.263577],[167.857124,-46.263519],[167.855669,-46.263002],[167.855287,-46.263015],[167.854996,-46.262747],[167.854768,-46.262771],[167.854435,-46.262524],[167.854276,-46.262526],[167.853816,-46.262736],[167.853496,-46.262704],[167.853211,-46.262805],[167.852537,-46.262735],[167.852097,-46.262532],[167.851858,-46.262559],[167.851281,-46.262814],[167.850519,-46.262896],[167.850357,-46.26298],[167.850275,-46.262864],[167.849468,-46.262396],[167.848679,-46.262225],[167.847764,-46.262194],[167.847411,-46.261961],[167.846461,-46.261844],[167.846013,-46.261473],[167.845639,-46.261336],[167.844796,-46.261522],[167.844714,-46.261425],[167.844513,-46.261467],[167.844061,-46.261372],[167.843489,-46.261485],[167.842941,-46.261485],[167.842258,-46.261269],[167.84143,-46.26082],[167.84036,-46.260691],[167.839662,-46.260226],[167.839212,-46.259706],[167.838844,-46.258444],[167.838747,-46.257561],[167.838316,-46.257271],[167.837671,-46.256624],[167.836827,-46.255065],[167.836813,-46.254635],[167.836588,-46.254373],[167.83671,-46.253934],[167.836619,-46.253819],[167.836864,-46.253282],[167.836903,-46.252937],[167.8374,-46.251975],[167.83802,-46.251676],[167.838445,-46.251185],[167.838576,-46.250898],[167.838898,-46.250635],[167.839081,-46.249718],[167.839044,-46.249369],[167.83953,-46.248834],[167.839275,-46.248707],[167.839056,-46.248235],[167.83936,-46.247326],[167.839315,-46.247104],[167.839816,-46.246164],[167.840239,-46.245978],[167.840612,-46.245192],[167.84095,-46.244994],[167.841164,-46.244743],[167.841344,-46.244703],[167.841388,-46.244341],[167.841952,-46.243816],[167.842267,-46.243279],[167.842009,-46.242609],[167.842055,-46.242396],[167.841836,-46.241959],[167.842213,-46.241775],[167.842464,-46.241823],[167.843275,-46.241577],[167.843751,-46.241152],[167.843776,-46.24096],[167.843916,-46.240921],[167.84405,-46.240372],[167.843863,-46.239893],[167.843731,-46.238389],[167.843405,-46.238038],[167.843078,-46.237914],[167.842852,-46.237661],[167.842328,-46.237485],[167.841998,-46.237249],[167.84152,-46.237157],[167.84106,-46.236861],[167.8403,-46.236674],[167.839553,-46.2367],[167.839279,-46.236431],[167.839278,-46.236323],[167.839635,-46.235878],[167.839748,-46.235486],[167.839178,-46.23515],[167.8391,-46.234993],[167.838383,-46.234395],[167.837696,-46.233975],[167.837294,-46.233913],[167.836823,-46.23411],[167.836306,-46.234162],[167.836102,-46.234019],[167.836338,-46.233791],[167.836256,-46.233667],[167.836604,-46.233066],[167.836627,-46.232739],[167.837068,-46.232282],[167.83704,-46.232097],[167.837347,-46.231528],[167.837394,-46.231153],[167.837057,-46.230716],[167.836985,-46.229991],[167.836602,-46.229888],[167.836312,-46.229597],[167.83669,-46.228872],[167.836572,-46.228203],[167.836752,-46.227185],[167.836165,-46.226725],[167.83594,-46.226391],[167.835562,-46.226216],[167.835485,-46.225785],[167.835226,-46.22545],[167.835319,-46.225311],[167.835142,-46.225303],[167.834918,-46.225164],[167.835098,-46.225128],[167.835341,-46.224953],[167.835391,-46.224784],[167.835935,-46.224515],[167.835704,-46.223621],[167.835737,-46.223144],[167.835871,-46.223],[167.835613,-46.222834],[167.835631,-46.222744],[167.835163,-46.222302],[167.834657,-46.221385],[167.834714,-46.220785],[167.834915,-46.220331],[167.834786,-46.219788],[167.835457,-46.219278],[167.835964,-46.218675],[167.835987,-46.218536],[167.836573,-46.218065],[167.836837,-46.217979],[167.836919,-46.217748],[167.836777,-46.217556],[167.836829,-46.217383],[167.837135,-46.217104],[167.837512,-46.216376],[167.837787,-46.21616],[167.837878,-46.215833],[167.839093,-46.215107],[167.838721,-46.214374],[167.838933,-46.214158],[167.839338,-46.213961],[167.840105,-46.21341],[167.840155,-46.212076],[167.840529,-46.211447],[167.840954,-46.210951],[167.843055,-46.209442],[167.843051,-46.209245],[167.84328,-46.20892],[167.843288,-46.208698],[167.843629,-46.207987],[167.843649,-46.207431],[167.843873,-46.206711],[167.844414,-46.206542],[167.845619,-46.206766],[167.845825,-46.206674],[167.845582,-46.206128],[167.845365,-46.205979],[167.844528,-46.205661],[167.844085,-46.205728],[167.843683,-46.205533],[167.843701,-46.205364],[167.843306,-46.205134],[167.843236,-46.204924],[167.842696,-46.204509],[167.842761,-46.204155],[167.842289,-46.203721],[167.841775,-46.203496],[167.841502,-46.203133],[167.840262,-46.202227],[167.839828,-46.201784],[167.839121,-46.201419],[167.838649,-46.200934],[167.837765,-46.200453],[167.8377,-46.200073],[167.837562,-46.200003],[167.8375,-46.199696],[167.837601,-46.19921],[167.837448,-46.198718],[167.837636,-46.198457],[167.837567,-46.198037],[167.83765,-46.197882],[167.837323,-46.197304],[167.837333,-46.196749],[167.836498,-46.195894],[167.836498,-46.195894],[167.836419,-46.195769],[167.835834,-46.195414],[167.83473,-46.194835],[167.833939,-46.194539],[167.832805,-46.19392],[167.832235,-46.193765],[167.831284,-46.192795],[167.83041,-46.19235],[167.829582,-46.191644],[167.829254,-46.191129],[167.829054,-46.191107],[167.828567,-46.191255],[167.828342,-46.191169],[167.828197,-46.190897],[167.828182,-46.190464],[167.827914,-46.190065],[167.827704,-46.189934],[167.827199,-46.189187],[167.82646,-46.188447],[167.826242,-46.188099],[167.826377,-46.187842],[167.82636,-46.187164],[167.826263,-46.186959],[167.825423,-46.186875],[167.825145,-46.186717],[167.8251,-46.186347],[167.825315,-46.185659],[167.825062,-46.184635],[167.825155,-46.183847],[167.824693,-46.182154],[167.825077,-46.181745],[167.825122,-46.18154],[167.825407,-46.18133],[167.825473,-46.181094],[167.825343,-46.180479],[167.825367,-46.179784],[167.825085,-46.179347],[167.825128,-46.179039],[167.825,-46.17857],[167.825332,-46.177044],[167.825813,-46.176797],[167.826097,-46.17642],[167.826292,-46.175542],[167.826843,-46.174509],[167.826908,-46.174215],[167.827262,-46.173665],[167.828123,-46.173147],[167.828257,-46.173022],[167.828182,-46.172954],[167.828278,-46.172869],[167.828225,-46.1728],[167.828482,-46.172675],[167.829387,-46.171894],[167.829892,-46.171627],[167.830432,-46.171509],[167.832348,-46.170622],[167.832793,-46.16996],[167.83283,-46.169207],[167.833178,-46.168805],[167.833115,-46.168637],[167.832943,-46.168601],[167.832357,-46.167546],[167.831861,-46.167318],[167.831858,-46.166948],[167.830741,-46.166007],[167.830402,-46.16534],[167.829449,-46.164195],[167.82939,-46.163618],[167.829843,-46.163308],[167.83017,-46.16324],[167.830797,-46.162696],[167.830993,-46.162279],[167.830873,-46.161893],[167.829934,-46.161053],[167.829843,-46.160632],[167.82964,-46.160296],[167.829377,-46.160176],[167.828797,-46.160104],[167.828595,-46.159794],[167.82862,-46.159682],[167.828388,-46.1597],[167.828195,-46.159564],[167.827768,-46.159462],[167.827603,-46.159002],[167.82737,-46.158735],[167.827528,-46.158294],[167.827369,-46.157905],[167.826141,-46.157036],[167.826126,-46.156861],[167.825868,-46.156779],[167.8259,-46.156451],[167.825511,-46.156257],[167.825448,-46.155657],[167.824988,-46.155607],[167.824821,-46.155209],[167.824825,-46.154936],[167.8245,-46.154599],[167.824113,-46.154401],[167.823933,-46.154096],[167.823673,-46.153951],[167.822923,-46.152791],[167.822728,-46.152694],[167.822733,-46.152414],[167.822999,-46.151996],[167.823029,-46.151286],[167.822769,-46.150859],[167.822764,-46.150681],[167.822996,-46.150241],[167.822906,-46.149956],[167.823024,-46.149804],[167.823301,-46.148791],[167.823221,-46.148729],[167.823306,-46.148452],[167.823177,-46.14844],[167.823174,-46.148199],[167.823623,-46.147592],[167.823487,-46.147014],[167.823724,-46.146632],[167.823743,-46.146419],[167.824574,-46.145632],[167.824781,-46.145214],[167.824846,-46.144784],[167.825118,-46.144479],[167.825474,-46.144297],[167.825572,-46.144315],[167.82572,-46.1441],[167.825972,-46.144043],[167.826443,-46.143634],[167.826876,-46.143499],[167.827034,-46.143286],[167.827953,-46.142666],[167.828478,-46.142526],[167.829233,-46.142067],[167.829536,-46.141651],[167.829764,-46.141446],[167.829906,-46.141432],[167.830174,-46.141051],[167.830563,-46.140816],[167.830889,-46.140429],[167.831529,-46.140114],[167.831691,-46.139647],[167.832049,-46.139287],[167.832078,-46.138974],[167.832753,-46.138384],[167.832961,-46.138084],[167.833631,-46.13758],[167.834356,-46.13717],[167.834548,-46.13723],[167.834568,-46.137157],[167.834768,-46.137169],[167.834758,-46.137219],[167.835101,-46.13707],[167.836866,-46.136027],[167.837953,-46.135579],[167.838428,-46.135272],[167.839431,-46.13384],[167.840583,-46.133524],[167.841344,-46.132985],[167.841416,-46.132794],[167.841486,-46.132855],[167.842104,-46.132335],[167.843283,-46.130944],[167.843277,-46.130199],[167.842907,-46.129654],[167.840734,-46.129512],[167.840459,-46.129402],[167.840134,-46.129144],[167.839847,-46.128684],[167.839582,-46.12848],[167.839152,-46.1279],[167.838936,-46.127829],[167.838712,-46.127594],[167.838547,-46.127297],[167.838577,-46.126852],[167.838884,-46.126339],[167.838657,-46.125945],[167.838422,-46.125939],[167.837997,-46.125645],[167.837666,-46.124947],[167.837519,-46.124274],[167.837379,-46.124105],[167.837257,-46.124114],[167.836927,-46.12322],[167.836072,-46.122524],[167.835409,-46.121497],[167.834326,-46.120836],[167.833884,-46.120317],[167.833874,-46.119909],[167.834786,-46.118377],[167.834961,-46.117909],[167.835764,-46.115491],[167.835877,-46.114822],[167.835414,-46.113597],[167.835246,-46.112614],[167.834759,-46.111692],[167.83465,-46.111236],[167.834597,-46.109747],[167.834782,-46.109376],[167.8349,-46.108786],[167.834407,-46.107257],[167.834237,-46.105531],[167.834379,-46.105326],[167.834534,-46.105287],[167.835423,-46.10607],[167.836307,-46.106038],[167.83676,-46.105914],[167.836928,-46.105777],[167.836872,-46.10527],[167.83718,-46.104472],[167.83751,-46.10401],[167.838669,-46.103137],[167.838865,-46.102774],[167.839047,-46.101907],[167.83898,-46.101419],[167.83836,-46.100647],[167.838097,-46.100174],[167.837495,-46.098452],[167.837162,-46.096747],[167.837275,-46.095681],[167.837634,-46.094356],[167.838105,-46.094034],[167.839281,-46.093655],[167.839752,-46.093307],[167.843685,-46.087869],[167.844008,-46.087355],[167.844383,-46.086004],[167.845827,-46.084022],[167.846088,-46.083449],[167.846825,-46.080564],[167.847003,-46.080359],[167.847548,-46.080015],[167.848548,-46.079735],[167.848933,-46.07949],[167.853244,-46.074551],[167.853244,-46.074551],[167.85689,-46.078128],[167.857632,-46.078559],[167.868418,-46.081367],[167.869414,-46.081796],[167.869695,-46.082],[167.871528,-46.084177],[167.87187,-46.08451],[167.872475,-46.084808],[167.873492,-46.084923],[167.875989,-46.084901],[167.876259,-46.084827],[167.876259,-46.084827],[167.877207,-46.0843],[167.878802,-46.083681],[167.879617,-46.084111],[167.880242,-46.084216],[167.880918,-46.084596],[167.882292,-46.084128],[167.88379,-46.083852],[167.885281,-46.084006],[167.886367,-46.083123],[167.887047,-46.083008],[167.889334,-46.08196],[167.889683,-46.081642],[167.889518,-46.081169],[167.888884,-46.080791],[167.889171,-46.080396],[167.889171,-46.080396],[167.892283,-46.079313],[167.893174,-46.079143],[167.894655,-46.078983],[167.895093,-46.07877],[167.895299,-46.077906],[167.895537,-46.077596],[167.895884,-46.076098],[167.895438,-46.074594],[167.895184,-46.074175],[167.895177,-46.073796],[167.894704,-46.073484],[167.893937,-46.073188],[167.893661,-46.073001],[167.89299,-46.070759],[167.892752,-46.070166],[167.892387,-46.069829],[167.892177,-46.069255],[167.892213,-46.0688],[167.891962,-46.068234],[167.891577,-46.067831],[167.891012,-46.06773],[167.890135,-46.06772],[167.890165,-46.067401],[167.891524,-46.067171],[167.892599,-46.066468],[167.894318,-46.064947],[167.895715,-46.065359],[167.897077,-46.06608],[167.900089,-46.065405],[167.900089,-46.065405],[167.904114,-46.065335],[167.911281,-46.065411],[167.911281,-46.065411],[167.911428,-46.065412],[167.91142,-46.05537],[167.911614,-46.053375],[167.913432,-46.046431],[167.911189,-46.04536],[167.911189,-46.04536],[167.916664,-46.04116],[167.9175,-46.041023],[167.917637,-46.040314],[167.917418,-46.040153],[167.916415,-46.039805],[167.914981,-46.039158],[167.914556,-46.038723],[167.914038,-46.03853],[167.913575,-46.038157],[167.912896,-46.0372],[167.911311,-46.03633],[167.910483,-46.035971],[167.909746,-46.035146],[167.908999,-46.034562],[167.90819,-46.034233],[167.906975,-46.033071],[167.906208,-46.032648],[167.905697,-46.031917],[167.905581,-46.031608],[167.9046,-46.030924],[167.904201,-46.0309],[167.903844,-46.030533],[167.903384,-46.030505],[167.903137,-46.030254],[167.903128,-46.029962],[167.903342,-46.029857],[167.903189,-46.029718],[167.903359,-46.02947],[167.903259,-46.02941],[167.903323,-46.029263],[167.903645,-46.029164],[167.903911,-46.028394],[167.904266,-46.02791],[167.904293,-46.027696],[167.903723,-46.027306],[167.903746,-46.027124],[167.903533,-46.026971],[167.903974,-46.026664],[167.903792,-46.026632],[167.903536,-46.026207],[167.90352,-46.02584],[167.903805,-46.025663],[167.903836,-46.025417],[167.903627,-46.025362],[167.903644,-46.025223],[167.90343,-46.025199],[167.903258,-46.024973],[167.90315,-46.024966],[167.90306,-46.024702],[167.90233,-46.024357],[167.902314,-46.024237],[167.9021,-46.024095],[167.902489,-46.023462],[167.902027,-46.022949],[167.901847,-46.022539],[167.901531,-46.022466],[167.901312,-46.022238],[167.901088,-46.022299],[167.901033,-46.022124],[167.900591,-46.021828],[167.899953,-46.021617],[167.900349,-46.020671],[167.900271,-46.020311],[167.900042,-46.020287],[167.899891,-46.020137],[167.899947,-46.019688],[167.90007,-46.019567],[167.900032,-46.019381],[167.900162,-46.019206],[167.899999,-46.018658],[167.900065,-46.0185],[167.899837,-46.018099],[167.89991,-46.017888],[167.899243,-46.017287],[167.899579,-46.016704],[167.899728,-46.016003],[167.899339,-46.015537],[167.899022,-46.015475],[167.898771,-46.015008],[167.898919,-46.014941],[167.898937,-46.014673],[167.899278,-46.014414],[167.89961,-46.014359],[167.899729,-46.01415],[167.899421,-46.013766],[167.899538,-46.013579],[167.899444,-46.013465],[167.89953,-46.012404],[167.899332,-46.012134],[167.899368,-46.011845],[167.900007,-46.011313],[167.899728,-46.010952],[167.899722,-46.010747],[167.899566,-46.010511],[167.899687,-46.010163],[167.899438,-46.009685],[167.8994,-46.00937],[167.899624,-46.00919],[167.899571,-46.008745],[167.899859,-46.008418],[167.89977,-46.008143],[167.899958,-46.008123],[167.899969,-46.008037],[167.899735,-46.007807],[167.899819,-46.00763],[167.899649,-46.007135],[167.899433,-46.007014],[167.899229,-46.00642],[167.89909,-46.006293],[167.898972,-46.006372],[167.898488,-46.005922],[167.897436,-46.00521],[167.898424,-46.003732],[167.898531,-46.003459],[167.898481,-46.003168],[167.894706,-46.000684],[167.894441,-46.00026],[167.894599,-45.998958],[167.894872,-45.998055],[167.896314,-45.995275],[167.896332,-45.994477],[167.895742,-45.992168],[167.895873,-45.990913],[167.895877,-45.988982],[167.895977,-45.988818],[167.896872,-45.988412],[167.897424,-45.987967],[167.897354,-45.987627],[167.897017,-45.987215],[167.897029,-45.987007],[167.897754,-45.985489],[167.898229,-45.983642],[167.898293,-45.982815],[167.898218,-45.98178],[167.898023,-45.981324],[167.897465,-45.980632],[167.896979,-45.980454],[167.895711,-45.979603],[167.894896,-45.978634],[167.89386,-45.978073],[167.892973,-45.977976],[167.893173,-45.977421],[167.893534,-45.977115],[167.893497,-45.976939],[167.893824,-45.976601],[167.894442,-45.976314],[167.897028,-45.975839],[167.898172,-45.975147],[167.898092,-45.974574],[167.898266,-45.974356],[167.899141,-45.973457],[167.899294,-45.97334],[167.8997,-45.973229],[167.899895,-45.973011],[167.899814,-45.971895],[167.900074,-45.970388],[167.90076,-45.969986],[167.901198,-45.969022],[167.901526,-45.96794],[167.901159,-45.966873],[167.901035,-45.965624],[167.900706,-45.965294],[167.90025,-45.965046],[167.899877,-45.964898],[167.89918,-45.964806],[167.898861,-45.964585],[167.898212,-45.96436],[167.897727,-45.96403],[167.897958,-45.963922],[167.898188,-45.96341],[167.898254,-45.961604],[167.897793,-45.96089],[167.897168,-45.95934],[167.897267,-45.959044],[167.897267,-45.958182],[167.897135,-45.957643],[167.897135,-45.956726],[167.897365,-45.95581],[167.897596,-45.955487],[167.897629,-45.955217],[167.8973,-45.955002],[167.889273,-45.953246],[167.889351,-45.943572],[167.889351,-45.943572],[167.884464,-45.944039],[167.883953,-45.944177],[167.880985,-45.946755],[167.880634,-45.946921],[167.875417,-45.948048],[167.874013,-45.948223],[167.8719,-45.948289],[167.871068,-45.948242],[167.864519,-45.947301],[167.861565,-45.947041],[167.861565,-45.947041],[167.86206,-45.946828],[167.862487,-45.946478],[167.86276,-45.94595],[167.862626,-45.945222],[167.861943,-45.944021],[167.862514,-45.941494],[167.862514,-45.941494],[167.860376,-45.941112],[167.859964,-45.940907],[167.859964,-45.940907],[167.859775,-45.940639],[167.860198,-45.940561],[167.861194,-45.940005],[167.861539,-45.939723],[167.861612,-45.939483],[167.861967,-45.939209],[167.861812,-45.939078],[167.861803,-45.938953],[167.861364,-45.938763],[167.861055,-45.938278],[167.860831,-45.938208],[167.861205,-45.937461],[167.860708,-45.936359],[167.86013,-45.935793],[167.859476,-45.935325],[167.859483,-45.933533],[167.858821,-45.933191],[167.858391,-45.933282],[167.8582,-45.933211],[167.857386,-45.933173],[167.856048,-45.933727],[167.855666,-45.933759],[167.855376,-45.933581],[167.854957,-45.933063],[167.854279,-45.93244],[167.854105,-45.931184],[167.85392,-45.930786],[167.853962,-45.93056],[167.853819,-45.930106],[167.852969,-45.929831],[167.85171,-45.928735],[167.851354,-45.928609],[167.851089,-45.928412],[167.851161,-45.928142],[167.850887,-45.927959],[167.850899,-45.927544],[167.850594,-45.92734],[167.850358,-45.927007],[167.849175,-45.926396],[167.848689,-45.925843],[167.848969,-45.92533],[167.848092,-45.925427],[167.846147,-45.925447],[167.845456,-45.925379],[167.844769,-45.925061],[167.842708,-45.924558],[167.841239,-45.924479],[167.840841,-45.924552],[167.840474,-45.924731],[167.838189,-45.925194],[167.835784,-45.924625],[167.834412,-45.924877],[167.834011,-45.924888],[167.833762,-45.924772],[167.830123,-45.921315],[167.829571,-45.921537],[167.828029,-45.921694],[167.82717,-45.921554],[167.826719,-45.921268],[167.826208,-45.921132],[167.823625,-45.921083],[167.822904,-45.921236],[167.82203,-45.921092],[167.81915,-45.921288],[167.81814,-45.92112],[167.817709,-45.920747],[167.817387,-45.920276],[167.816473,-45.91823],[167.816309,-45.916165],[167.816131,-45.915231],[167.816026,-45.915076],[167.815387,-45.914855],[167.813493,-45.912082],[167.813415,-45.911739],[167.813569,-45.910674],[167.814071,-45.909339],[167.81102,-45.908757],[167.809782,-45.905696],[167.809548,-45.905485],[167.809541,-45.90531],[167.809231,-45.905282],[167.808567,-45.904857],[167.808163,-45.903969],[167.808119,-45.903068],[167.805586,-45.902535],[167.800852,-45.899274],[167.801188,-45.89806],[167.800846,-45.898057],[167.800215,-45.8978],[167.799806,-45.897388],[167.798984,-45.897013],[167.79665,-45.895692],[167.795188,-45.894704],[167.794482,-45.894492],[167.794366,-45.894146],[167.793904,-45.893728],[167.793925,-45.893661],[167.793326,-45.893417],[167.792805,-45.893031],[167.792175,-45.892987],[167.791494,-45.892658],[167.785226,-45.888225],[167.785295,-45.887855],[167.784549,-45.887787],[167.776938,-45.882403],[167.776907,-45.882233],[167.776585,-45.88219],[167.772536,-45.879314],[167.772381,-45.875726],[167.767762,-45.873292],[167.768822,-45.872983],[167.769793,-45.87206],[167.770168,-45.870698],[167.770035,-45.869459],[167.771253,-45.867491],[167.772264,-45.867371],[167.773668,-45.866946],[167.774034,-45.867104],[167.774431,-45.867046],[167.775006,-45.866725],[167.775489,-45.866668],[167.77557,-45.866555],[167.776155,-45.866452],[167.776321,-45.86625],[167.776845,-45.866078],[167.777291,-45.866204],[167.77857,-45.865868],[167.778788,-45.86553],[167.781067,-45.863998],[167.783057,-45.863017],[167.786587,-45.86052],[167.787601,-45.859982],[167.788032,-45.858927],[167.788096,-45.858468],[167.78803,-45.858112],[167.789175,-45.857976],[167.789399,-45.85818],[167.789476,-45.858329],[167.789196,-45.859204],[167.789359,-45.85969],[167.789345,-45.859975],[167.789725,-45.85897],[167.790755,-45.858297],[167.790925,-45.858112],[167.791172,-45.8571],[167.79126,-45.856984],[167.791817,-45.856729],[167.791896,-45.856607],[167.791442,-45.856393],[167.791327,-45.856089],[167.792162,-45.855258],[167.793016,-45.854036],[167.793546,-45.853746],[167.793893,-45.853241],[167.792725,-45.85201],[167.792559,-45.851632],[167.791905,-45.851456],[167.791896,-45.850554],[167.791345,-45.849884],[167.790796,-45.848926],[167.790441,-45.846398],[167.79052,-45.845974],[167.79114,-45.845843],[167.791366,-45.845678],[167.79296,-45.845234],[167.795648,-45.844595],[167.795968,-45.844128],[167.796204,-45.842924],[167.796485,-45.842446],[167.796828,-45.842185],[167.797056,-45.841718],[167.797097,-45.841138],[167.797509,-45.839974],[167.797684,-45.839703],[167.797982,-45.839556],[167.799245,-45.839371],[167.800103,-45.839568],[167.802031,-45.839579],[167.802486,-45.83975],[167.802849,-45.840013],[167.803228,-45.8401],[167.803443,-45.840338],[167.805027,-45.84104],[167.80651,-45.841962],[167.806561,-45.842116],[167.806346,-45.84269],[167.806425,-45.84334],[167.806909,-45.844026],[167.807152,-45.844552],[167.806983,-45.844893],[167.807015,-45.845123],[167.807095,-45.845266],[167.807593,-45.845503],[167.807702,-45.845665],[167.807441,-45.846311],[167.807505,-45.846582],[167.808053,-45.846973],[167.808565,-45.847678],[167.808585,-45.848304],[167.808986,-45.848788],[167.809057,-45.849172],[167.809266,-45.84936],[167.809454,-45.849396],[167.809906,-45.850069],[167.809967,-45.85051],[167.810487,-45.851238],[167.810628,-45.851586],[167.810703,-45.851874],[167.81052,-45.852344],[167.810579,-45.85252],[167.81081,-45.852729],[167.810841,-45.853031],[167.810948,-45.853139],[167.811319,-45.853165],[167.812089,-45.853382],[167.813649,-45.853562],[167.813985,-45.853691],[167.814627,-45.854115],[167.815143,-45.854638],[167.815386,-45.854999],[167.815504,-45.855404],[167.815596,-45.856064],[167.815475,-45.856466],[167.815474,-45.85716],[167.815578,-45.857461],[167.815739,-45.857509],[167.816255,-45.857433],[167.817104,-45.857129],[167.817393,-45.857232],[167.817498,-45.85741],[167.817901,-45.857685],[167.818427,-45.857598],[167.818641,-45.857647],[167.819364,-45.858234],[167.819755,-45.858665],[167.822646,-45.856719],[167.823086,-45.856572],[167.823117,-45.856434],[167.824263,-45.855071],[167.827158,-45.853763],[167.827673,-45.853612],[167.828846,-45.853456],[167.829282,-45.853559],[167.830573,-45.853551],[167.834628,-45.852901],[167.836211,-45.852126],[167.836581,-45.851807],[167.837614,-45.851512],[167.838121,-45.85106],[167.838817,-45.849964],[167.839389,-45.849446],[167.83965,-45.84934],[167.840465,-45.849301],[167.841835,-45.848949],[167.843199,-45.849018],[167.843764,-45.848966],[167.844178,-45.848425],[167.844535,-45.847549],[167.844378,-45.847362],[167.844088,-45.84745],[167.843852,-45.847434],[167.843706,-45.847301],[167.843329,-45.847229],[167.843014,-45.847296],[167.842736,-45.847213],[167.842669,-45.847048],[167.842265,-45.846736],[167.841729,-45.846489],[167.841768,-45.846161],[167.841953,-45.845884],[167.842473,-45.84594],[167.843011,-45.845869],[167.843669,-45.845522],[167.844005,-45.845054],[167.844488,-45.844991],[167.844555,-45.844787],[167.845391,-45.844659],[167.846168,-45.844283],[167.846277,-45.844149],[167.847737,-45.843612],[167.848492,-45.843416],[167.848892,-45.843183],[167.849385,-45.843092],[167.850052,-45.842843],[167.851489,-45.842197],[167.853786,-45.841775],[167.854551,-45.8417],[167.854843,-45.841581],[167.856292,-45.840623],[167.857602,-45.839287],[167.857756,-45.838982],[167.858016,-45.838793],[167.858619,-45.838573],[167.860322,-45.838239],[167.860994,-45.837742],[167.861237,-45.837291],[167.861314,-45.836385],[167.86064,-45.834386],[167.86043,-45.834154],[167.860133,-45.834065],[167.859104,-45.833305],[167.858614,-45.832763],[167.858308,-45.832164],[167.858247,-45.831726],[167.858458,-45.831176],[167.858799,-45.831007],[167.859108,-45.8307],[167.8599,-45.83055],[167.86009,-45.830285],[167.860537,-45.830201],[167.860991,-45.829942],[167.861793,-45.82999],[167.862003,-45.830384],[167.862376,-45.83041],[167.862736,-45.83033],[167.86335,-45.828765],[167.863702,-45.828355],[167.863957,-45.828207],[167.864208,-45.828199],[167.864342,-45.828114],[167.864389,-45.827818],[167.864912,-45.827409],[167.864936,-45.826906],[167.865323,-45.826526],[167.865393,-45.82627],[167.86643,-45.82512],[167.866897,-45.82491],[167.866975,-45.82438],[167.867212,-45.823825],[167.868103,-45.823787],[167.868482,-45.823864],[167.868797,-45.823811],[167.869605,-45.823868],[167.870522,-45.823722],[167.87125,-45.823359],[167.871726,-45.823277],[167.871881,-45.823122],[167.873253,-45.822711],[167.873315,-45.822538],[167.873,-45.822144],[167.872796,-45.822037],[167.872192,-45.821921],[167.872093,-45.821812],[167.872172,-45.821285],[167.872294,-45.821082],[167.872785,-45.820877],[167.873137,-45.820801],[167.873555,-45.820857],[167.874259,-45.820552],[167.874492,-45.820545],[167.875491,-45.820835],[167.87684,-45.820589],[167.877425,-45.82063],[167.87826,-45.820452],[167.878746,-45.820292],[167.879159,-45.820015],[167.879356,-45.819738],[167.879615,-45.819562],[167.879513,-45.819259],[167.879634,-45.819184],[167.880547,-45.818933],[167.881834,-45.818924],[167.882268,-45.818656],[167.882806,-45.81816],[167.883286,-45.817985],[167.883489,-45.818068],[167.883456,-45.818804],[167.883664,-45.818866],[167.884466,-45.818841],[167.884838,-45.81869],[167.885114,-45.818742],[167.8863,-45.818353],[167.886632,-45.818452],[167.886438,-45.818237],[167.88645,-45.81799],[167.886665,-45.817725],[167.886705,-45.817507],[167.886475,-45.817252],[167.886368,-45.816934],[167.886592,-45.815712],[167.885499,-45.814471],[167.885137,-45.813885],[167.884859,-45.813584],[167.884318,-45.813207],[167.884386,-45.812816],[167.884708,-45.812748],[167.884723,-45.812575],[167.884285,-45.812129],[167.884158,-45.811831],[167.884234,-45.811517],[167.883891,-45.811143],[167.883796,-45.810857],[167.883308,-45.810482],[167.883042,-45.810405],[167.882102,-45.809513],[167.881738,-45.808813],[167.881808,-45.80857],[167.881722,-45.807997],[167.881982,-45.806926],[167.881827,-45.80646],[167.881914,-45.806323],[167.881834,-45.805819],[167.881492,-45.804623],[167.881558,-45.804272],[167.881872,-45.803788],[167.881872,-45.803788],[167.882459,-45.803507],[167.884138,-45.802999],[167.884488,-45.802581],[167.885355,-45.8023],[167.885742,-45.801995],[167.886109,-45.801828],[167.886403,-45.801495],[167.886867,-45.801189],[167.887215,-45.801075],[167.887736,-45.800704],[167.888415,-45.800417],[167.889451,-45.800287],[167.889649,-45.800015],[167.889842,-45.79999],[167.890435,-45.800065],[167.890699,-45.799999],[167.890901,-45.800066],[167.891386,-45.800012],[167.89157,-45.800097],[167.892264,-45.800171],[167.893175,-45.800101],[167.894025,-45.799657],[167.894391,-45.799183],[167.894951,-45.798834],[167.89548,-45.798673],[167.895644,-45.798372],[167.895541,-45.797941],[167.895031,-45.797758],[167.894645,-45.797706],[167.894286,-45.797342],[167.893744,-45.796428],[167.892818,-45.795899],[167.891893,-45.7952],[167.890999,-45.794666],[167.890205,-45.79386],[167.890065,-45.793512],[167.890011,-45.792731],[167.890092,-45.792455],[167.889786,-45.791069],[167.890069,-45.790306],[167.89008,-45.789898],[167.890203,-45.789728],[167.89018,-45.789115],[167.890831,-45.787765],[167.891666,-45.787454],[167.892048,-45.787226],[167.892428,-45.787211],[167.892707,-45.786902],[167.893119,-45.786728],[167.893355,-45.786779],[167.893468,-45.786723],[167.894172,-45.785829],[167.894174,-45.785575],[167.894396,-45.785141],[167.894298,-45.784516],[167.894447,-45.784051],[167.894601,-45.783955],[167.895494,-45.783734],[167.895802,-45.783538],[167.896334,-45.783459],[167.896399,-45.783338],[167.896989,-45.783143],[167.897113,-45.782889],[167.897545,-45.782527],[167.897737,-45.782551],[167.89814,-45.78288],[167.899145,-45.783283],[167.900156,-45.783096],[167.900582,-45.783194],[167.900913,-45.783063],[167.901271,-45.783272],[167.902075,-45.783336],[167.902297,-45.783574],[167.902565,-45.783629],[167.902723,-45.783544],[167.903287,-45.783639],[167.904394,-45.78363],[167.905342,-45.78342],[167.9059,-45.783178],[167.905929,-45.783088],[167.906217,-45.78294],[167.906679,-45.782784],[167.906863,-45.7825],[167.907453,-45.781978],[167.908926,-45.781438],[167.909098,-45.781233],[167.909462,-45.781203],[167.90994,-45.780876],[167.910411,-45.780933],[167.910835,-45.780763],[167.911185,-45.780469],[167.911195,-45.780366],[167.911462,-45.780328],[167.911537,-45.780186],[167.912283,-45.779726],[167.912993,-45.779521],[167.91363,-45.779453],[167.913809,-45.779516],[167.913944,-45.779456],[167.915073,-45.779527],[167.915846,-45.779237],[167.916108,-45.779258],[167.917834,-45.778975],[167.918267,-45.779255],[167.918633,-45.779826],[167.919122,-45.779974],[167.919272,-45.780284],[167.919621,-45.780457],[167.919979,-45.780774],[167.920537,-45.780919],[167.921144,-45.781212],[167.921471,-45.781189],[167.922111,-45.781385],[167.922995,-45.781256],[167.923897,-45.781518],[167.924412,-45.781949],[167.924559,-45.782282],[167.925094,-45.78273],[167.925941,-45.782907],[167.927083,-45.78275],[167.927376,-45.782842],[167.927569,-45.782811],[167.92795,-45.783018],[167.928469,-45.782962],[167.92907,-45.782563],[167.929131,-45.782408],[167.929818,-45.782105],[167.930631,-45.781932],[167.931375,-45.782022],[167.93169,-45.781909],[167.932171,-45.781515],[167.933531,-45.781334],[167.933891,-45.781414],[167.93448,-45.781248],[167.934656,-45.780951],[167.935289,-45.78055],[167.935929,-45.780442],[167.936619,-45.780194],[167.937386,-45.780251],[167.937724,-45.780349],[167.938335,-45.780346],[167.938683,-45.780515],[167.939243,-45.780372],[167.93946,-45.780418],[167.939738,-45.780344],[167.940069,-45.779989],[167.940059,-45.779574],[167.940298,-45.779371],[167.940808,-45.779283],[167.940808,-45.779283],[167.941098,-45.779314],[167.941758,-45.778933],[167.941731,-45.778747],[167.941861,-45.778567],[167.941757,-45.778511],[167.941985,-45.778146],[167.941847,-45.777433],[167.941963,-45.777066],[167.941926,-45.776237],[167.942025,-45.775698],[167.941686,-45.775151],[167.941406,-45.774876],[167.941482,-45.774738],[167.941286,-45.774553],[167.941196,-45.773804],[167.941017,-45.773463],[167.940802,-45.77337],[167.94042,-45.772906],[167.94005,-45.772623],[167.93951,-45.772533],[167.939329,-45.772413],[167.938984,-45.772401],[167.938581,-45.772121],[167.938636,-45.77192],[167.938493,-45.771559],[167.938804,-45.770903],[167.938752,-45.769924],[167.938437,-45.769622],[167.93837,-45.769358],[167.937936,-45.768695],[167.937707,-45.767862],[167.937818,-45.767412],[167.938124,-45.766895],[167.938093,-45.766391],[167.937402,-45.765498],[167.937287,-45.765154],[167.936766,-45.76433],[167.936337,-45.763981],[167.936372,-45.762754],[167.936182,-45.762617],[167.936092,-45.762374],[167.935671,-45.761917],[167.935763,-45.761505],[167.935417,-45.761199],[167.935437,-45.761006],[167.935634,-45.760367],[167.935846,-45.760036],[167.935817,-45.759729],[167.936062,-45.759486],[167.93601,-45.7593],[167.936618,-45.758979],[167.936755,-45.758704],[167.937063,-45.758513],[167.937072,-45.758072],[167.936863,-45.757775],[167.936833,-45.75757],[167.937068,-45.757449],[167.937059,-45.75701],[167.93744,-45.756564],[167.937572,-45.755935],[167.938053,-45.755532],[167.938609,-45.75556],[167.939196,-45.755145],[167.939507,-45.755093],[167.939689,-45.754444],[167.939259,-45.753981],[167.939351,-45.753797],[167.939659,-45.753742],[167.939701,-45.753571],[167.940002,-45.753372],[167.940274,-45.753416],[167.940954,-45.753067],[167.941318,-45.752272],[167.941911,-45.751993],[167.942336,-45.751895],[167.942519,-45.751525],[167.94319,-45.751464],[167.943672,-45.751299],[167.943902,-45.751133],[167.944229,-45.749959],[167.94439,-45.749763],[167.944363,-45.749616],[167.94455,-45.74951],[167.944737,-45.749215],[167.944982,-45.749076],[167.944975,-45.748791],[167.945167,-45.748555],[167.945117,-45.748461],[167.945485,-45.748188],[167.945449,-45.747865],[167.945057,-45.747716],[167.944824,-45.747483],[167.944738,-45.746983],[167.944407,-45.746164],[167.944201,-45.746028],[167.94388,-45.746022],[167.943784,-45.745685],[167.943529,-45.745521],[167.943737,-45.744856],[167.944552,-45.744414],[167.944712,-45.744406],[167.944813,-45.744581],[167.945257,-45.744761],[167.946103,-45.7447],[167.946346,-45.744469],[167.946555,-45.743925],[167.946655,-45.743844],[167.946912,-45.743872],[167.947086,-45.74354],[167.947787,-45.743257],[167.948089,-45.742962],[167.948345,-45.742534],[167.948586,-45.742362],[167.948496,-45.741478],[167.948662,-45.74141],[167.948834,-45.741143],[167.949107,-45.740504],[167.949103,-45.740309],[167.94927,-45.740247],[167.949483,-45.739936],[167.949444,-45.739591],[167.950014,-45.738338],[167.949938,-45.738023],[167.949704,-45.737704],[167.949445,-45.736687],[167.949256,-45.736429],[167.949441,-45.73615],[167.949115,-45.735072],[167.949185,-45.734572],[167.94893,-45.734153],[167.949174,-45.733785],[167.949073,-45.733578],[167.949077,-45.732363],[167.94944,-45.731926],[167.949383,-45.731748],[167.949547,-45.731135],[167.949487,-45.731013],[167.949644,-45.7309],[167.949713,-45.730669],[167.950156,-45.730104],[167.94999,-45.729966],[167.950098,-45.729832],[167.949891,-45.729707],[167.949766,-45.729364],[167.949986,-45.729153],[167.95019,-45.728549],[167.95031,-45.728471],[167.950375,-45.72813],[167.95028,-45.728058],[167.950176,-45.727627],[167.950499,-45.727215],[167.950431,-45.727065],[167.950537,-45.726489],[167.950901,-45.726332],[167.951888,-45.725529],[167.952127,-45.725461],[167.9525,-45.725197],[167.953248,-45.72418],[167.953215,-45.724012],[167.953434,-45.723897],[167.954001,-45.723274],[167.954775,-45.722908],[167.954882,-45.722623],[167.955565,-45.722308],[167.955738,-45.722123],[167.955872,-45.721732],[167.956241,-45.72171],[167.956335,-45.721441],[167.956552,-45.721212],[167.957194,-45.72107],[167.957675,-45.720644],[167.958613,-45.720432],[167.958809,-45.719919],[167.958801,-45.719564],[167.959323,-45.718771],[167.960281,-45.718169],[167.96034,-45.717989],[167.960666,-45.717848],[167.960751,-45.717606],[167.961002,-45.717548],[167.961016,-45.717338],[167.961241,-45.717272],[167.961657,-45.716785],[167.961548,-45.716532],[167.961743,-45.716503],[167.962393,-45.716152],[167.962168,-45.716064],[167.961957,-45.71585],[167.962054,-45.715397],[167.961952,-45.714979],[167.96207,-45.71468],[167.962578,-45.714223],[167.963519,-45.714092],[167.964208,-45.71412],[167.964605,-45.714233],[167.965061,-45.714591],[167.96548,-45.714572],[167.965945,-45.714662],[167.966313,-45.7145],[167.966809,-45.714451],[167.967779,-45.714531],[167.968421,-45.714251],[167.969323,-45.713555],[167.969703,-45.713401],[167.970017,-45.713105],[167.970495,-45.712917],[167.970512,-45.712715],[167.970668,-45.712602],[167.970697,-45.712304],[167.970924,-45.712077],[167.970768,-45.711472],[167.97109,-45.71131],[167.971247,-45.711002],[167.971754,-45.710767],[167.97235,-45.70997],[167.972791,-45.709837],[167.972983,-45.709594],[167.973219,-45.70948],[167.973384,-45.709078],[167.97336,-45.708578],[167.973867,-45.708333],[167.974284,-45.708243],[167.974665,-45.707959],[167.974443,-45.707663],[167.974621,-45.70749],[167.974937,-45.707406],[167.975206,-45.707157],[167.97526,-45.706593],[167.97551,-45.706203],[167.975956,-45.705889],[167.976177,-45.70555],[167.976201,-45.705346],[167.976875,-45.704987],[167.977797,-45.705164],[167.9782,-45.70497],[167.978721,-45.704888],[167.978895,-45.705017],[167.97924,-45.704946],[167.980112,-45.704993],[167.981146,-45.704848],[167.982632,-45.704866],[167.982998,-45.704899],[167.984001,-45.705175],[167.985565,-45.705164],[167.986497,-45.705668],[167.987211,-45.705747],[167.987589,-45.705887],[167.988128,-45.705924],[167.988827,-45.706121],[167.989925,-45.70675],[167.990971,-45.706957],[167.991494,-45.7072],[167.992383,-45.707196],[167.993299,-45.707591],[167.994447,-45.707784],[167.995237,-45.708062],[167.995681,-45.70848],[167.995972,-45.708559],[167.996632,-45.708969],[167.997478,-45.709148],[167.998497,-45.709501],[167.999072,-45.709486],[167.999331,-45.709333],[168.000072,-45.709171],[168.001123,-45.709068],[168.001445,-45.708769],[168.001533,-45.708552],[168.002119,-45.708381],[168.00221,-45.708278],[168.002192,-45.707964],[168.001572,-45.707605],[168.001433,-45.7074],[168.000303,-45.707279],[168.000154,-45.70717],[168.000154,-45.70717],[167.99945,-45.706484],[167.998876,-45.706154],[167.998245,-45.705982],[167.99782,-45.706068],[167.997612,-45.70603],[167.997716,-45.705763],[167.997157,-45.70545],[167.996911,-45.704919],[167.996361,-45.704281],[167.996135,-45.70385],[167.995074,-45.703127],[167.994529,-45.702613],[167.993497,-45.701996],[167.987467,-45.699051],[167.985827,-45.698121],[167.984289,-45.697493],[167.983624,-45.697087],[167.982988,-45.696342],[167.982055,-45.696111],[167.981774,-45.696255],[167.980854,-45.696238],[167.980651,-45.695163],[167.980809,-45.694783],[167.98052,-45.694244],[167.980614,-45.694001],[167.980767,-45.693923],[167.980777,-45.693141],[167.980497,-45.69237],[167.979966,-45.691431],[167.979246,-45.690929],[167.979007,-45.690595],[167.978416,-45.690103],[167.978167,-45.689695],[167.977817,-45.689348],[167.976887,-45.688855],[167.976142,-45.688563],[167.975515,-45.687908],[167.975396,-45.687597],[167.975798,-45.687187],[167.975844,-45.687025],[167.975478,-45.686376],[167.975385,-45.685914],[167.975185,-45.685527],[167.974887,-45.68531],[167.974567,-45.683984],[167.974134,-45.683579],[167.973779,-45.681594],[167.973147,-45.680896],[167.972907,-45.680436],[167.972899,-45.679725],[167.973103,-45.67926],[167.973033,-45.679119],[167.973298,-45.678658],[167.973348,-45.678145],[167.973559,-45.677707],[167.973675,-45.67676],[167.973978,-45.676387],[167.97402,-45.676138],[167.974469,-45.675908],[167.974844,-45.675838],[167.974976,-45.675619],[167.975705,-45.675037],[167.975824,-45.674683],[167.97674,-45.674048],[167.977043,-45.674092],[167.97727,-45.674008],[167.977395,-45.673679],[167.977324,-45.673511],[167.977439,-45.672964],[167.977378,-45.672679],[167.977068,-45.672503],[167.976958,-45.672278],[167.976009,-45.671384],[167.975752,-45.670894],[167.975802,-45.670583],[167.975273,-45.670009],[167.975604,-45.669493],[167.976155,-45.669346],[167.976411,-45.668953],[167.976906,-45.669],[167.977086,-45.669157],[167.977984,-45.669041],[167.97854,-45.669273],[167.97983,-45.669341],[167.980026,-45.669294],[167.980444,-45.669378],[167.9806,-45.669327],[167.980928,-45.669413],[167.981389,-45.669119],[167.981702,-45.669074],[167.981796,-45.668941],[167.982595,-45.668676],[167.982731,-45.668539],[167.983009,-45.667673],[167.983539,-45.666687],[167.983819,-45.665408],[167.98271,-45.663706],[167.982343,-45.663347],[167.982295,-45.662994],[167.982373,-45.662816],[167.982234,-45.661884],[167.98159,-45.660799],[167.981024,-45.658854],[167.98101,-45.658633],[167.981202,-45.658239],[167.981199,-45.657749],[167.981014,-45.657452],[167.980561,-45.657049],[167.979787,-45.656497],[167.979696,-45.656215],[167.979288,-45.65584],[167.978523,-45.655384],[167.978114,-45.655281],[167.97609,-45.654246],[167.975604,-45.653466],[167.975472,-45.653049],[167.975098,-45.652594],[167.97505,-45.6523],[167.974752,-45.651931],[167.974799,-45.651195],[167.974697,-45.65062],[167.974853,-45.650145],[167.9748,-45.649807],[167.97425,-45.649413],[167.973965,-45.648299],[167.973516,-45.64782],[167.973209,-45.647299],[167.972858,-45.646889],[167.972024,-45.646219],[167.972136,-45.645944],[167.972139,-45.645119],[167.972283,-45.644887],[167.972339,-45.644326],[167.972588,-45.643961],[167.973569,-45.643038],[167.973618,-45.642885],[167.973108,-45.642388],[167.973158,-45.641794],[167.972597,-45.641239],[167.972522,-45.640833],[167.971984,-45.640474],[167.971954,-45.639913],[167.972119,-45.639568],[167.972879,-45.639251],[167.973043,-45.639111],[167.973227,-45.638796],[167.973255,-45.638463],[167.973894,-45.637377],[167.974155,-45.636604],[167.974614,-45.636059],[167.974815,-45.63556],[167.97522,-45.635185],[167.975343,-45.634318],[167.975437,-45.634198],[167.975369,-45.633868],[167.975469,-45.633504],[167.975387,-45.633082],[167.97521,-45.63291],[167.975142,-45.632638],[167.975388,-45.632239],[167.975329,-45.63191],[167.975634,-45.631617],[167.976058,-45.631498],[167.976203,-45.631386],[167.976393,-45.630868],[167.976114,-45.630195],[167.975811,-45.629982],[167.975897,-45.62904],[167.975897,-45.62904],[167.975652,-45.628849],[167.975104,-45.628679],[167.974786,-45.628366],[167.974214,-45.628092],[167.974139,-45.627896],[167.973156,-45.627002],[167.972903,-45.626256],[167.972595,-45.626002],[167.972306,-45.625579],[167.972388,-45.625292],[167.972249,-45.625131],[167.972343,-45.624949],[167.972225,-45.624733],[167.97197,-45.624532],[167.97176,-45.624568],[167.971333,-45.624458],[167.970617,-45.62383],[167.970484,-45.623589],[167.970096,-45.623322],[167.969814,-45.622497],[167.969884,-45.621746],[167.969307,-45.620999],[167.969359,-45.620356],[167.969188,-45.620194],[167.96919,-45.620059],[167.968739,-45.619476],[167.968217,-45.619188],[167.968187,-45.618591],[167.967652,-45.618269],[167.967537,-45.618118],[167.967176,-45.618038],[167.966818,-45.617565],[167.966488,-45.617342],[167.966571,-45.617101],[167.966434,-45.616888],[167.966677,-45.616731],[167.966629,-45.616255],[167.96676,-45.616076],[167.966479,-45.615637],[167.966069,-45.615635],[167.965233,-45.614959],[167.964647,-45.61488],[167.964643,-45.614785],[167.964368,-45.614745],[167.964157,-45.614551],[167.963551,-45.614411],[167.96309,-45.614167],[167.962416,-45.614058],[167.96234,-45.613962],[167.962194,-45.614013],[167.962001,-45.613907],[167.961648,-45.614015],[167.961316,-45.613885],[167.960798,-45.613923],[167.960747,-45.613748],[167.960537,-45.613699],[167.96008,-45.613303],[167.960107,-45.613049],[167.960025,-45.612949],[167.960174,-45.612685],[167.960434,-45.612553],[167.960233,-45.612373],[167.959966,-45.612285],[167.959879,-45.61206],[167.96032,-45.611786],[167.960926,-45.611181],[167.960675,-45.610911],[167.960434,-45.610806],[167.960324,-45.610472],[167.960086,-45.610216],[167.959037,-45.609739],[167.959138,-45.609383],[167.958615,-45.608978],[167.958408,-45.608962],[167.958351,-45.608782],[167.957832,-45.608726],[167.957434,-45.60822],[167.957486,-45.608073],[167.957361,-45.60744],[167.957585,-45.607229],[167.957783,-45.607194],[167.957379,-45.606849],[167.957358,-45.606468],[167.957002,-45.606179],[167.956851,-45.605788],[167.956891,-45.605667],[167.956785,-45.605672],[167.956691,-45.605561],[167.956787,-45.605208],[167.956562,-45.604546],[167.956913,-45.603998],[167.956869,-45.603062],[167.957096,-45.602949],[167.956507,-45.602523],[167.955882,-45.601614],[167.955514,-45.601531],[167.955346,-45.601311],[167.955272,-45.600891],[167.955517,-45.600572],[167.955015,-45.600081],[167.955184,-45.599749],[167.955003,-45.599588],[167.955077,-45.599461],[167.954943,-45.598771],[167.955165,-45.59825],[167.955107,-45.598023],[167.955216,-45.597558],[167.954988,-45.597217],[167.955054,-45.59692],[167.954693,-45.596757],[167.953993,-45.596103],[167.954013,-45.59567],[167.953866,-45.595367],[167.953237,-45.594982],[167.953011,-45.594575],[167.95251,-45.594169],[167.952386,-45.593921],[167.95196,-45.593806],[167.951889,-45.593563],[167.951621,-45.593474],[167.951581,-45.593283],[167.950986,-45.592956],[167.95091,-45.592597],[167.950816,-45.592589],[167.950816,-45.592589],[167.950968,-45.591893],[167.950156,-45.590894],[167.949652,-45.587999],[167.947569,-45.586223],[167.947042,-45.584356],[167.946573,-45.583935],[167.946158,-45.58067],[167.944883,-45.577176],[167.944931,-45.575778],[167.945347,-45.572956],[167.947569,-45.569509],[167.94865,-45.568813],[167.949142,-45.567901],[167.948384,-45.566087],[167.946724,-45.565916],[167.946268,-45.565666],[167.945246,-45.563768],[167.943757,-45.562718],[167.943435,-45.560955],[167.940964,-45.55787],[167.93815,-45.555394],[167.93564,-45.547548],[167.935174,-45.545472],[167.935174,-45.545472],[167.935053,-45.545359],[167.935951,-45.545257],[167.942312,-45.543044],[167.946687,-45.542247],[167.957603,-45.539326],[167.961517,-45.538639],[167.964949,-45.538809],[167.959999,-45.528058],[167.959947,-45.52732],[167.967246,-45.521826],[167.970057,-45.517137],[167.971411,-45.515191],[167.974632,-45.510968],[167.975286,-45.510507],[167.97925,-45.509044],[167.982987,-45.506748],[167.984741,-45.505779],[167.98743,-45.504959],[167.988773,-45.504816],[167.990218,-45.504892],[167.993224,-45.504676],[167.994465,-45.504284],[167.998573,-45.502501],[168.000843,-45.500983],[168.002116,-45.500268],[168.004366,-45.499329],[168.005624,-45.498883],[168.014605,-45.496371],[168.016644,-45.495674],[168.026742,-45.490345],[168.030245,-45.48902],[168.034145,-45.487432],[168.037244,-45.486041],[168.040161,-45.484227],[168.041987,-45.483325],[168.043653,-45.482805],[168.045815,-45.481742],[168.047582,-45.480345],[168.048315,-45.480005],[168.049325,-45.479029],[168.050146,-45.478563],[168.052219,-45.47572],[168.053874,-45.471736],[168.054277,-45.470182],[168.054247,-45.469649],[168.0551,-45.468843],[168.055456,-45.468585],[168.055857,-45.468567],[168.056019,-45.468333],[168.056731,-45.467846],[168.056693,-45.467631],[168.057635,-45.466814],[168.05787,-45.466869],[168.058283,-45.466562],[168.0587,-45.466444],[168.059327,-45.465941],[168.060973,-45.464921],[168.061248,-45.464665],[168.061857,-45.463621],[168.063243,-45.460747],[168.063677,-45.458433],[168.06339,-45.457574],[168.063739,-45.457116],[168.063752,-45.456698],[168.064364,-45.456316],[168.064739,-45.455679],[168.064587,-45.453284],[168.06469,-45.452974],[168.064313,-45.452074],[168.063719,-45.451724],[168.063523,-45.451503],[168.063409,-45.45152],[168.062936,-45.451236],[168.062568,-45.450865],[168.062078,-45.450632],[168.061428,-45.44973],[168.061332,-45.448817],[168.061573,-45.448431],[168.061628,-45.44788],[168.061995,-45.447589],[168.062192,-45.44728],[168.062411,-45.447179],[168.062237,-45.447056],[168.062002,-45.446399],[168.061749,-45.446032],[168.061607,-45.445596],[168.061286,-45.445268],[168.061229,-45.444997],[168.061085,-45.443648],[168.061607,-45.442737],[168.061494,-45.442216],[168.062091,-45.441914],[168.06256,-45.440759],[168.063601,-45.439746],[168.063999,-45.439559],[168.064237,-45.439318],[168.064541,-45.437895],[168.064972,-45.437532],[168.065485,-45.43669],[168.066279,-45.435946],[168.066383,-45.435395],[168.066579,-45.435135],[168.066841,-45.434462],[168.066852,-45.43405],[168.067138,-45.433961],[168.067336,-45.433637],[168.067791,-45.433267],[168.067961,-45.432993],[168.068572,-45.432723],[168.070021,-45.432359],[168.070172,-45.432209],[168.070384,-45.432168],[168.07073,-45.431957],[168.070748,-45.431875],[168.071289,-45.431653],[168.072082,-45.430928],[168.072265,-45.43045],[168.073284,-45.428912],[168.073359,-45.42828],[168.07367,-45.427886],[168.073973,-45.427241],[168.074549,-45.426567],[168.074657,-45.426249],[168.074609,-45.425891],[168.074735,-45.425613],[168.074651,-45.425524],[168.074878,-45.425279],[168.075057,-45.424523],[168.075275,-45.424342],[168.074985,-45.424188],[168.075009,-45.423387],[168.074912,-45.422954],[168.074598,-45.422922],[168.07458,-45.42283],[168.074856,-45.422482],[168.07507,-45.42245],[168.075579,-45.421625],[168.075767,-45.421523],[168.075541,-45.4209],[168.075578,-45.420669],[168.075418,-45.420558],[168.075693,-45.419304],[168.075372,-45.419053],[168.07498,-45.418414],[168.074802,-45.418351],[168.074508,-45.418396],[168.074177,-45.418184],[168.073911,-45.41783],[168.073676,-45.41727],[168.073961,-45.416967],[168.074251,-45.416002],[168.074754,-45.415959],[168.074791,-45.414985],[168.075372,-45.414299],[168.075726,-45.414095],[168.075332,-45.414141],[168.075454,-45.413631],[168.075347,-45.412689],[168.075225,-45.412519],[168.075239,-45.411397],[168.075111,-45.411222],[168.075082,-45.410827],[168.07537,-45.410286],[168.075324,-45.409728],[168.075412,-45.409534],[168.075004,-45.409085],[168.074947,-45.409155],[168.074629,-45.40914],[168.07453,-45.408494],[168.074132,-45.408112],[168.073099,-45.407402],[168.072567,-45.407292],[168.071325,-45.406378],[168.070986,-45.406028],[168.070819,-45.40559],[168.071042,-45.405322],[168.071168,-45.404812],[168.071048,-45.403651],[168.071188,-45.403301],[168.071742,-45.402443],[168.071909,-45.402008],[168.072365,-45.401573],[168.072807,-45.401449],[168.072937,-45.400964],[168.072731,-45.400933],[168.072724,-45.400717],[168.072877,-45.400528],[168.072769,-45.400269],[168.073113,-45.399003],[168.073672,-45.398469],[168.074189,-45.39813],[168.074858,-45.397902],[168.075211,-45.397627],[168.075993,-45.397407],[168.076313,-45.397234],[168.076691,-45.396777],[168.077485,-45.396223],[168.077955,-45.395584],[168.077805,-45.394378],[168.077372,-45.39365],[168.077361,-45.393263],[168.077075,-45.392956],[168.076921,-45.392599],[168.076508,-45.392234],[168.07593,-45.390961],[168.07524,-45.389901],[168.075194,-45.389567],[168.074972,-45.389216],[168.074976,-45.388989],[168.074803,-45.388797],[168.074943,-45.388571],[168.074912,-45.388384],[168.076389,-45.387605],[168.076689,-45.387238],[168.07723,-45.385145],[168.078077,-45.384444],[168.078501,-45.384259],[168.079878,-45.38392],[168.080134,-45.383767],[168.080989,-45.382877],[168.08187,-45.381445],[168.083646,-45.380468],[168.0842,-45.379723],[168.084314,-45.3793],[168.084068,-45.378812],[168.084021,-45.378401],[168.084636,-45.377862],[168.085831,-45.377609],[168.086148,-45.377468],[168.086805,-45.376862],[168.086883,-45.376168],[168.086821,-45.374614],[168.086365,-45.373517],[168.086702,-45.372947],[168.086443,-45.371391],[168.0866,-45.370784],[168.086719,-45.370528],[168.088172,-45.369791],[168.089567,-45.368634],[168.089691,-45.368192],[168.089571,-45.368155],[168.089457,-45.368209],[168.089437,-45.367896],[168.089707,-45.367785],[168.089745,-45.367566],[168.090299,-45.367086],[168.090753,-45.366261],[168.091584,-45.365926],[168.092062,-45.365919],[168.092951,-45.365764],[168.093439,-45.365772],[168.093975,-45.365662],[168.094773,-45.365775],[168.095426,-45.364672],[168.095501,-45.362841],[168.09617,-45.36287],[168.097595,-45.362399],[168.098625,-45.362621],[168.099748,-45.362255],[168.100799,-45.361265],[168.101972,-45.361286],[168.10357,-45.360763],[168.104792,-45.360697],[168.105573,-45.360405],[168.106992,-45.359519],[168.108555,-45.358906],[168.109193,-45.358815],[168.11131,-45.357131],[168.111687,-45.356587],[168.116331,-45.354862],[168.117022,-45.354152],[168.120337,-45.35317],[168.12195,-45.351097],[168.123259,-45.349922],[168.12387,-45.349653],[168.125193,-45.349447],[168.124697,-45.348889],[168.125686,-45.348104],[168.125686,-45.348104],[168.126013,-45.347784],[168.126111,-45.347568],[168.126658,-45.347221],[168.127023,-45.347178],[168.127399,-45.346928],[168.127614,-45.346648],[168.127982,-45.346569],[168.128359,-45.34608],[168.128811,-45.345684],[168.129149,-45.345545],[168.129354,-45.345004],[168.129595,-45.344793],[168.130543,-45.344355],[168.130888,-45.344324],[168.131113,-45.344158],[168.131436,-45.344194],[168.132484,-45.343891],[168.132822,-45.343743],[168.13349,-45.343099],[168.133272,-45.342531],[168.132354,-45.341713],[168.132109,-45.341279],[168.132612,-45.340011],[168.133517,-45.338367],[168.134179,-45.337796],[168.134515,-45.33767],[168.134974,-45.337617],[168.134978,-45.337338],[168.135618,-45.336725],[168.135957,-45.336216],[168.136325,-45.336064],[168.137352,-45.33521],[168.138899,-45.334369],[168.139846,-45.334089],[168.140715,-45.334008],[168.141773,-45.333741],[168.142063,-45.333564],[168.142426,-45.333462],[168.142751,-45.333471],[168.143065,-45.333385],[168.143386,-45.333177],[168.143819,-45.333042],[168.145576,-45.331989],[168.146768,-45.330529],[168.147389,-45.330257],[168.147814,-45.330212],[168.148101,-45.330034],[168.14914,-45.329789],[168.149712,-45.32952],[168.150193,-45.329085],[168.150224,-45.328834],[168.15197,-45.327667],[168.15256,-45.327074],[168.152916,-45.327094],[168.152971,-45.326853],[168.153286,-45.326798],[168.153793,-45.326387],[168.154132,-45.326229],[168.154494,-45.326177],[168.154998,-45.325846],[168.155617,-45.32562],[168.156108,-45.324874],[168.156924,-45.32306],[168.15731,-45.322576],[168.15774,-45.322476],[168.158484,-45.321985],[168.159555,-45.321817],[168.159814,-45.321666],[168.16005,-45.321207],[168.160411,-45.321177],[168.160779,-45.320516],[168.161148,-45.320383],[168.161843,-45.32043],[168.163091,-45.320829],[168.163823,-45.321238],[168.165147,-45.321802],[168.165833,-45.321966],[168.16669,-45.322024],[168.166934,-45.321827],[168.167313,-45.321725],[168.167653,-45.32174],[168.168291,-45.32191],[168.168617,-45.321901],[168.16895,-45.322005],[168.169702,-45.322834],[168.169808,-45.323366],[168.169986,-45.323603],[168.170628,-45.323914],[168.170951,-45.323945],[168.171614,-45.323779],[168.172647,-45.323876],[168.173107,-45.3238],[168.173479,-45.323825],[168.173842,-45.323714],[168.174312,-45.323332],[168.174564,-45.322757],[168.175166,-45.322516],[168.175582,-45.321744],[168.175262,-45.320974],[168.174936,-45.320789],[168.174928,-45.320239],[168.175063,-45.319731],[168.175627,-45.319132],[168.175991,-45.319012],[168.177335,-45.319108],[168.177616,-45.319255],[168.178266,-45.319052],[168.178313,-45.316488],[168.178546,-45.315764],[168.178016,-45.315535],[168.17735,-45.314931],[168.177202,-45.314564],[168.176661,-45.314001],[168.176297,-45.313309],[168.175769,-45.313206],[168.174634,-45.313186],[168.172112,-45.312793],[168.171612,-45.312655],[168.171284,-45.312452],[168.171032,-45.312099],[168.17003,-45.311409],[168.16941,-45.30995],[168.169301,-45.308818],[168.168984,-45.308327],[168.169006,-45.308058],[168.169418,-45.307714],[168.1694,-45.307317],[168.169703,-45.306906],[168.170301,-45.306471],[168.170136,-45.305698],[168.169898,-45.305481],[168.169735,-45.30514],[168.169618,-45.304405],[168.169281,-45.30385],[168.169517,-45.303319],[168.169178,-45.302323],[168.169273,-45.301957],[168.169019,-45.301325],[168.169062,-45.300813],[168.169183,-45.300736],[168.169165,-45.300646],[168.170013,-45.300284],[168.170278,-45.300016],[168.170427,-45.299292],[168.171109,-45.297553],[168.171682,-45.296964],[168.172186,-45.296273],[168.172299,-45.295845],[168.17091,-45.294732],[168.170655,-45.293956],[168.170376,-45.293629],[168.169521,-45.29316],[168.169331,-45.292837],[168.169034,-45.292572],[168.169024,-45.292238],[168.169156,-45.292027],[168.170454,-45.291315],[168.170801,-45.290987],[168.171085,-45.290647],[168.171452,-45.289923],[168.171613,-45.289524],[168.171512,-45.288736],[168.171842,-45.286766],[168.172157,-45.285599],[168.172664,-45.284412],[168.173562,-45.282835],[168.17295,-45.282215],[168.172823,-45.281894],[168.172117,-45.281486],[168.171641,-45.280448],[168.1716,-45.280176],[168.170003,-45.277408],[168.17147,-45.276658],[168.170796,-45.276116],[168.170869,-45.275675],[168.17153,-45.274888],[168.172262,-45.273265],[168.172984,-45.27258],[168.173443,-45.270477],[168.174122,-45.269888],[168.173959,-45.267285],[168.173959,-45.267285],[168.174175,-45.26667],[168.173798,-45.265644],[168.173933,-45.26459],[168.174356,-45.263183],[168.175063,-45.261368],[168.175659,-45.258256],[168.176779,-45.254753],[168.176704,-45.253747],[168.176136,-45.252334],[168.176185,-45.251559],[168.176456,-45.250217],[168.176977,-45.248569],[168.177255,-45.248098],[168.17795,-45.247386],[168.178305,-45.246791],[168.178739,-45.245388],[168.178459,-45.243197],[168.178367,-45.241054],[168.180467,-45.236904],[168.180396,-45.235064],[168.180614,-45.233214],[168.180296,-45.230512],[168.180503,-45.229558],[168.180995,-45.228249],[168.181036,-45.227755],[168.180295,-45.225914],[168.180379,-45.224522],[168.180207,-45.224113],[168.179616,-45.223366],[168.178495,-45.221494],[168.178343,-45.220632],[168.177861,-45.219898],[168.177743,-45.218236],[168.177579,-45.217543],[168.176524,-45.215662],[168.176355,-45.214593],[168.176139,-45.214269],[168.175233,-45.213917],[168.174901,-45.213701],[168.17476,-45.21232],[168.174383,-45.211673],[168.173714,-45.211105],[168.172249,-45.210298],[168.171849,-45.209933],[168.171698,-45.20962],[168.171465,-45.208242],[168.171471,-45.207573],[168.171559,-45.207108],[168.172284,-45.205255],[168.172408,-45.204175],[168.17237,-45.202707],[168.171834,-45.201489],[168.171917,-45.200873],[168.172223,-45.199885],[168.172129,-45.19831],[168.171993,-45.197666],[168.171484,-45.196913],[168.170636,-45.19614],[168.169674,-45.195089],[168.168992,-45.194067],[168.168638,-45.193175],[168.168453,-45.192311],[168.168434,-45.190374],[168.167846,-45.189872],[168.166244,-45.189162],[168.165586,-45.188465],[168.165264,-45.187277],[168.165333,-45.186448],[168.165115,-45.185609],[168.162512,-45.182513],[168.162134,-45.181943],[168.162054,-45.181282],[168.162219,-45.180109],[168.163128,-45.17866],[168.164671,-45.176541],[168.164949,-45.175727],[168.165063,-45.174715],[168.165446,-45.173715],[168.166103,-45.172662],[168.168906,-45.16992],[168.169179,-45.169508],[168.169432,-45.16863],[168.169982,-45.167763],[168.170079,-45.167228],[168.169193,-45.166378],[168.168734,-45.165581],[168.168516,-45.163603],[168.168776,-45.162232],[168.169037,-45.161922],[168.169626,-45.161482],[168.170561,-45.160453],[168.17357,-45.158763],[168.175605,-45.157089],[168.176789,-45.156684],[168.177209,-45.156387],[168.177403,-45.155979],[168.177676,-45.154989],[168.177671,-45.153916],[168.177838,-45.153409],[168.178696,-45.152282],[168.178827,-45.151869],[168.179024,-45.149512],[168.179153,-45.149108],[168.180226,-45.147315],[168.180501,-45.145928],[168.181779,-45.144548],[168.182023,-45.144085],[168.181419,-45.142516],[168.180687,-45.140988],[168.179886,-45.141427],[168.179247,-45.141559],[168.177651,-45.140151],[168.178412,-45.138831],[168.178629,-45.138739],[168.179066,-45.138303],[168.180168,-45.136846],[168.180576,-45.136651],[168.181463,-45.135313],[168.181667,-45.134785],[168.182093,-45.134323],[168.182828,-45.133774],[168.183444,-45.132905],[168.183558,-45.132536],[168.183967,-45.132321],[168.185229,-45.131369],[168.185906,-45.131176],[168.186149,-45.130847],[168.186696,-45.130438],[168.18787,-45.130071],[168.188751,-45.129677],[168.192206,-45.128424],[168.192828,-45.127826],[168.193068,-45.127285],[168.193588,-45.12667],[168.194087,-45.126604],[168.19578,-45.125755],[168.196961,-45.124748],[168.197552,-45.123921],[168.198299,-45.123882],[168.199078,-45.123484],[168.201201,-45.121298],[168.201837,-45.120309],[168.202316,-45.120182],[168.202447,-45.120045],[168.202448,-45.119879],[168.202799,-45.119422],[168.20395,-45.118909],[168.204231,-45.118604],[168.204772,-45.118221],[168.205472,-45.118032],[168.206358,-45.117145],[168.208239,-45.116229],[168.208803,-45.115861],[168.209729,-45.114992],[168.209799,-45.114297],[168.20972,-45.114119],[168.209937,-45.113503],[168.210428,-45.112876],[168.210929,-45.112456],[168.210953,-45.112086],[168.210603,-45.111189],[168.21068,-45.110665],[168.210502,-45.110528],[168.210579,-45.110369],[168.210395,-45.110265],[168.210911,-45.109972],[168.211153,-45.109916],[168.2116,-45.109521],[168.212059,-45.108453],[168.212526,-45.107788],[168.21283,-45.107063],[168.213172,-45.105572],[168.213526,-45.105126],[168.213852,-45.104431],[168.21389,-45.104072],[168.21421,-45.103589],[168.214436,-45.102749],[168.214744,-45.102239],[168.215052,-45.101947],[168.215416,-45.101054],[168.215592,-45.100839],[168.215616,-45.099914],[168.215781,-45.099561],[168.216859,-45.098583],[168.217454,-45.097768],[168.218005,-45.097551],[168.218154,-45.097418],[168.218368,-45.096907],[168.218443,-45.096369],[168.218705,-45.09605],[168.218827,-45.094811],[168.219249,-45.094173],[168.219324,-45.093632],[168.219723,-45.092744],[168.21978,-45.092201],[168.219926,-45.091856],[168.219893,-45.091136],[168.220017,-45.090611],[168.219936,-45.090255],[168.220134,-45.089344],[168.220011,-45.089012],[168.220065,-45.088503],[168.219699,-45.087877],[168.219593,-45.087367],[168.219891,-45.086555],[168.219976,-45.08567],[168.219929,-45.084464],[168.220239,-45.082672],[168.220436,-45.082419],[168.220503,-45.08205],[168.220446,-45.081488],[168.221049,-45.079801],[168.221147,-45.079115],[168.22104,-45.078213],[168.221354,-45.07772],[168.221364,-45.077536],[168.221308,-45.075683],[168.220993,-45.074346],[168.220822,-45.074114],[168.220876,-45.073825],[168.220699,-45.072659],[168.220765,-45.072278],[168.22084,-45.072111],[168.22114,-45.071883],[168.221097,-45.071775],[168.22191,-45.071607],[168.222524,-45.071273],[168.222972,-45.071121],[168.223906,-45.070469],[168.224298,-45.069967],[168.22452,-45.069236],[168.224924,-45.068536],[168.225236,-45.067357],[168.225218,-45.06719],[168.22474,-45.066993],[168.224355,-45.066472],[168.223919,-45.065356],[168.223801,-45.064602],[168.222841,-45.062295],[168.222679,-45.06138],[168.222075,-45.060633],[168.221971,-45.059961],[168.220824,-45.056886],[168.219873,-45.055974],[168.2194,-45.05539],[168.219404,-45.055053],[168.221215,-45.051865],[168.221904,-45.051237],[168.222498,-45.051107],[168.222495,-45.050481],[168.223603,-45.050159],[168.224627,-45.049614],[168.225428,-45.049075],[168.226502,-45.048904],[168.228701,-45.047691],[168.231463,-45.045636],[168.231658,-45.045205],[168.231763,-45.044598],[168.232064,-45.044339],[168.234458,-45.043424],[168.235074,-45.042929],[168.235299,-45.042701],[168.235888,-45.041724],[168.236151,-45.040468],[168.236533,-45.039685],[168.237522,-45.038485],[168.239017,-45.036922],[168.239492,-45.035589],[168.240149,-45.034364],[168.241978,-45.032209],[168.242306,-45.031154],[168.243069,-45.026801],[168.242967,-45.023648],[168.244163,-45.021261],[168.244907,-45.019347],[168.244672,-45.019121],[168.24478,-45.019035],[168.244967,-45.018457],[168.245263,-45.018261],[168.245378,-45.017779],[168.24565,-45.017565],[168.246007,-45.016769],[168.246248,-45.01585],[168.246205,-45.015289],[168.246363,-45.014746],[168.246296,-45.014635],[168.246499,-45.014175],[168.246394,-45.013747],[168.246211,-45.013658],[168.246215,-45.013289],[168.246852,-45.012188],[168.246668,-45.011477],[168.246757,-45.011328],[168.246614,-45.011052],[168.246651,-45.010287],[168.246802,-45.009996],[168.246829,-45.00951],[168.247155,-45.009091],[168.247131,-45.008765],[168.24723,-45.008481],[168.247103,-45.008016],[168.247286,-45.007491],[168.247204,-45.007398],[168.247316,-45.00697],[168.247181,-45.006748],[168.247066,-45.00613],[168.247233,-45.005335],[168.246958,-45.004819],[168.247008,-45.004352],[168.246695,-45.003988],[168.246615,-45.003254],[168.24668,-45.003086],[168.246531,-45.002421],[168.24664,-45.002165],[168.247211,-45.001872],[168.247407,-45.001646],[168.247585,-45.001023],[168.24848,-45.000014],[168.248405,-44.999686],[168.248577,-44.999296],[168.248327,-44.998781],[168.248334,-44.998376],[168.248194,-44.998235],[168.247967,-44.997586],[168.247611,-44.997274],[168.247536,-44.996946],[168.247393,-44.996841],[168.247039,-44.996033],[168.246576,-44.995636],[168.246297,-44.994849],[168.246486,-44.994721],[168.246794,-44.99468],[168.247624,-44.994318],[168.247831,-44.994425],[168.247976,-44.994359],[168.248215,-44.994387],[168.248351,-44.994284],[168.248365,-44.994105],[168.248636,-44.993899],[168.248507,-44.993452],[168.248808,-44.993501],[168.249009,-44.993383],[168.248878,-44.993116],[168.248909,-44.992739],[168.249008,-44.99277],[168.249245,-44.992662],[168.249409,-44.992525],[168.249423,-44.992354],[168.249691,-44.992176],[168.249688,-44.99159],[168.249773,-44.991485],[168.249059,-44.990428],[168.248887,-44.989583],[168.248937,-44.989278],[168.249522,-44.988798],[168.250101,-44.988551],[168.250326,-44.98829],[168.250615,-44.988175],[168.250704,-44.987855],[168.250956,-44.98773],[168.251112,-44.987529],[168.251063,-44.987347],[168.251598,-44.986864],[168.25178,-44.986808],[168.251829,-44.986368],[168.251982,-44.986203],[168.252243,-44.985962],[168.252933,-44.985602],[168.253226,-44.985281],[168.253863,-44.984946],[168.255155,-44.984053],[168.255482,-44.983625],[168.256578,-44.982949],[168.256814,-44.982706],[168.258055,-44.982126],[168.258393,-44.981878],[168.25886,-44.981762],[168.259048,-44.981635],[168.259544,-44.981159],[168.259508,-44.980977],[168.26033,-44.980236],[168.260745,-44.979658],[168.262326,-44.97925],[168.262326,-44.97925],[168.262039,-44.9789],[168.261781,-44.97879],[168.260512,-44.979089],[168.260115,-44.979289],[168.259431,-44.979108],[168.259192,-44.979234],[168.258797,-44.979091],[168.258624,-44.979346],[168.258301,-44.979413],[168.258422,-44.979184],[168.258377,-44.978795],[168.258607,-44.978777],[168.259081,-44.978265],[168.259798,-44.978033],[168.260427,-44.977481],[168.260803,-44.977389],[168.261097,-44.977211],[168.261562,-44.977113],[168.262013,-44.97687],[168.26237,-44.976858],[168.262577,-44.97665],[168.26276,-44.975972],[168.262982,-44.975891],[168.263181,-44.975629],[168.263208,-44.97499],[168.263707,-44.974632],[168.264387,-44.973912],[168.264724,-44.973367],[168.264816,-44.972857],[168.265073,-44.97266],[168.265488,-44.972091],[168.26583,-44.971943],[168.26581,-44.971563],[168.266002,-44.971238],[168.265636,-44.970889],[168.265715,-44.97055],[168.266044,-44.970085],[168.266569,-44.968791],[168.266792,-44.967917],[168.266719,-44.967409],[168.266989,-44.966591],[168.266967,-44.966076],[168.268041,-44.965985],[168.268292,-44.965553],[168.26864,-44.965486],[168.26929,-44.964359],[168.270035,-44.963948],[168.271124,-44.962721],[168.270586,-44.962005],[168.270876,-44.961873],[168.271189,-44.961922],[168.272056,-44.961885],[168.272786,-44.961645],[168.273167,-44.961795],[168.273366,-44.961542],[168.273481,-44.96106],[168.273085,-44.960458],[168.272951,-44.960083],[168.272555,-44.959959],[168.271999,-44.959927],[168.272805,-44.959067],[168.272867,-44.958772],[168.272663,-44.95862],[168.272834,-44.958546],[168.272825,-44.958032],[168.272964,-44.957731],[168.273212,-44.957642],[168.273783,-44.958116],[168.275237,-44.95804],[168.275699,-44.958293],[168.27613,-44.957977],[168.27643,-44.957881],[168.276972,-44.957462],[168.277652,-44.957219],[168.27961,-44.955451],[168.279501,-44.955239],[168.279844,-44.95492],[168.279748,-44.954537],[168.279915,-44.954355],[168.279819,-44.954126],[168.279863,-44.95374],[168.279697,-44.953598],[168.279714,-44.953076],[168.279342,-44.952961],[168.27898,-44.95273],[168.279267,-44.952327],[168.279685,-44.952173],[168.279704,-44.952102],[168.279929,-44.952138],[168.280576,-44.951678],[168.281358,-44.950799],[168.282181,-44.950508],[168.28243,-44.950104],[168.283169,-44.950062],[168.28417,-44.949625],[168.284209,-44.949455],[168.284455,-44.949393],[168.284934,-44.949431],[168.285488,-44.949174],[168.286409,-44.949085],[168.286603,-44.948724],[168.285981,-44.947703],[168.286408,-44.947511],[168.287441,-44.947821],[168.288085,-44.947618],[168.288733,-44.947603],[168.289162,-44.947509],[168.290025,-44.947666],[168.290527,-44.947669],[168.292118,-44.947166],[168.292987,-44.946974],[168.294715,-44.946359],[168.296193,-44.946284],[168.296941,-44.94599],[168.297296,-44.945995],[168.297655,-44.9461],[168.298024,-44.946088],[168.298337,-44.945983],[168.29856,-44.94574],[168.298568,-44.945479],[168.30001,-44.945069],[168.300869,-44.944968],[168.30115,-44.944791],[168.301819,-44.944674],[168.302011,-44.944817],[168.303495,-44.944823],[168.303741,-44.945085],[168.304019,-44.944943],[168.304231,-44.944672],[168.304408,-44.944833],[168.304453,-44.945069],[168.304748,-44.945189],[168.305147,-44.945115],[168.306684,-44.944465],[168.307761,-44.944338],[168.30934,-44.944745],[168.309629,-44.944937],[168.309847,-44.945225],[168.310173,-44.94449],[168.310355,-44.944281],[168.311324,-44.943752],[168.311959,-44.94358],[168.312298,-44.94363],[168.312658,-44.943419],[168.314558,-44.943307],[168.314763,-44.943126],[168.315458,-44.942838],[168.315957,-44.942318],[168.316283,-44.941736],[168.316502,-44.9417],[168.316475,-44.941563],[168.317017,-44.941135],[168.317798,-44.940734],[168.31882,-44.939378],[168.318727,-44.939113],[168.31882,-44.938909],[168.319505,-44.938594],[168.319502,-44.938315],[168.31972,-44.937819],[168.32015,-44.937358],[168.32035,-44.936763],[168.320642,-44.93645],[168.32053,-44.935787],[168.320774,-44.935437],[168.320824,-44.935123],[168.321374,-44.934749],[168.321505,-44.934385],[168.321394,-44.932929],[168.321536,-44.93289],[168.321733,-44.932654],[168.324679,-44.931205],[168.326094,-44.931118],[168.326615,-44.93095],[168.327518,-44.931879],[168.328131,-44.932309],[168.328551,-44.932443],[168.328907,-44.932277],[168.329048,-44.932418],[168.329936,-44.932427],[168.330508,-44.932252],[168.331146,-44.932205],[168.33221,-44.931915],[168.333358,-44.931835],[168.333414,-44.932099],[168.333627,-44.932125],[168.33395,-44.932373],[168.334133,-44.933254],[168.334435,-44.933447],[168.334541,-44.933713],[168.335467,-44.934192],[168.33589,-44.93429],[168.336591,-44.934895],[168.337198,-44.935073],[168.337322,-44.935267],[168.337657,-44.935371],[168.337871,-44.93555],[168.338605,-44.935733],[168.3389,-44.935691],[168.339898,-44.936074],[168.340116,-44.936038],[168.340777,-44.936344],[168.341604,-44.936323],[168.342016,-44.93624],[168.342397,-44.936562],[168.34275,-44.936423],[168.343397,-44.935953],[168.343643,-44.936044],[168.343787,-44.935996],[168.344486,-44.935502],[168.344518,-44.935259],[168.344952,-44.935079],[168.344953,-44.934898],[168.345217,-44.934774],[168.344808,-44.933767],[168.344685,-44.932416],[168.345757,-44.929608],[168.346456,-44.928254],[168.347144,-44.927869],[168.347775,-44.927771],[168.34877,-44.928287],[168.353746,-44.928196],[168.355436,-44.928585],[168.356343,-44.928542],[168.357341,-44.926658],[168.358297,-44.925655],[168.358641,-44.924741],[168.358641,-44.924741],[168.358513,-44.924317],[168.358908,-44.921337],[168.358838,-44.919447],[168.358097,-44.917151],[168.357809,-44.916597],[168.357112,-44.914002],[168.356989,-44.911975],[168.356734,-44.911139],[168.356526,-44.909375],[168.356117,-44.908142],[168.355932,-44.905501],[168.355608,-44.904952],[168.354142,-44.903056],[168.353918,-44.902104],[168.353383,-44.901245],[168.352975,-44.900257],[168.35225,-44.898947],[168.352037,-44.897986],[168.351709,-44.897343],[168.351251,-44.895114],[168.350859,-44.893682],[168.350625,-44.893184],[168.350547,-44.8924],[168.349977,-44.891602],[168.350381,-44.891089],[168.350103,-44.890454],[168.350085,-44.889853],[168.350422,-44.88879],[168.350774,-44.88835],[168.350766,-44.888227],[168.350357,-44.888013],[168.35061,-44.88762],[168.350557,-44.887107],[168.350775,-44.886738],[168.350777,-44.886529],[168.350493,-44.886389],[168.350263,-44.886088],[168.350214,-44.885848],[168.35031,-44.885421],[168.350237,-44.885152],[168.348822,-44.882996],[168.348374,-44.880659],[168.348498,-44.879305],[168.348831,-44.878909],[168.349059,-44.878429],[168.349648,-44.878158],[168.349323,-44.875883],[168.349301,-44.874987],[168.349123,-44.874436],[168.349084,-44.873712],[168.348858,-44.872983],[168.348896,-44.872492],[168.348579,-44.871722],[168.348597,-44.87149],[168.34946,-44.870391],[168.349933,-44.868245],[168.350306,-44.867538],[168.350908,-44.866939],[168.350985,-44.866168],[168.35084,-44.865799],[168.350347,-44.86524],[168.350221,-44.864462],[168.349834,-44.863911],[168.349334,-44.86263],[168.348632,-44.861648],[168.348467,-44.861064],[168.348646,-44.858899],[168.348383,-44.857447],[168.348376,-44.856725],[168.348726,-44.856007],[168.349662,-44.855108],[168.349815,-44.854586],[168.349605,-44.854022],[168.348808,-44.852909],[168.348097,-44.851076],[168.347137,-44.849594],[168.347036,-44.848868],[168.347214,-44.848445],[168.348448,-44.84765],[168.348633,-44.84745],[168.348763,-44.847091],[168.348821,-44.846538],[168.349155,-44.845594],[168.349279,-44.843022],[168.349934,-44.841649],[168.349919,-44.840729],[168.34954,-44.840073],[168.349713,-44.839778],[168.350165,-44.839632],[168.352638,-44.839248],[168.353,-44.839028],[168.353475,-44.838378],[168.354418,-44.836687],[168.354638,-44.834988],[168.354604,-44.833431],[168.354353,-44.831799],[168.354447,-44.830222],[168.354015,-44.827476],[168.35362,-44.826874],[168.353398,-44.826278],[168.353349,-44.825692],[168.353514,-44.824819],[168.353489,-44.823936],[168.352967,-44.822744],[168.352235,-44.821766],[168.351134,-44.820829],[168.348241,-44.819074],[168.347734,-44.818524],[168.346283,-44.817523],[168.34596,-44.81723],[168.344905,-44.81572],[168.343666,-44.814519],[168.34291,-44.812893],[168.342748,-44.811804],[168.341948,-44.810126],[168.341994,-44.809104],[168.341826,-44.808423],[168.341393,-44.807732],[168.34007,-44.806203],[168.338916,-44.80419],[168.33812,-44.802559],[168.33681,-44.800442],[168.335385,-44.798371],[168.333627,-44.79605],[168.332859,-44.795269],[168.331197,-44.79386],[168.330119,-44.793704],[168.329411,-44.793282],[168.328709,-44.792529],[168.328882,-44.791934],[168.328786,-44.791553],[168.328346,-44.791297],[168.327439,-44.79099],[168.32683,-44.790445],[168.322973,-44.785289],[168.32212,-44.783801],[168.321573,-44.78234],[168.321586,-44.781411],[168.322824,-44.775463],[168.323386,-44.774748],[168.32386,-44.774318],[168.324509,-44.77399],[168.33765,-44.769742],[168.339345,-44.769742],[168.340183,-44.76991],[168.341383,-44.770399],[168.342535,-44.771211],[168.343385,-44.772309],[168.344019,-44.773507],[168.344715,-44.774505],[168.345341,-44.775183],[168.363203,-44.791904],[168.363854,-44.792864],[168.364321,-44.793762],[168.365131,-44.794768],[168.367068,-44.796598],[168.368462,-44.797496],[168.371508,-44.799228],[168.37218,-44.799436],[168.372838,-44.799395],[168.373262,-44.799288],[168.376298,-44.797932],[168.377773,-44.797112],[168.379012,-44.796259],[168.38204,-44.793992],[168.38397,-44.792229],[168.386463,-44.790727],[168.386774,-44.790402],[168.386893,-44.790111],[168.386937,-44.788559],[168.387705,-44.787834],[168.388041,-44.787396],[168.388322,-44.787355],[168.39108,-44.784982],[168.392706,-44.783829],[168.393847,-44.783242],[168.394411,-44.783078],[168.394907,-44.784438],[168.395847,-44.785994],[168.397364,-44.78804],[168.401729,-44.792925],[168.402516,-44.794142],[168.402555,-44.794357],[168.402163,-44.794894],[168.398934,-44.79869],[168.398621,-44.799264],[168.398454,-44.799989],[168.398392,-44.800761],[168.398476,-44.812004],[168.398618,-44.819046],[168.398532,-44.826194],[168.398468,-44.827003],[168.398209,-44.827948],[168.398297,-44.82833],[168.398233,-44.828769],[168.398386,-44.82907],[168.398577,-44.835893],[168.398493,-44.837148],[168.397251,-44.839588],[168.396148,-44.840817],[168.395874,-44.841444],[168.395091,-44.846149],[168.395121,-44.847153],[168.394935,-44.847282],[168.39373,-44.847604],[168.387445,-44.849124],[168.387826,-44.850041],[168.391856,-44.856949],[168.403233,-44.861493],[168.403238,-44.86187],[168.403027,-44.862545],[168.402905,-44.863431],[168.403131,-44.868482],[168.403401,-44.869757],[168.403112,-44.870322],[168.402653,-44.870685],[168.401274,-44.871315],[168.400686,-44.872165],[168.40048,-44.872747],[168.399758,-44.878291],[168.399972,-44.879177],[168.400905,-44.881857],[168.401534,-44.884925],[168.401558,-44.887453],[168.402449,-44.890035],[168.402902,-44.892911],[168.403108,-44.893532],[168.404222,-44.895925],[168.404586,-44.896523],[168.405298,-44.897149],[168.406486,-44.897999],[168.40714,-44.898639],[168.408413,-44.900331],[168.408888,-44.901516],[168.409118,-44.901836],[168.40952,-44.90219],[168.410746,-44.902902],[168.41141,-44.903416],[168.413602,-44.904449],[168.415257,-44.904493],[168.415703,-44.904591],[168.416558,-44.904929],[168.417277,-44.905441],[168.417898,-44.906435],[168.418928,-44.907497],[168.419354,-44.908679],[168.419453,-44.909859],[168.419158,-44.911606],[168.419112,-44.913352],[168.419489,-44.91466],[168.419589,-44.915613],[168.419772,-44.915937],[168.421798,-44.917976],[168.422612,-44.918576],[168.423289,-44.919233],[168.424544,-44.921041],[168.424937,-44.921943],[168.425499,-44.92284],[168.425626,-44.923432],[168.42559,-44.924301],[168.425004,-44.927734],[168.425886,-44.92982],[168.426121,-44.931299],[168.427637,-44.935276],[168.428213,-44.936219],[168.42944,-44.937335],[168.429671,-44.937639],[168.430456,-44.939815],[168.431399,-44.94111],[168.432981,-44.943789],[168.433234,-44.945409],[168.433188,-44.945627],[168.433591,-44.946589],[168.434564,-44.948137],[168.435578,-44.950233],[168.436923,-44.95211],[168.437276,-44.952933],[168.438024,-44.9553],[168.438205,-44.95677],[168.438018,-44.958794],[168.438032,-44.959363],[168.438219,-44.959634],[168.438046,-44.960132],[168.438108,-44.960671],[168.438033,-44.961437],[168.438187,-44.963074],[168.437962,-44.963865],[168.437922,-44.965137],[168.43764,-44.966842],[168.437801,-44.968196],[168.437449,-44.969287],[168.437313,-44.970082],[168.437338,-44.971083],[168.437153,-44.971928],[168.436084,-44.974037],[168.435605,-44.975429],[168.435355,-44.977678],[168.434983,-44.978452],[168.434225,-44.979602],[168.434086,-44.981656],[168.433559,-44.983528],[168.433369,-44.984738],[168.432834,-44.985891],[168.432484,-44.987926],[168.431656,-44.989331],[168.431522,-44.989651],[168.431519,-44.989968],[168.432075,-44.991994],[168.432477,-44.992919],[168.434741,-44.995617],[168.435881,-44.997283],[168.4368,-44.998334],[168.437197,-44.998985],[168.437754,-44.999544],[168.438506,-45.000084],[168.438872,-45.000718],[168.439451,-45.001272],[168.440082,-45.001533],[168.441345,-45.001892],[168.442193,-45.002348],[168.442547,-45.002679],[168.442709,-45.003082],[168.443158,-45.005789],[168.443262,-45.00604],[168.444103,-45.006992],[168.444294,-45.007587],[168.443999,-45.00933],[168.443677,-45.010197],[168.443341,-45.011649],[168.443223,-45.014377],[168.44302,-45.014953],[168.442476,-45.015812],[168.442031,-45.016982],[168.441776,-45.017838],[168.441426,-45.019875],[168.440891,-45.021026],[168.440772,-45.022553],[168.440589,-45.022841],[168.439865,-45.023388],[168.439707,-45.024019],[168.439939,-45.024469],[168.440295,-45.024841],[168.442219,-45.02601],[168.443082,-45.026717],[168.443642,-45.027517],[168.444123,-45.028945],[168.444998,-45.030143],[168.445633,-45.031336],[168.44631,-45.032232],[168.447228,-45.032947],[168.448972,-45.033793],[168.449681,-45.034318],[168.449957,-45.034634],[168.450333,-45.035287],[168.450646,-45.036183],[168.450728,-45.036984],[168.451579,-45.037858],[168.45188,-45.038304],[168.452168,-45.039696],[168.452657,-45.040973],[168.452784,-45.041872],[168.453195,-45.043049],[168.453367,-45.043934],[168.454218,-45.045432],[168.454686,-45.047472],[168.455261,-45.049397],[168.455969,-45.050987],[168.456722,-45.051868],[168.456563,-45.052949],[168.456699,-45.05321],[168.457408,-45.053878],[168.457753,-45.054331],[168.458072,-45.055521],[168.45869,-45.056206],[168.459292,-45.05747],[168.460123,-45.058212],[168.460462,-45.058789],[168.461401,-45.059356],[168.461695,-45.059695],[168.462258,-45.061264],[168.463087,-45.062469],[168.463153,-45.063056],[168.463441,-45.063656],[168.463722,-45.064719],[168.463509,-45.06551],[168.463778,-45.066081],[168.463443,-45.068448],[168.464026,-45.069764],[168.464115,-45.070417],[168.464901,-45.071205],[168.465083,-45.072011],[168.465013,-45.072907],[168.465219,-45.073396],[168.465709,-45.075656],[168.46612,-45.076433],[168.466198,-45.077269],[168.466677,-45.077875],[168.469073,-45.079542],[168.470245,-45.079982],[168.471466,-45.080313],[168.472693,-45.080496],[168.473523,-45.080529],[168.47421,-45.080691],[168.474746,-45.080735],[168.478965,-45.080482],[168.479811,-45.08018],[168.481734,-45.079071],[168.482502,-45.078819],[168.483336,-45.078717],[168.48505,-45.078827],[168.486716,-45.078474],[168.487441,-45.078077],[168.488131,-45.077533],[168.491102,-45.076064],[168.4943,-45.075039],[168.494933,-45.074636],[168.495537,-45.074081],[168.49653,-45.072949],[168.497518,-45.072108],[168.49837,-45.071589],[168.499095,-45.071256],[168.50102,-45.070609],[168.506047,-45.069789],[168.507305,-45.069657],[168.509368,-45.069692],[168.511037,-45.069542],[168.515654,-45.06865],[168.517684,-45.068141],[168.52349,-45.067328],[168.52478,-45.067218],[168.525973,-45.067245],[168.529422,-45.06786],[168.530824,-45.067925],[168.532142,-45.067672],[168.533699,-45.067146],[168.535562,-45.066629],[168.538617,-45.066518],[168.539982,-45.066363],[168.54431,-45.065407],[168.545627,-45.065032],[168.548491,-45.063861],[168.549745,-45.063481],[168.550943,-45.063244],[168.554793,-45.062783],[168.555574,-45.062597],[168.558683,-45.061466],[168.561826,-45.059928],[168.562987,-45.059477],[168.563802,-45.059463],[168.568895,-45.060684],[168.569989,-45.061076],[168.570414,-45.060865],[168.570608,-45.060624],[168.570718,-45.059924],[168.57118,-45.059292],[168.574225,-45.057545],[168.574677,-45.057368],[168.575901,-45.057219],[168.576467,-45.057071],[168.578149,-45.055961],[168.578968,-45.055791],[168.580307,-45.055752],[168.58116,-45.055647],[168.582171,-45.055282],[168.583602,-45.054533],[168.583999,-45.054416],[168.584953,-45.054509],[168.585762,-45.054937],[168.586914,-45.055246],[168.588438,-45.056386],[168.5894,-45.056987],[168.589805,-45.057097],[168.591564,-45.056882],[168.592824,-45.056814],[168.594466,-45.056978],[168.595293,-45.056976],[168.598753,-45.056667],[168.600673,-45.056178],[168.601623,-45.056156],[168.602874,-45.056011],[168.603721,-45.055718],[168.604796,-45.055205],[168.605618,-45.055068],[168.606918,-45.055162],[168.607708,-45.055335],[168.60893,-45.055904],[168.60973,-45.056102],[168.610562,-45.056156],[168.611014,-45.056105],[168.61282,-45.055746],[168.613667,-45.055506],[168.614375,-45.055141],[168.615613,-45.054149],[168.617647,-45.053357],[168.618653,-45.052864],[168.618959,-45.052572],[168.61942,-45.051745],[168.620173,-45.050824],[168.620462,-45.049936],[168.621821,-45.04816],[168.622364,-45.047631],[168.623131,-45.047322],[168.623959,-45.047174],[168.625599,-45.047109],[168.627443,-45.046916],[168.628558,-45.046715],[168.62992,-45.046199],[168.631014,-45.045416],[168.632565,-45.044662],[168.634207,-45.043082],[168.635708,-45.042134],[168.636284,-45.04151],[168.63704,-45.040987],[168.638296,-45.040549],[168.640404,-45.039548],[168.642201,-45.039377],[168.643876,-45.038876],[168.647339,-45.038027],[168.64838,-45.03758],[168.650568,-45.035923],[168.65572,-45.034092],[168.657427,-45.033093],[168.659459,-45.032099],[168.659449,-45.032183],[168.65969,-45.032246],[168.660348,-45.032666],[168.660299,-45.032774],[168.660949,-45.033229],[168.661002,-45.033367],[168.661973,-45.034115],[168.662648,-45.03447],[168.662477,-45.035057],[168.661949,-45.035336],[168.661499,-45.035755],[168.660053,-45.036519],[168.659658,-45.036833],[168.657588,-45.037839],[168.657376,-45.038025],[168.657025,-45.038675],[168.657043,-45.038956],[168.657739,-45.03956],[168.659217,-45.039989],[168.659752,-45.039795],[168.660059,-45.039366],[168.660302,-45.039184],[168.660779,-45.039043],[168.661025,-45.03887],[168.661438,-45.038492],[168.662008,-45.037528],[168.66268,-45.037018],[168.663532,-45.036657],[168.666526,-45.035856],[168.669003,-45.0358],[168.671288,-45.036663],[168.674005,-45.036002],[168.677424,-45.034955],[168.678517,-45.034802],[168.680017,-45.034765],[168.681314,-45.034447],[168.681314,-45.034447],[168.682107,-45.034108],[168.683895,-45.032399],[168.685176,-45.031371],[168.685627,-45.031123],[168.68612,-45.030672],[168.687581,-45.029661],[168.687909,-45.029287],[168.688493,-45.028894],[168.689119,-45.028685],[168.690808,-45.027705],[168.691403,-45.027465],[168.694893,-45.026572],[168.697441,-45.025401],[168.698079,-45.024667],[168.699119,-45.024082],[168.701505,-45.023311],[168.702073,-45.022996],[168.70277,-45.022859],[168.703392,-45.022538],[168.704325,-45.022239],[168.705029,-45.021825],[168.705939,-45.021012],[168.706277,-45.020838],[168.706701,-45.020752],[168.708017,-45.020701],[168.710035,-45.020283],[168.711869,-45.019704],[168.712485,-45.019267],[168.713103,-45.018987],[168.714053,-45.018932],[168.715462,-45.018643],[168.715924,-45.018825],[168.717619,-45.017822],[168.717632,-45.017539],[168.717728,-45.01747],[168.718882,-45.017436],[168.720015,-45.017114],[168.722223,-45.016665],[168.722686,-45.016679],[168.723149,-45.016791],[168.725174,-45.017616],[168.726122,-45.018045],[168.726773,-45.018557],[168.726773,-45.018557],[168.728067,-45.019656],[168.730005,-45.019672],[168.730269,-45.019817],[168.730488,-45.019648],[168.730561,-45.019255],[168.730782,-45.019059],[168.731653,-45.018963],[168.731897,-45.01939],[168.732097,-45.019473],[168.73304,-45.019159],[168.733245,-45.019578],[168.733497,-45.018953],[168.735233,-45.018089],[168.735429,-45.017783],[168.736358,-45.017594],[168.735485,-45.015336],[168.735723,-45.015247],[168.735552,-45.014468],[168.737745,-45.013574],[168.738311,-45.013808],[168.739497,-45.013338],[168.739596,-45.01285],[168.740798,-45.012238],[168.742231,-45.011774],[168.745734,-45.009399],[168.747084,-45.010285],[168.748602,-45.009277],[168.749324,-45.008694],[168.749759,-45.00737],[168.750232,-45.007117],[168.750823,-45.006907],[168.751573,-45.006853],[168.752997,-45.007193],[168.753235,-45.007404],[168.753438,-45.007316],[168.75381,-45.00694],[168.753579,-45.006686],[168.753254,-45.006005],[168.753132,-45.005019],[168.753572,-45.004359],[168.755373,-45.002679],[168.756506,-45.002164],[168.756628,-45.002287],[168.756825,-45.001458],[168.756602,-45.000461],[168.756864,-44.999896],[168.756882,-44.998803],[168.757038,-44.998426],[168.756883,-44.998144],[168.756706,-44.998116],[168.756599,-44.997916],[168.756635,-44.99759],[168.757457,-44.996482],[168.759883,-44.996423],[168.759883,-44.996423],[168.760236,-44.996731],[168.759984,-44.997007],[168.759742,-44.99775],[168.759846,-44.998104],[168.759688,-44.998866],[168.7597,-44.999891],[168.759979,-45.001107],[168.760207,-45.001503],[168.760581,-45.001848],[168.761222,-45.002784],[168.762252,-45.003984],[168.764021,-45.006449],[168.769175,-45.009722],[168.770159,-45.010467],[168.770771,-45.010819],[168.771176,-45.011346],[168.772027,-45.011807],[168.772717,-45.012477],[168.773494,-45.012679],[168.773891,-45.012995],[168.774541,-45.013108],[168.775935,-45.012992],[168.777166,-45.013093],[168.779069,-45.01227],[168.779856,-45.012104],[168.780471,-45.012148],[168.781155,-45.011732],[168.782136,-45.011324],[168.783142,-45.011145],[168.783427,-45.011002],[168.783683,-45.01097],[168.784428,-45.011128],[168.78373,-45.011177],[168.784309,-45.011272],[168.784972,-45.011151],[168.785667,-45.010889],[168.788206,-45.01068],[168.789347,-45.01048],[168.789722,-45.010231],[168.790447,-45.010027],[168.792242,-45.00999],[168.792418,-45.009862],[168.792406,-45.007729],[168.793013,-45.007311],[168.793814,-45.006996],[168.794138,-45.006601],[168.794003,-45.006027],[168.794025,-45.005497],[168.793893,-45.005193],[168.792769,-45.00468],[168.792606,-45.004702],[168.792145,-45.005123],[168.791908,-45.005073],[168.791486,-45.004861],[168.790645,-45.004603],[168.790144,-45.00414],[168.790022,-45.003561],[168.789262,-45.003525],[168.788814,-45.003248],[168.788156,-45.003081],[168.787779,-45.00305],[168.787081,-45.003156],[168.786676,-45.003047],[168.78641,-45.003087],[168.785847,-45.003231],[168.785619,-45.00343],[168.7847,-45.003614],[168.783815,-45.002906],[168.783551,-45.002262],[168.78395,-45.001958],[168.783967,-45.001475],[168.784287,-45.000855],[168.785325,-45.00027],[168.785931,-44.999812],[168.788503,-44.998503],[168.790188,-44.996805],[168.791321,-44.996037],[168.791299,-44.995865],[168.791914,-44.995336],[168.792974,-44.995024],[168.793028,-44.994819],[168.79356,-44.99465],[168.79615,-44.993981],[168.797794,-44.993738],[168.797952,-44.993551],[168.798662,-44.993273],[168.79898,-44.992384],[168.798628,-44.991645],[168.797625,-44.990614],[168.796682,-44.990119],[168.796554,-44.989841],[168.796712,-44.989282],[168.796631,-44.988634],[168.796158,-44.987692],[168.796108,-44.987394],[168.796247,-44.986454],[168.796391,-44.986099],[168.796236,-44.985623],[168.796713,-44.985095],[168.797054,-44.984361],[168.798056,-44.983382],[168.799099,-44.982535],[168.799811,-44.981644],[168.800404,-44.981081],[168.800627,-44.980636],[168.801176,-44.980007],[168.801608,-44.979047],[168.802858,-44.978113],[168.803373,-44.977486],[168.803817,-44.976103],[168.805009,-44.974137],[168.805225,-44.973604],[168.805309,-44.973018],[168.80528,-44.972023],[168.8057,-44.971175],[168.806044,-44.969999],[168.806487,-44.967548],[168.806743,-44.967257],[168.806933,-44.967207],[168.80717,-44.967291],[168.807566,-44.967232],[168.807983,-44.967124],[168.808303,-44.966857],[168.808478,-44.965522],[168.808254,-44.964948],[168.808213,-44.964556],[168.807517,-44.963501],[168.807239,-44.963307],[168.806499,-44.963224],[168.80524,-44.963551],[168.804361,-44.963501],[168.803665,-44.963324],[168.803665,-44.963324],[168.804542,-44.960939],[168.804542,-44.960939],[168.806431,-44.96076],[168.806431,-44.96076],[168.80557,-44.957964],[168.805269,-44.955387],[168.805024,-44.954375],[168.804206,-44.952759],[168.803792,-44.952314],[168.803529,-44.951844],[168.803613,-44.950556],[168.803003,-44.949296],[168.802989,-44.949054],[168.802852,-44.949041],[168.802851,-44.948905],[168.802679,-44.948778],[168.802646,-44.947494],[168.802515,-44.947247],[168.802678,-44.9472],[168.802633,-44.947062],[168.803036,-44.946932],[168.803622,-44.946926],[168.804851,-44.946548],[168.805277,-44.946129],[168.805948,-44.945963],[168.806532,-44.945964],[168.806888,-44.946115],[168.807072,-44.946087],[168.807314,-44.945847],[168.808386,-44.945349],[168.808735,-44.945448],[168.808945,-44.945941],[168.809983,-44.946346],[168.811766,-44.946831],[168.812735,-44.947497],[168.81358,-44.947636],[168.813987,-44.947959],[168.814075,-44.947946],[168.81515,-44.947282],[168.815388,-44.947269],[168.815618,-44.94744],[168.818946,-44.945806],[168.819859,-44.945522],[168.820345,-44.945129],[168.820392,-44.944841],[168.820279,-44.944715],[168.819419,-44.944419],[168.818783,-44.944094],[168.81845,-44.943799],[168.818353,-44.943378],[168.818405,-44.943016],[168.818564,-44.942719],[168.818816,-44.942615],[168.818912,-44.942468],[168.818912,-44.942468],[168.819228,-44.942477],[168.821517,-44.938886],[168.822929,-44.938505],[168.824119,-44.938438],[168.82452,-44.938563],[168.825874,-44.938377],[168.826729,-44.938591],[168.828716,-44.939527],[168.83069,-44.939505],[168.83063,-44.938338],[168.82985,-44.938404],[168.829625,-44.938301],[168.829301,-44.937422],[168.829301,-44.937422],[168.828981,-44.936973],[168.827578,-44.937039],[168.826581,-44.937178],[168.825769,-44.937031],[168.82514,-44.937008],[168.822951,-44.937337],[168.822111,-44.937356],[168.821153,-44.937595],[168.820517,-44.937534],[168.820676,-44.936879],[168.820357,-44.936427],[168.819717,-44.935857],[168.81908,-44.934531],[168.818591,-44.934096],[168.817975,-44.933857],[168.817853,-44.933617],[168.817443,-44.933254],[168.817521,-44.932929],[168.817781,-44.932611],[168.817882,-44.932311],[168.817735,-44.931256],[168.817809,-44.930888],[168.818705,-44.929686],[168.818826,-44.929313],[168.818804,-44.928936],[168.818388,-44.927918],[168.818479,-44.927528],[168.818947,-44.926959],[168.819059,-44.926148],[168.819525,-44.926161],[168.819745,-44.926616],[168.82017,-44.926718],[168.820365,-44.926444],[168.820496,-44.92573],[168.821064,-44.925073],[168.820864,-44.923454],[168.821437,-44.921648],[168.821303,-44.920842],[168.820872,-44.919778],[168.820907,-44.919415],[168.821218,-44.918956],[168.822462,-44.918212],[168.823324,-44.917883],[168.824341,-44.917017],[168.824869,-44.917169],[168.825144,-44.916822],[168.825101,-44.915907],[168.825268,-44.915563],[168.825451,-44.915414],[168.826,-44.91532],[168.82718,-44.915711],[168.827584,-44.915736],[168.82799,-44.915506],[168.828263,-44.915162],[168.828374,-44.914707],[168.828297,-44.914029],[168.828131,-44.913671],[168.827684,-44.913057],[168.826422,-44.912018],[168.826179,-44.911695],[168.826247,-44.911364],[168.826688,-44.911467],[168.827677,-44.911942],[168.828477,-44.91198],[168.829178,-44.911806],[168.829798,-44.91204],[168.830083,-44.912487],[168.830524,-44.912842],[168.830967,-44.91263],[168.831043,-44.912222],[168.830918,-44.911537],[168.831019,-44.911216],[168.831432,-44.910553],[168.831707,-44.910283],[168.832137,-44.910422],[168.832516,-44.911134],[168.832755,-44.911322],[168.833255,-44.911443],[168.835136,-44.911285],[168.836539,-44.911447],[168.837028,-44.911319],[168.838989,-44.911096],[168.839355,-44.910906],[168.839647,-44.910599],[168.839921,-44.909396],[168.839787,-44.90841],[168.839111,-44.907451],[168.838855,-44.906787],[168.838303,-44.905877],[168.838251,-44.905216],[168.837264,-44.903955],[168.837309,-44.903551],[168.837837,-44.903207],[168.837873,-44.902681],[168.837479,-44.901645],[168.837235,-44.90156],[168.836523,-44.901941],[168.836139,-44.901903],[168.834914,-44.901322],[168.834367,-44.90089],[168.833746,-44.900053],[168.833629,-44.899665],[168.832162,-44.898564],[168.83113,-44.897378],[168.830695,-44.897437],[168.829146,-44.896972],[168.828039,-44.896423],[168.827872,-44.896185],[168.827863,-44.895824],[168.828221,-44.894803],[168.827838,-44.893666],[168.828496,-44.892973],[168.828846,-44.892094],[168.829005,-44.891166],[168.82892,-44.89056],[168.829198,-44.889676],[168.829291,-44.888889],[168.829888,-44.888044],[168.830778,-44.887656],[168.831349,-44.887225],[168.831678,-44.88709],[168.832423,-44.886858],[168.83356,-44.886685],[168.834801,-44.886189],[168.835512,-44.885994],[168.835512,-44.885994],[168.836149,-44.885718],[168.836301,-44.885365],[168.834577,-44.884647],[168.834169,-44.884135],[168.83419,-44.883877],[168.83501,-44.883423],[168.835111,-44.883144],[168.835139,-44.8821],[168.834751,-44.88127],[168.833949,-44.880708],[168.833218,-44.880527],[168.832574,-44.880258],[168.831755,-44.880182],[168.831066,-44.879842],[168.830646,-44.879535],[168.830102,-44.878694],[168.829599,-44.878154],[168.82955,-44.877475],[168.828294,-44.876557],[168.827652,-44.875871],[168.827527,-44.875442],[168.827997,-44.874818],[168.827866,-44.874439],[168.826792,-44.873899],[168.825451,-44.87272],[168.822927,-44.869697],[168.822245,-44.868389],[168.821384,-44.867357],[168.819887,-44.866507],[168.819268,-44.866034],[168.819093,-44.86578],[168.817936,-44.864982],[168.817936,-44.864982],[168.817492,-44.864577],[168.816844,-44.864371],[168.817672,-44.864357],[168.818155,-44.864701],[168.818281,-44.864691],[168.818594,-44.864419],[168.818855,-44.864319],[168.81918,-44.864304],[168.819298,-44.863668],[168.819534,-44.86354],[168.819705,-44.863307],[168.819338,-44.862879],[168.819078,-44.862257],[168.818857,-44.860766],[168.818491,-44.860222],[168.818314,-44.859641],[168.818056,-44.859472],[168.817582,-44.859384],[168.817313,-44.859182],[168.817707,-44.858729],[168.817676,-44.858331],[168.817971,-44.858078],[168.818723,-44.858173],[168.819395,-44.857982],[168.819646,-44.857792],[168.819817,-44.857467],[168.820471,-44.856986],[168.821033,-44.857165],[168.821667,-44.857079],[168.821842,-44.856892],[168.821926,-44.856669],[168.821866,-44.856231],[168.821805,-44.8561],[168.821513,-44.85597],[168.821284,-44.855454],[168.821115,-44.855345],[168.820645,-44.855316],[168.820309,-44.855465],[168.819499,-44.855134],[168.819508,-44.855021],[168.819803,-44.854904],[168.820928,-44.854695],[168.82112,-44.854519],[168.82118,-44.85409],[168.821006,-44.853595],[168.821019,-44.852767],[168.821581,-44.852367],[168.821526,-44.851631],[168.821639,-44.851189],[168.821827,-44.851058],[168.821797,-44.850759],[168.82224,-44.850119],[168.822868,-44.849635],[168.822476,-44.848751],[168.822517,-44.84829],[168.822695,-44.847983],[168.823345,-44.847627],[168.82365,-44.847317],[168.82384,-44.846966],[168.82385,-44.846509],[168.824171,-44.846032],[168.824474,-44.845242],[168.824902,-44.844772],[168.825156,-44.844271],[168.82562,-44.844125],[168.825792,-44.843982],[168.827544,-44.843588],[168.828044,-44.843675],[168.828443,-44.843657],[168.828883,-44.843437],[168.829302,-44.842986],[168.829731,-44.842738],[168.830125,-44.842195],[168.830553,-44.841875],[168.830689,-44.841577],[168.831108,-44.84133],[168.831485,-44.840659],[168.831825,-44.840361],[168.831932,-44.840128],[168.832244,-44.839951],[168.832126,-44.839771],[168.831889,-44.839642],[168.831773,-44.838905],[168.83217,-44.838436],[168.832609,-44.838255],[168.833047,-44.837876],[168.833242,-44.837389],[168.833157,-44.837089],[168.833418,-44.836197],[168.834036,-44.835717],[168.834135,-44.835362],[168.834342,-44.835099],[168.835094,-44.834726],[168.835547,-44.834773],[168.835636,-44.834728],[168.835776,-44.834428],[168.83604,-44.834242],[168.836383,-44.833725],[168.836718,-44.833568],[168.836984,-44.833112],[168.83715,-44.833063],[168.837054,-44.833229],[168.837446,-44.833179],[168.83849,-44.833538],[168.838623,-44.833671],[168.838465,-44.833745],[168.838516,-44.833814],[168.838923,-44.833885],[168.839239,-44.833853],[168.839713,-44.833488],[168.839933,-44.833466],[168.840205,-44.833544],[168.840441,-44.833321],[168.840503,-44.833006],[168.840624,-44.832927],[168.840987,-44.832954],[168.841466,-44.832762],[168.843671,-44.83155],[168.844329,-44.831349],[168.844613,-44.83103],[168.845074,-44.830895],[168.84583,-44.830282],[168.84648,-44.83001],[168.847102,-44.829547],[168.847291,-44.828973],[168.847029,-44.828488],[168.847187,-44.828159],[168.847676,-44.827877],[168.847897,-44.827847],[168.848224,-44.827493],[168.848551,-44.827394],[168.848667,-44.826869],[168.848609,-44.826691],[168.849261,-44.825971],[168.849757,-44.82585],[168.850841,-44.825764],[168.851674,-44.825837],[168.85213,-44.82595],[168.852485,-44.825858],[168.853267,-44.826328],[168.853651,-44.826333],[168.854148,-44.826226],[168.854708,-44.826219],[168.855063,-44.826099],[168.855398,-44.825869],[168.856131,-44.824874],[168.856296,-44.824297],[168.856801,-44.823765],[168.857477,-44.823398],[168.857732,-44.823161],[168.858401,-44.822218],[168.858561,-44.821729],[168.85948,-44.821342],[168.859933,-44.82095],[168.860036,-44.820806],[168.859719,-44.819933],[168.859995,-44.819973],[168.861061,-44.819772],[168.861007,-44.819533],[168.86109,-44.819383],[168.860974,-44.819072],[168.861215,-44.818871],[168.861071,-44.818636],[168.861433,-44.818467],[168.861557,-44.818306],[168.861386,-44.817434],[168.861539,-44.816998],[168.861325,-44.816351],[168.861327,-44.81578],[168.861378,-44.81552],[168.861978,-44.815011],[168.862012,-44.814634],[168.861848,-44.81408],[168.861796,-44.813218],[168.862022,-44.812318],[168.862015,-44.811869],[168.862363,-44.810519],[168.86252,-44.810226],[168.862925,-44.809862],[168.862955,-44.809284],[168.863625,-44.808252],[168.864043,-44.806183],[168.864191,-44.806082],[168.864415,-44.806081],[168.864911,-44.806584],[168.865492,-44.806769],[168.865578,-44.806679],[168.865495,-44.806351],[168.86559,-44.805562],[168.865322,-44.804883],[168.864726,-44.804646],[168.863793,-44.804431],[168.863322,-44.804478],[168.863125,-44.804565],[168.862782,-44.804492],[168.862736,-44.804382],[168.86285,-44.804181],[168.863358,-44.803762],[168.864238,-44.803607],[168.865243,-44.803135],[168.86556,-44.802854],[168.865946,-44.802191],[168.86647,-44.801981],[168.866999,-44.801459],[168.868856,-44.800154],[168.869097,-44.800125],[168.869886,-44.800499],[168.870361,-44.800398],[168.870624,-44.800426],[168.871032,-44.800123],[168.871314,-44.799753],[168.871581,-44.799629],[168.871468,-44.799472],[168.87112,-44.799321],[168.871657,-44.798736],[168.873174,-44.797816],[168.874539,-44.797297],[168.875898,-44.797281],[168.876385,-44.797109],[168.8767,-44.797102],[168.877535,-44.796032],[168.878155,-44.795702],[168.878559,-44.795302],[168.878873,-44.794818],[168.879081,-44.794224],[168.880014,-44.792883],[168.880366,-44.79252],[168.881497,-44.792162],[168.882047,-44.791855],[168.88247,-44.791419],[168.882783,-44.791296],[168.883057,-44.791059],[168.883557,-44.790299],[168.884096,-44.790013],[168.884809,-44.789304],[168.885516,-44.78877],[168.886281,-44.788469],[168.886862,-44.788352],[168.887874,-44.787835],[168.889262,-44.787291],[168.889917,-44.786879],[168.89053,-44.786703],[168.891685,-44.786518],[168.892282,-44.786726],[168.892876,-44.786822],[168.893794,-44.78681],[168.894303,-44.786589],[168.894965,-44.786481],[168.895169,-44.786282],[168.895958,-44.785976],[168.896312,-44.78574],[168.896854,-44.785066],[168.897376,-44.784707],[168.897159,-44.783737],[168.896951,-44.783429],[168.896723,-44.782653],[168.896649,-44.782069],[168.896171,-44.781023],[168.8961,-44.780422],[168.895815,-44.779568],[168.895738,-44.779132],[168.895779,-44.777862],[168.896009,-44.777872],[168.896271,-44.777759],[168.896426,-44.777844],[168.897429,-44.777406],[168.897485,-44.777485],[168.897902,-44.777314],[168.89819,-44.778108],[168.898641,-44.778615],[168.89863,-44.778868],[168.898826,-44.779323],[168.899072,-44.779422],[168.899464,-44.779351],[168.899794,-44.779036],[168.900217,-44.778409],[168.900349,-44.778098],[168.900258,-44.77787],[168.900328,-44.777805],[168.900663,-44.77756],[168.900931,-44.777546],[168.901153,-44.777208],[168.901884,-44.777102],[168.902309,-44.777134],[168.902671,-44.777009],[168.903022,-44.776675],[168.903228,-44.7766],[168.903377,-44.776338],[168.903354,-44.77608],[168.903476,-44.775938],[168.903345,-44.775663],[168.904014,-44.775282],[168.904893,-44.774522],[168.905625,-44.774241],[168.905839,-44.773911],[168.906068,-44.773955],[168.906451,-44.774478],[168.907016,-44.774715],[168.907463,-44.77508],[168.907475,-44.775184],[168.908145,-44.775501],[168.908952,-44.775492],[168.910074,-44.775811],[168.910539,-44.775792],[168.911024,-44.776001],[168.911822,-44.776081],[168.912675,-44.776274],[168.913533,-44.776303],[168.914924,-44.7757],[168.915088,-44.775575],[168.915154,-44.775226],[168.915541,-44.774934],[168.916156,-44.774775],[168.916545,-44.774523],[168.916777,-44.774027],[168.917312,-44.773496],[168.917422,-44.77252],[168.917872,-44.772703],[168.91797,-44.772905],[168.918215,-44.773079],[168.91872,-44.773159],[168.919219,-44.773105],[168.91934,-44.773199],[168.920507,-44.773334],[168.920947,-44.773118],[168.921325,-44.773052],[168.921425,-44.772942],[168.9219,-44.772829],[168.922268,-44.773055],[168.922326,-44.773247],[168.922662,-44.773614],[168.92303,-44.773585],[168.923208,-44.77382],[168.923529,-44.773837],[168.924749,-44.773438],[168.925212,-44.772949],[168.925812,-44.772563],[168.926353,-44.772002],[168.926566,-44.771657],[168.926884,-44.77148],[168.926898,-44.771319],[168.927028,-44.771221],[168.92695,-44.771054],[168.927291,-44.770812],[168.927544,-44.770042],[168.928673,-44.769068],[168.929897,-44.768832],[168.930179,-44.768524],[168.932458,-44.768573],[168.933574,-44.768369],[168.93537,-44.767912],[168.935964,-44.76755],[168.93633,-44.767731],[168.937053,-44.767735],[168.93795,-44.768156],[168.938225,-44.768435],[168.938231,-44.768835],[168.938381,-44.768955],[168.938472,-44.769242],[168.93841,-44.769434],[168.938654,-44.769831],[168.938955,-44.770174],[168.939292,-44.770244],[168.939621,-44.770426],[168.939617,-44.770747],[168.94014,-44.771096],[168.940677,-44.771701],[168.940682,-44.772026],[168.941041,-44.773086],[168.940859,-44.773719],[168.941387,-44.774082],[168.941731,-44.774112],[168.941697,-44.773954],[168.942025,-44.773528],[168.942387,-44.772651],[168.942197,-44.771226],[168.942613,-44.77109],[168.942883,-44.771161],[168.943689,-44.771555],[168.943849,-44.77157],[168.94465,-44.77202],[168.945473,-44.772239],[168.945595,-44.771771],[168.945522,-44.770759],[168.945612,-44.77021],[168.945733,-44.770059],[168.945908,-44.769398],[168.946419,-44.769982],[168.9469,-44.770162],[168.947387,-44.770196],[168.9478,-44.770115],[168.948193,-44.769924],[168.948386,-44.769675],[168.948751,-44.769501],[168.949295,-44.769368],[168.949034,-44.768531],[168.949658,-44.768349],[168.94961,-44.767995],[168.950205,-44.767372],[168.950251,-44.767151],[168.949921,-44.766804],[168.950105,-44.766671],[168.950058,-44.76643],[168.950551,-44.766217],[168.950713,-44.765968],[168.951166,-44.765841],[168.951616,-44.765582],[168.95198,-44.765611],[168.95259,-44.765451],[168.952839,-44.765219],[168.952985,-44.764921],[168.953393,-44.764716],[168.953953,-44.763815],[168.954603,-44.763419],[168.955,-44.763311],[168.955194,-44.763174],[168.955397,-44.762974],[168.955678,-44.762399],[168.956276,-44.7618],[168.956443,-44.760957],[168.956842,-44.760569],[168.95724,-44.759518],[168.958169,-44.759044],[168.959226,-44.758711],[168.961118,-44.757744],[168.961826,-44.757591],[168.962441,-44.756999],[168.96283,-44.756363],[168.963269,-44.755868],[168.963927,-44.755461],[168.964434,-44.754881],[168.965254,-44.754611],[168.965672,-44.754339],[168.96631,-44.754135],[168.966927,-44.753715],[168.967172,-44.753845],[168.967417,-44.753816],[168.967383,-44.753603],[168.967735,-44.753364],[168.967743,-44.753183],[168.968174,-44.752784],[168.969108,-44.752437],[168.969382,-44.752224],[168.969787,-44.752184],[168.970157,-44.751806],[168.970563,-44.751696],[168.970491,-44.751369],[168.970705,-44.751134],[168.971102,-44.750989],[168.971456,-44.751033],[168.971511,-44.750868],[168.972011,-44.750448],[168.972399,-44.750256],[168.972607,-44.749955],[168.9731,-44.749852],[168.973579,-44.749102],[168.974001,-44.748795],[168.974127,-44.748459],[168.974079,-44.748282],[168.974506,-44.74757],[168.974425,-44.747377],[168.97456,-44.74709],[168.974503,-44.746845],[168.975198,-44.746181],[168.975663,-44.745838],[168.976065,-44.745666],[168.976276,-44.74543],[168.9767,-44.745225],[168.977347,-44.745074],[168.977442,-44.744763],[168.977618,-44.744582],[168.977945,-44.744371],[168.978019,-44.744229],[168.978799,-44.743781],[168.979024,-44.74353],[168.979343,-44.743425],[168.979809,-44.743439],[168.980215,-44.743214],[168.98072,-44.743077],[168.980845,-44.742603],[168.981557,-44.74208],[168.982213,-44.741653],[168.983243,-44.741324],[168.98384,-44.740551],[168.984049,-44.740063],[168.984572,-44.739666],[168.985121,-44.739045],[168.984988,-44.738748],[168.984177,-44.738518],[168.984105,-44.737821],[168.984419,-44.737079],[168.984565,-44.736431],[168.985036,-44.736173],[168.985356,-44.735848],[168.985274,-44.735008],[168.98509,-44.73476],[168.98543,-44.734255],[168.986033,-44.733715],[168.986462,-44.73317],[168.986634,-44.732412],[168.987328,-44.732039],[168.987459,-44.731886],[168.987246,-44.731061],[168.987396,-44.730484],[168.987409,-44.730277],[168.987254,-44.729917],[168.987472,-44.729521],[168.987407,-44.729066],[168.987537,-44.728747],[168.987847,-44.728502],[168.988079,-44.728448],[168.988354,-44.727873],[168.988798,-44.727469],[168.988985,-44.726646],[168.989255,-44.726333],[168.989122,-44.726001],[168.989115,-44.725659],[168.989299,-44.725158],[168.989329,-44.724718],[168.989252,-44.724625],[168.989407,-44.72445],[168.988848,-44.722492],[168.989118,-44.721724],[168.989045,-44.721428],[168.98919,-44.721286],[168.989127,-44.720906],[168.988745,-44.720534],[168.988751,-44.720296],[168.988426,-44.720109],[168.988316,-44.719952],[168.988271,-44.719724],[168.988381,-44.719471],[168.988234,-44.71909],[168.988047,-44.718895],[168.987815,-44.718848],[168.987713,-44.718731],[168.987732,-44.718421],[168.98754,-44.718251],[168.987449,-44.717828],[168.986747,-44.717033],[168.986766,-44.716548],[168.986574,-44.716324],[168.986506,-44.716058],[168.98609,-44.715867],[168.986161,-44.715763],[168.986031,-44.715453],[168.985689,-44.715351],[168.985492,-44.714899],[168.985469,-44.714593],[168.985311,-44.714403],[168.985322,-44.714177],[168.985208,-44.714079],[168.98523,-44.713635],[168.98509,-44.713536],[168.984925,-44.713541],[168.984702,-44.713269],[168.984679,-44.713016],[168.984196,-44.71269],[168.984003,-44.712678],[168.983772,-44.712503],[168.983549,-44.712522],[168.983372,-44.71239],[168.982739,-44.712227],[168.982489,-44.712042],[168.982368,-44.711696],[168.982498,-44.711355],[168.982382,-44.711133],[168.982433,-44.71087],[168.981757,-44.71042],[168.981486,-44.710358],[168.981303,-44.709429],[168.981145,-44.709245],[168.980951,-44.708651],[168.980189,-44.708182],[168.980107,-44.707347],[168.979536,-44.706537],[168.979698,-44.706332],[168.980329,-44.705962],[168.98062,-44.705442],[168.980481,-44.705208],[168.980572,-44.704956],[168.981101,-44.7046],[168.981179,-44.704362],[168.981568,-44.704013],[168.982002,-44.703963],[168.982255,-44.703822],[168.982436,-44.702956],[168.982704,-44.702424],[168.982668,-44.701139],[168.982831,-44.700911],[168.983494,-44.700456],[168.983652,-44.700183],[168.983667,-44.699918],[168.983528,-44.699639],[168.983675,-44.699253],[168.983862,-44.699065],[168.984321,-44.698819],[168.984454,-44.698647],[168.984465,-44.697799],[168.984811,-44.697097],[168.984852,-44.696186],[168.985223,-44.695265],[168.985508,-44.694916],[168.987358,-44.693693],[168.987761,-44.69299],[168.988715,-44.692015],[168.9887,-44.691416],[168.989604,-44.690069],[168.990381,-44.689692],[168.991671,-44.689443],[168.991671,-44.689443],[168.996667,-44.6847],[168.998364,-44.683479],[168.999191,-44.682697],[169.001699,-44.679573],[169.004148,-44.67553],[169.004746,-44.674281],[169.005442,-44.673405],[169.006748,-44.672875],[169.010481,-44.672445],[169.010481,-44.672445],[169.010953,-44.672365],[169.011156,-44.672405],[169.012399,-44.673061],[169.012647,-44.672839],[169.013998,-44.673512],[169.014847,-44.673765],[169.015796,-44.673935],[169.016667,-44.673899],[169.017597,-44.674289],[169.019017,-44.674423],[169.021714,-44.67506],[169.022897,-44.675188],[169.023158,-44.674997],[169.024164,-44.675004],[169.025022,-44.674752],[169.025358,-44.67446],[169.025597,-44.674037],[169.025947,-44.673883],[169.026446,-44.673938],[169.026791,-44.673835],[169.027536,-44.673809],[169.028411,-44.673647],[169.02917,-44.673074],[169.029801,-44.672841],[169.030056,-44.672558],[169.030203,-44.672179],[169.030498,-44.672095],[169.030779,-44.671833],[169.031566,-44.671443],[169.032387,-44.670795],[169.032942,-44.670262],[169.03325,-44.669622],[169.03325,-44.669622],[169.0334,-44.669427],[169.033463,-44.668944],[169.033356,-44.668847],[169.032771,-44.668666],[169.032355,-44.6683],[169.03156,-44.66591],[169.032361,-44.664188],[169.032345,-44.663509],[169.032595,-44.66258],[169.032532,-44.662303],[169.032676,-44.662037],[169.033387,-44.66147],[169.03366,-44.660427],[169.03436,-44.659743],[169.034608,-44.659212],[169.036846,-44.658017],[169.037892,-44.657963],[169.038327,-44.657837],[169.039832,-44.657626],[169.040291,-44.657726],[169.040686,-44.657642],[169.040987,-44.657464],[169.04369,-44.657157],[169.046258,-44.656192],[169.046974,-44.655773],[169.048129,-44.655254],[169.048464,-44.654941],[169.048954,-44.654657],[169.04999,-44.654427],[169.050355,-44.654435],[169.050633,-44.654347],[169.050819,-44.654072],[169.051949,-44.653806],[169.052559,-44.653772],[169.053169,-44.653595],[169.054017,-44.653487],[169.054836,-44.653213],[169.055448,-44.65324],[169.055672,-44.653128],[169.056421,-44.653278],[169.05676,-44.653411],[169.057289,-44.653782],[169.058137,-44.653972],[169.058314,-44.654121],[169.059418,-44.654152],[169.059632,-44.654237],[169.059954,-44.654238],[169.059989,-44.654321],[169.061367,-44.65504],[169.061693,-44.655331],[169.062383,-44.655537],[169.062554,-44.655764],[169.062433,-44.655981],[169.062519,-44.656004],[169.062641,-44.655878],[169.062596,-44.656097],[169.06277,-44.656265],[169.062893,-44.656276],[169.062789,-44.656432],[169.062857,-44.656731],[169.063025,-44.656792],[169.062813,-44.65689],[169.062734,-44.657265],[169.06299,-44.657702],[169.06378,-44.658154],[169.063812,-44.658342],[169.064124,-44.658487],[169.064492,-44.658442],[169.064994,-44.658703],[169.065594,-44.658649],[169.065794,-44.658774],[169.065958,-44.659022],[169.066442,-44.659202],[169.066679,-44.659376],[169.06693,-44.659412],[169.06802,-44.659292],[169.068892,-44.658909],[169.069841,-44.658337],[169.070009,-44.657562],[169.07091,-44.655804],[169.07143,-44.655138],[169.071533,-44.654815],[169.072034,-44.654622],[169.072553,-44.654233],[169.072545,-44.654356],[169.072787,-44.654304],[169.072991,-44.654511],[169.073157,-44.654415],[169.073155,-44.654551],[169.073282,-44.654489],[169.073618,-44.654921],[169.073806,-44.654995],[169.073943,-44.655253],[169.07422,-44.655422],[169.073969,-44.656158],[169.074042,-44.656468],[169.074663,-44.65718],[169.074595,-44.657422],[169.074998,-44.657584],[169.07534,-44.657938],[169.075424,-44.658299],[169.075375,-44.658618],[169.076087,-44.659272],[169.075978,-44.660077],[169.076102,-44.660481],[169.076226,-44.660484],[169.076572,-44.660254],[169.076985,-44.660265],[169.077034,-44.660613],[169.077833,-44.660764],[169.078196,-44.661055],[169.078286,-44.661374],[169.078598,-44.661261],[169.078871,-44.661395],[169.079076,-44.661685],[169.079558,-44.661525],[169.079736,-44.661596],[169.080748,-44.662396],[169.081502,-44.66417],[169.081462,-44.66546],[169.081462,-44.66546],[169.08131,-44.666381],[169.081465,-44.66679],[169.083521,-44.668241],[169.084427,-44.668706],[169.08458,-44.669105],[169.0852,-44.669659],[169.085285,-44.670457],[169.085611,-44.670869],[169.085842,-44.671017],[169.0859,-44.671721],[169.086246,-44.671899],[169.086557,-44.672945],[169.086391,-44.673146],[169.086317,-44.673704],[169.086574,-44.673903],[169.086482,-44.674114],[169.086604,-44.674177],[169.086742,-44.674676],[169.086875,-44.674761],[169.086976,-44.674695],[169.087118,-44.674807],[169.087181,-44.675313],[169.087906,-44.675909],[169.088216,-44.676505],[169.088028,-44.676974],[169.088029,-44.679231],[169.088379,-44.680062],[169.088375,-44.680685],[169.088944,-44.681338],[169.088937,-44.681763],[169.088686,-44.682373],[169.089098,-44.682866],[169.089158,-44.683377],[169.089334,-44.683538],[169.089629,-44.684107],[169.090083,-44.684488],[169.090759,-44.684708],[169.091231,-44.685196],[169.092857,-44.68573],[169.093124,-44.685907],[169.093512,-44.686355],[169.094244,-44.686828],[169.094935,-44.68703],[169.096275,-44.687037],[169.09648,-44.687119],[169.096556,-44.687439],[169.096833,-44.687558],[169.097006,-44.6875],[169.097151,-44.686998],[169.097516,-44.686985],[169.098305,-44.687588],[169.099161,-44.688482],[169.10001,-44.689034],[169.102664,-44.689933],[169.10334,-44.690056],[169.105696,-44.690229],[169.106367,-44.690497],[169.106843,-44.690814],[169.107515,-44.69108],[169.108074,-44.691193],[169.108199,-44.691337],[169.108199,-44.691337],[169.108814,-44.691785],[169.110081,-44.69216],[169.110638,-44.692241],[169.111117,-44.692454],[169.111509,-44.692833],[169.112109,-44.693829],[169.113238,-44.694653],[169.113654,-44.695213],[169.114084,-44.695482],[169.114296,-44.695816],[169.114733,-44.696169],[169.115325,-44.697165],[169.115844,-44.697789],[169.117567,-44.698828],[169.118018,-44.699186],[169.118782,-44.699588],[169.119232,-44.699961],[169.120474,-44.700014],[169.12112,-44.699701],[169.12254,-44.699448],[169.124019,-44.699372],[169.126887,-44.698578],[169.127407,-44.698548],[169.127896,-44.698271],[169.128611,-44.698157],[169.129468,-44.697772],[169.131837,-44.696483],[169.13446,-44.694462],[169.134802,-44.694287],[169.135208,-44.693883],[169.135441,-44.693335],[169.135694,-44.693143],[169.13575,-44.692977],[169.135543,-44.692837],[169.135491,-44.692598],[169.135114,-44.692293],[169.135243,-44.691978],[169.134518,-44.691169],[169.133916,-44.690742],[169.133916,-44.690742],[169.132322,-44.6901],[169.131728,-44.689963],[169.130424,-44.689186],[169.129648,-44.688561],[169.129001,-44.68824],[169.128532,-44.687912],[169.12833,-44.687665],[169.128244,-44.687314],[169.127851,-44.686675],[169.127804,-44.686156],[169.127652,-44.68575],[169.127414,-44.685482],[169.125927,-44.684613],[169.125442,-44.684438],[169.123386,-44.682765],[169.122449,-44.682548],[169.122076,-44.682578],[169.12117,-44.68232],[169.120923,-44.682183],[169.120569,-44.68184],[169.120129,-44.681629],[169.119762,-44.681269],[169.119554,-44.680887],[169.119483,-44.680652],[169.119677,-44.680449],[169.119942,-44.68036],[169.12041,-44.680362],[169.121079,-44.680579],[169.121829,-44.680582],[169.12265,-44.6809],[169.123247,-44.680855],[169.123521,-44.680751],[169.123755,-44.680525],[169.124031,-44.680475],[169.124893,-44.679851],[169.125207,-44.679727],[169.125418,-44.679425],[169.125738,-44.678194],[169.126686,-44.676812],[169.12666,-44.676479],[169.126163,-44.676281],[169.125755,-44.675942],[169.125808,-44.675296],[169.125396,-44.674855],[169.125316,-44.674613],[169.124639,-44.673993],[169.123677,-44.673346],[169.122396,-44.6729],[169.121332,-44.672114],[169.121334,-44.67193],[169.122067,-44.671278],[169.122667,-44.670513],[169.122851,-44.669904],[169.122797,-44.669271],[169.122486,-44.668902],[169.122186,-44.668738],[169.122105,-44.668513],[169.122119,-44.667216],[169.122038,-44.666992],[169.122564,-44.665183],[169.122885,-44.665042],[169.122885,-44.665042],[169.12284,-44.664946],[169.12325,-44.664209],[169.123337,-44.663503],[169.123159,-44.662596],[169.122151,-44.66103],[169.122093,-44.660394],[169.12241,-44.660127],[169.123024,-44.659963],[169.124053,-44.659921],[169.126231,-44.659624],[169.128066,-44.659057],[169.128497,-44.658723],[169.12946,-44.658591],[169.130644,-44.657501],[169.130904,-44.657495],[169.132215,-44.65811],[169.132713,-44.658845],[169.133351,-44.659392],[169.138255,-44.661922],[169.140255,-44.662237],[169.144608,-44.66378],[169.147724,-44.664275],[169.149576,-44.664351],[169.149994,-44.664254],[169.152358,-44.664358],[169.155771,-44.664344],[169.157377,-44.664837],[169.159252,-44.66713],[169.160441,-44.668274],[169.16172,-44.668745],[169.164211,-44.668776],[169.166064,-44.668999],[169.168611,-44.669639],[169.172764,-44.670813],[169.176301,-44.671343],[169.179872,-44.671552],[169.18195,-44.671844],[169.184306,-44.672609],[169.184767,-44.672847],[169.185223,-44.673514],[169.18538,-44.673904],[169.186428,-44.675088],[169.186579,-44.675403],[169.186602,-44.67612],[169.187288,-44.676859],[169.187625,-44.677712],[169.18685,-44.678282],[169.18673,-44.679366],[169.187109,-44.680325],[169.188147,-44.680991],[169.189549,-44.681354],[169.190351,-44.681672],[169.190351,-44.681672],[169.191142,-44.679147],[169.191679,-44.679144],[169.192768,-44.677076],[169.19448,-44.675723],[169.195087,-44.675088],[169.195911,-44.674416],[169.197926,-44.673318],[169.199058,-44.673138],[169.199646,-44.673228],[169.200598,-44.673183],[169.201238,-44.672996],[169.201716,-44.672236],[169.202454,-44.672129],[169.204275,-44.672309],[169.205875,-44.672282],[169.206005,-44.672159],[169.206444,-44.672021],[169.206861,-44.671189],[169.207385,-44.671024],[169.207255,-44.670227],[169.209061,-44.671034],[169.210301,-44.670686],[169.214995,-44.671901],[169.216293,-44.671487],[169.21787,-44.671715],[169.220931,-44.671763],[169.225511,-44.672288],[169.231195,-44.670775],[169.233859,-44.670515],[169.235173,-44.669962],[169.236578,-44.669517],[169.238353,-44.668664],[169.240367,-44.667923],[169.241104,-44.667176],[169.243729,-44.666105],[169.244601,-44.665537],[169.245691,-44.66389],[169.245932,-44.663196],[169.245771,-44.661893],[169.245721,-44.660383],[169.245804,-44.65758],[169.246404,-44.656653],[169.246559,-44.655781],[169.246462,-44.654235],[169.24705,-44.651974],[169.246871,-44.650951],[169.245571,-44.649014],[169.245405,-44.647781],[169.245388,-44.646518],[169.245771,-44.644391],[169.245148,-44.643388],[169.244628,-44.642319],[169.244668,-44.641689],[169.245711,-44.640004],[169.246391,-44.63936],[169.247316,-44.638724],[169.249649,-44.636065],[169.251675,-44.635115],[169.252957,-44.635052],[169.253432,-44.634541],[169.254172,-44.633724],[169.255119,-44.631229],[169.255293,-44.630043],[169.254287,-44.624867],[169.253499,-44.622845],[169.253519,-44.622447],[169.251997,-44.620826],[169.25184,-44.620241],[169.251587,-44.61813],[169.25165,-44.617482],[169.25183,-44.617523],[169.252371,-44.618349],[169.252826,-44.618341],[169.252076,-44.615724],[169.252128,-44.612691],[169.251917,-44.61101],[169.251976,-44.610092],[169.251976,-44.610092],[169.252417,-44.609828],[169.252877,-44.609278],[169.25324,-44.609143],[169.253621,-44.60918],[169.253925,-44.609294],[169.254507,-44.609871],[169.25502,-44.610106],[169.255483,-44.610299],[169.25636,-44.610461],[169.259478,-44.610456],[169.261961,-44.610527],[169.26258,-44.610609],[169.262904,-44.609488],[169.263097,-44.609376],[169.264131,-44.609536],[169.265153,-44.609571],[169.266389,-44.60998],[169.267175,-44.610124],[169.2682,-44.609945],[169.269459,-44.610115],[169.270096,-44.610115],[169.270257,-44.61032],[169.270682,-44.610524],[169.271218,-44.61041],[169.271932,-44.610411],[169.272477,-44.610229],[169.275393,-44.610236],[169.27577,-44.610145],[169.277321,-44.610129],[169.278559,-44.609961],[169.27959,-44.609599],[169.283765,-44.609323],[169.284262,-44.60919],[169.284653,-44.609204],[169.285145,-44.609327],[169.285972,-44.609281],[169.286241,-44.60964],[169.286734,-44.609742],[169.28835,-44.609376],[169.289419,-44.609276],[169.289853,-44.60907],[169.290108,-44.608849],[169.290328,-44.608828],[169.290581,-44.608542],[169.291574,-44.607999],[169.292532,-44.607668],[169.293195,-44.607541],[169.29434,-44.607071],[169.295121,-44.606918],[169.295375,-44.606777],[169.295842,-44.606661],[169.296045,-44.606468],[169.296204,-44.606442],[169.296635,-44.606599],[169.296865,-44.606942],[169.297225,-44.606961],[169.297315,-44.606834],[169.297298,-44.606592],[169.296975,-44.605971],[169.298902,-44.605161],[169.299074,-44.604996],[169.299425,-44.604874],[169.300149,-44.604305],[169.302402,-44.603267],[169.303175,-44.602664],[169.303719,-44.602059],[169.304108,-44.601802],[169.304284,-44.601464],[169.304907,-44.601086],[169.305291,-44.600603],[169.305632,-44.600384],[169.305734,-44.600093],[169.305884,-44.599974],[169.306545,-44.600412],[169.30668,-44.600638],[169.306818,-44.600688],[169.307013,-44.600125],[169.307375,-44.599787],[169.307337,-44.59932],[169.307549,-44.599112],[169.307861,-44.599034],[169.307769,-44.598761],[169.307375,-44.598424],[169.307177,-44.597977],[169.306749,-44.597754],[169.30694,-44.597546],[169.307627,-44.59716],[169.308342,-44.59646],[169.308698,-44.596419],[169.309152,-44.59672],[169.309958,-44.597073],[169.310101,-44.597027],[169.310161,-44.596878],[169.31083,-44.596686],[169.311699,-44.596302],[169.312446,-44.595379],[169.313716,-44.59429],[169.31393,-44.593979],[169.313945,-44.593721],[169.314189,-44.593596],[169.315946,-44.593235],[169.317061,-44.592919],[169.317061,-44.592919],[169.317993,-44.592568],[169.318334,-44.592564],[169.318837,-44.591436],[169.318827,-44.590415],[169.318973,-44.589195],[169.319311,-44.588208],[169.319699,-44.587701],[169.319793,-44.587424],[169.319871,-44.586273],[169.320002,-44.585728],[169.320157,-44.585558],[169.320617,-44.585392],[169.321664,-44.584763],[169.323052,-44.584473],[169.323627,-44.584163],[169.323488,-44.584843],[169.323791,-44.584692],[169.32385,-44.584851],[169.32415,-44.584565],[169.324208,-44.584755],[169.324133,-44.585171],[169.324377,-44.585019],[169.324378,-44.585212],[169.324595,-44.585076],[169.324649,-44.585153],[169.324624,-44.58532],[169.324516,-44.585386],[169.325057,-44.585308],[169.324974,-44.585616],[169.325499,-44.585435],[169.325415,-44.58589],[169.325901,-44.585802],[169.325915,-44.586146],[169.326139,-44.586141],[169.326096,-44.586377],[169.326342,-44.586422],[169.326252,-44.586539],[169.326548,-44.586526],[169.326651,-44.586455],[169.326696,-44.58675],[169.326778,-44.586758],[169.326626,-44.58693],[169.326725,-44.586981],[169.327651,-44.586603],[169.327608,-44.586512],[169.327824,-44.586364],[169.328899,-44.586245],[169.329041,-44.586327],[169.329401,-44.586314],[169.329759,-44.586454],[169.33017,-44.586443],[169.33169,-44.586663],[169.331726,-44.58679],[169.332246,-44.586884],[169.332548,-44.586797],[169.33291,-44.586893],[169.33327,-44.586866],[169.334703,-44.587226],[169.336109,-44.587752],[169.33679,-44.587801],[169.337216,-44.58767],[169.33735,-44.587507],[169.337619,-44.587409],[169.338805,-44.587383],[169.339993,-44.587212],[169.34038,-44.587094],[169.34078,-44.587114],[169.341146,-44.586999],[169.341213,-44.586905],[169.341857,-44.586741],[169.341989,-44.586428],[169.342232,-44.586275],[169.342149,-44.586271],[169.342233,-44.585959],[169.342488,-44.585653],[169.342981,-44.585405],[169.343569,-44.584849],[169.344191,-44.584559],[169.344487,-44.584492],[169.344845,-44.584584],[169.345077,-44.584488],[169.345688,-44.584426],[169.347491,-44.584459],[169.348538,-44.584042],[169.348563,-44.583953],[169.348728,-44.583951],[169.349825,-44.583514],[169.350188,-44.58308],[169.350391,-44.583011],[169.350701,-44.582697],[169.350854,-44.582653],[169.350985,-44.582324],[169.35138,-44.581892],[169.351672,-44.58171],[169.351729,-44.581559],[169.352148,-44.581244],[169.352468,-44.581122],[169.353422,-44.580368],[169.353623,-44.579752],[169.353639,-44.579172],[169.353873,-44.578644],[169.35423,-44.577114],[169.356974,-44.573907],[169.356801,-44.572757],[169.356466,-44.571845],[169.356554,-44.570936],[169.356472,-44.570456],[169.356129,-44.569757],[169.35603,-44.569281],[169.356102,-44.568779],[169.355996,-44.568387],[169.356076,-44.568183],[169.355931,-44.5678],[169.355982,-44.567617],[169.355578,-44.567133],[169.355416,-44.566754],[169.355422,-44.56661],[169.356253,-44.565549],[169.356809,-44.56505],[169.356962,-44.564802],[169.356806,-44.564352],[169.357153,-44.564041],[169.357075,-44.563935],[169.357401,-44.563285],[169.357452,-44.562901],[169.357386,-44.562683],[169.356934,-44.562313],[169.356726,-44.562234],[169.357594,-44.562004],[169.358373,-44.562235],[169.359495,-44.562149],[169.360446,-44.561872],[169.361778,-44.561092],[169.362452,-44.561155],[169.363018,-44.560913],[169.364306,-44.56127],[169.365136,-44.561031],[169.365693,-44.560753],[169.366362,-44.560642],[169.366847,-44.560634],[169.368223,-44.560827],[169.369103,-44.560749],[169.369902,-44.560457],[169.37037,-44.560381],[169.372892,-44.56045],[169.372942,-44.560274],[169.372798,-44.559897],[169.37284,-44.559302],[169.373384,-44.559053],[169.374329,-44.558331],[169.374834,-44.558048],[169.376049,-44.557662],[169.377062,-44.557608],[169.378758,-44.557641],[169.380689,-44.557904],[169.381436,-44.558269],[169.381897,-44.558674],[169.383448,-44.559321],[169.384808,-44.559673],[169.385522,-44.559772],[169.385525,-44.559908],[169.384929,-44.560557],[169.385317,-44.561351],[169.385851,-44.5617],[169.387929,-44.561546],[169.391878,-44.561096],[169.398387,-44.560078],[169.400649,-44.559867],[169.402677,-44.56001],[169.403726,-44.56026],[169.406431,-44.560672],[169.406965,-44.560665],[169.407791,-44.560861],[169.408653,-44.56087],[169.409148,-44.560995],[169.409394,-44.560987],[169.409994,-44.560688],[169.410579,-44.560238],[169.411183,-44.559899],[169.411742,-44.559676],[169.412148,-44.559606],[169.412513,-44.559417],[169.4133,-44.558938],[169.413868,-44.558413],[169.416368,-44.557423],[169.417161,-44.556942],[169.41799,-44.556728],[169.419702,-44.555913],[169.419973,-44.555636],[169.42084,-44.555262],[169.4215,-44.554785],[169.422048,-44.554635],[169.423988,-44.553641],[169.425647,-44.553072],[169.426131,-44.552705],[169.42669,-44.551865],[169.426692,-44.551467],[169.426404,-44.550355],[169.426591,-44.550116],[169.426533,-44.549798],[169.428187,-44.549947],[169.428555,-44.549892],[169.429047,-44.55009],[169.429713,-44.55007],[169.430469,-44.549853],[169.430582,-44.54954],[169.43081,-44.549404],[169.430791,-44.549253],[169.430538,-44.548986],[169.429946,-44.548777],[169.4296,-44.548455],[169.428892,-44.547482],[169.429035,-44.547271],[169.429365,-44.547077],[169.429521,-44.546761],[169.429853,-44.546679],[169.429479,-44.546335],[169.428974,-44.546121],[169.428779,-44.545752],[169.429039,-44.545392],[169.429101,-44.54509],[169.429516,-44.544969],[169.42975,-44.544651],[169.429726,-44.54438],[169.429843,-44.544197],[169.429788,-44.543971],[169.430107,-44.543874],[169.430687,-44.544002],[169.431146,-44.544194],[169.431525,-44.544187],[169.431779,-44.544293],[169.432322,-44.544042],[169.432828,-44.544087],[169.433218,-44.544369],[169.433466,-44.544365],[169.434153,-44.544537],[169.434324,-44.54469],[169.434502,-44.544727],[169.434935,-44.544471],[169.435627,-44.544432],[169.435744,-44.544191],[169.436773,-44.543538],[169.436885,-44.543055],[169.43665,-44.54249],[169.437003,-44.54218],[169.437227,-44.541798],[169.437552,-44.541631],[169.43763,-44.541215],[169.438084,-44.540725],[169.438042,-44.540541],[169.438503,-44.540344],[169.438983,-44.539725],[169.438958,-44.53915],[169.438817,-44.539075],[169.438995,-44.538814],[169.438673,-44.538666],[169.438338,-44.538369],[169.438302,-44.538065],[169.438074,-44.537873],[169.437977,-44.537891],[169.437914,-44.537626],[169.43782,-44.53756],[169.437769,-44.537605],[169.437565,-44.537382],[169.436899,-44.536948],[169.436561,-44.53685],[169.436472,-44.536299],[169.436677,-44.536217],[169.436414,-44.536053],[169.436313,-44.535833],[169.435933,-44.535531],[169.435554,-44.535044],[169.435523,-44.53486],[169.43471,-44.534596],[169.434072,-44.534152],[169.433815,-44.533846],[169.433609,-44.533411],[169.433643,-44.53322],[169.433886,-44.533026],[169.434498,-44.533002],[169.43453,-44.532805],[169.43416,-44.532582],[169.433727,-44.532474],[169.433616,-44.531993],[169.433404,-44.531791],[169.433637,-44.531626],[169.433702,-44.53126],[169.434034,-44.531329],[169.434261,-44.531149],[169.434057,-44.530978],[169.432975,-44.530928],[169.433309,-44.530538],[169.433345,-44.530203],[169.433453,-44.530135],[169.433313,-44.529713],[169.433313,-44.529713],[169.43385,-44.529497],[169.434289,-44.529471],[169.434445,-44.529312],[169.43472,-44.52923],[169.435012,-44.528926],[169.435384,-44.528181],[169.435881,-44.528255],[169.43611,-44.528544],[169.43645,-44.528615],[169.43672,-44.528444],[169.437068,-44.528396],[169.439028,-44.528422],[169.439416,-44.528131],[169.439562,-44.528138],[169.439685,-44.527973],[169.440252,-44.52781],[169.440604,-44.527589],[169.440859,-44.527729],[169.44107,-44.527653],[169.441271,-44.527674],[169.441245,-44.527889],[169.441368,-44.527838],[169.441382,-44.527924],[169.441467,-44.527848],[169.441637,-44.527855],[169.44196,-44.527954],[169.442669,-44.527709],[169.443277,-44.527601],[169.443903,-44.527688],[169.444422,-44.527449],[169.444954,-44.527074],[169.445303,-44.526961],[169.445555,-44.526696],[169.446347,-44.526488],[169.446953,-44.525965],[169.447777,-44.525829],[169.448578,-44.525929],[169.449551,-44.525528],[169.449754,-44.525376],[169.45008,-44.525424],[169.450218,-44.525672],[169.450795,-44.525948],[169.452183,-44.526215],[169.452852,-44.525987],[169.453837,-44.525503],[169.454983,-44.5254],[169.455343,-44.525515],[169.455972,-44.525439],[169.456687,-44.525622],[169.45803,-44.525362],[169.458642,-44.525624],[169.459361,-44.525682],[169.459954,-44.525893],[169.46026,-44.526228],[169.460669,-44.526366],[169.460974,-44.52699],[169.461173,-44.527017],[169.461461,-44.526645],[169.46195,-44.526349],[169.463433,-44.526179],[169.463875,-44.526007],[169.464834,-44.52607],[169.465497,-44.526444],[169.466493,-44.525941],[169.466986,-44.525874],[169.467141,-44.52593],[169.467312,-44.52586],[169.46804,-44.526231],[169.468226,-44.526214],[169.468613,-44.525743],[169.469095,-44.525538],[169.469341,-44.525242],[169.469778,-44.525076],[169.470174,-44.524774],[169.470915,-44.524697],[169.471898,-44.525128],[169.472263,-44.525049],[169.472522,-44.524742],[169.472648,-44.524732],[169.471974,-44.523478],[169.47204,-44.523242],[169.472579,-44.523214],[169.473447,-44.52341],[169.473735,-44.523543],[169.473852,-44.523445],[169.473986,-44.523493],[169.474649,-44.522944],[169.474689,-44.522803],[169.475089,-44.522853],[169.475261,-44.522692],[169.475432,-44.522706],[169.47567,-44.522397],[169.476111,-44.522281],[169.476196,-44.522185],[169.476354,-44.522237],[169.476474,-44.521982],[169.476711,-44.521981],[169.476721,-44.521665],[169.476835,-44.521678],[169.476903,-44.521466],[169.477135,-44.521402],[169.477347,-44.521226],[169.47752,-44.521238],[169.477552,-44.521162],[169.477952,-44.521075],[169.478086,-44.521152],[169.478105,-44.52107],[169.478759,-44.52123],[169.479057,-44.521018],[169.479241,-44.521026],[169.479381,-44.520525],[169.479946,-44.51999],[169.480235,-44.51988],[169.480288,-44.519486],[169.480499,-44.51903],[169.480448,-44.518586],[169.48111,-44.517849],[169.481322,-44.517824],[169.481428,-44.517719],[169.481676,-44.517772],[169.481807,-44.517484],[169.481704,-44.516948],[169.481837,-44.516783],[169.482506,-44.516547],[169.482523,-44.516399],[169.482603,-44.516412],[169.482985,-44.516102],[169.483229,-44.515781],[169.483312,-44.515375],[169.483413,-44.515336],[169.483397,-44.514845],[169.48308,-44.514235],[169.48315,-44.513872],[169.483524,-44.513633],[169.483827,-44.513158],[169.484074,-44.513094],[169.484589,-44.513206],[169.484643,-44.513008],[169.484412,-44.512867],[169.484313,-44.512607],[169.484694,-44.512354],[169.484838,-44.512048],[169.484804,-44.511687],[169.484961,-44.511488],[169.484903,-44.511314],[169.486038,-44.509892],[169.485886,-44.509769],[169.485794,-44.50945],[169.485925,-44.509231],[169.485796,-44.508972],[169.485934,-44.508643],[169.486569,-44.508103],[169.486748,-44.507548],[169.486666,-44.506707],[169.487576,-44.506158],[169.487668,-44.505977],[169.487597,-44.504999],[169.487864,-44.504461],[169.487906,-44.503579],[169.488579,-44.503005],[169.488717,-44.502729],[169.488938,-44.502539],[169.489054,-44.502216],[169.489449,-44.501793],[169.489347,-44.501162],[169.489824,-44.500878],[169.489923,-44.500607],[169.489805,-44.500047],[169.489967,-44.49981],[169.489624,-44.499324],[169.489569,-44.49908],[169.489667,-44.498177],[169.489781,-44.497918],[169.489686,-44.497624],[169.489752,-44.497241],[169.489879,-44.496971],[169.490259,-44.496686],[169.490371,-44.496039],[169.490504,-44.495988],[169.491012,-44.495183],[169.491008,-44.494988],[169.491368,-44.49455],[169.491301,-44.49429],[169.491582,-44.494063],[169.491537,-44.493906],[169.49166,-44.493642],[169.492014,-44.493241],[169.491959,-44.492842],[169.492336,-44.492416],[169.492696,-44.49224],[169.492811,-44.491841],[169.492732,-44.491538],[169.492868,-44.491559],[169.493132,-44.491219],[169.49339,-44.491177],[169.494043,-44.490769],[169.49431,-44.490683],[169.494666,-44.490341],[169.495043,-44.490262],[169.494974,-44.490011],[169.495108,-44.489525],[169.495376,-44.489339],[169.495476,-44.489016],[169.495796,-44.488748],[169.495879,-44.488387],[169.496254,-44.488224],[169.497307,-44.487954],[169.497622,-44.487771],[169.497693,-44.487536],[169.498028,-44.487305],[169.498464,-44.486255],[169.498729,-44.486002],[169.498765,-44.485787],[169.499013,-44.485676],[169.499216,-44.485382],[169.499199,-44.48494],[169.499634,-44.484412],[169.499361,-44.484071],[169.499407,-44.483859],[169.499269,-44.48378],[169.499491,-44.483504],[169.501206,-44.482823],[169.501267,-44.482662],[169.50156,-44.48242],[169.501586,-44.482186],[169.50191,-44.482039],[169.502224,-44.481731],[169.502348,-44.481119],[169.502008,-44.480686],[169.501565,-44.480428],[169.501542,-44.479851],[169.50169,-44.47953],[169.501797,-44.478745],[169.502574,-44.477317],[169.502383,-44.476279],[169.502081,-44.475395],[169.502085,-44.475055],[169.501818,-44.47423],[169.50092,-44.47381],[169.50118,-44.473103],[169.501216,-44.472681],[169.501603,-44.472135],[169.501776,-44.470852],[169.50172,-44.470501],[169.501952,-44.470399],[169.502356,-44.469565],[169.503457,-44.468277],[169.505101,-44.467567],[169.506056,-44.4668],[169.506589,-44.466049],[169.50687,-44.465892],[169.507065,-44.465613],[169.507008,-44.465006],[169.507288,-44.464474],[169.507955,-44.463845],[169.507942,-44.463412],[169.508082,-44.462824],[169.50844,-44.462453],[169.508694,-44.462312],[169.509486,-44.462157],[169.510254,-44.461613],[169.511124,-44.461405],[169.511617,-44.460946],[169.512267,-44.460783],[169.513037,-44.460424],[169.513545,-44.460388],[169.513899,-44.460122],[169.514132,-44.459748],[169.514801,-44.459466],[169.515053,-44.459143],[169.516079,-44.458584],[169.516434,-44.458249],[169.517488,-44.457743],[169.518265,-44.457502],[169.518897,-44.456756],[169.519278,-44.456507],[169.519514,-44.456198],[169.520275,-44.45556],[169.520749,-44.454904],[169.521176,-44.454607],[169.52174,-44.453557],[169.522136,-44.453142],[169.522406,-44.45214],[169.52264,-44.451816],[169.522607,-44.451395],[169.522889,-44.450356],[169.522959,-44.449508],[169.523127,-44.449158],[169.523124,-44.448847],[169.523004,-44.448712],[169.523157,-44.447431],[169.523265,-44.447056],[169.523472,-44.446872],[169.523844,-44.446212],[169.524014,-44.444933],[169.524324,-44.444498],[169.525006,-44.443849],[169.525269,-44.44371],[169.52551,-44.443214],[169.52594,-44.443094],[169.527857,-44.441745],[169.529183,-44.44132],[169.529512,-44.441121],[169.529699,-44.441133],[169.530694,-44.440869],[169.532498,-44.439669],[169.533133,-44.439035],[169.533972,-44.438758],[169.534573,-44.438735],[169.535131,-44.438327],[169.536239,-44.43781],[169.537612,-44.436732],[169.537808,-44.436388],[169.538041,-44.436218],[169.538223,-44.435909],[169.538201,-44.435782],[169.538873,-44.436089],[169.539305,-44.436429],[169.540992,-44.437043],[169.540596,-44.436353],[169.540268,-44.435165],[169.540435,-44.433489],[169.540387,-44.432107],[169.540501,-44.431714],[169.540484,-44.431107],[169.540709,-44.430363],[169.541086,-44.429416],[169.541476,-44.429122],[169.541498,-44.428924],[169.540348,-44.428468],[169.540443,-44.428395],[169.541821,-44.428181],[169.543722,-44.428527],[169.54519,-44.428531],[169.544908,-44.428943],[169.544856,-44.429211],[169.544609,-44.429421],[169.54441,-44.429797],[169.545475,-44.429604],[169.548493,-44.427533],[169.548474,-44.427081],[169.548584,-44.426779],[169.549422,-44.425903],[169.549532,-44.426382],[169.549908,-44.42675],[169.550104,-44.426837],[169.550752,-44.426814],[169.551403,-44.426941],[169.551563,-44.426859],[169.551817,-44.426347],[169.552195,-44.426151],[169.552425,-44.425905],[169.552566,-44.425896],[169.552952,-44.426141],[169.55331,-44.426216],[169.553757,-44.426473],[169.554141,-44.426952],[169.554764,-44.427446],[169.556515,-44.427941],[169.557165,-44.427907],[169.557875,-44.428046],[169.558304,-44.428027],[169.557745,-44.428529],[169.557573,-44.428763],[169.557624,-44.428998],[169.557428,-44.429201],[169.557511,-44.429364],[169.55774,-44.429519],[169.558492,-44.429839],[169.559105,-44.429937],[169.559445,-44.429908],[169.560058,-44.429666],[169.560715,-44.42965],[169.561786,-44.429369],[169.563779,-44.429451],[169.564761,-44.429677],[169.565505,-44.429966],[169.566205,-44.42993],[169.566599,-44.429763],[169.567382,-44.429661],[169.568144,-44.429429],[169.569183,-44.429656],[169.56952,-44.429668],[169.569751,-44.429854],[169.570039,-44.430338],[169.570874,-44.431361],[169.572472,-44.433021],[169.573438,-44.434214],[169.573765,-44.434446],[169.57415,-44.434945],[169.574794,-44.435323],[169.575735,-44.436099],[169.576417,-44.437118],[169.577856,-44.438395],[169.578034,-44.438985],[169.578227,-44.439248],[169.578249,-44.439618],[169.579077,-44.44017],[169.578975,-44.440464],[169.579074,-44.440703],[169.579649,-44.440925],[169.579818,-44.441214],[169.580229,-44.441471],[169.581147,-44.441955],[169.581577,-44.442058],[169.582365,-44.442568],[169.583156,-44.442885],[169.583881,-44.443375],[169.584787,-44.444231],[169.584764,-44.444409],[169.584568,-44.444427],[169.583842,-44.444096],[169.583025,-44.443904],[169.582885,-44.443996],[169.582862,-44.444123],[169.583699,-44.444917],[169.584214,-44.445549],[169.584287,-44.446447],[169.584013,-44.446941],[169.582759,-44.44741],[169.582435,-44.447626],[169.582189,-44.447924],[169.582236,-44.448322],[169.582669,-44.448507],[169.582669,-44.448507],[169.584333,-44.449097],[169.588072,-44.449876],[169.588283,-44.449873],[169.588715,-44.449512],[169.588934,-44.449623],[169.588886,-44.449784],[169.58931,-44.44978],[169.590639,-44.449263],[169.593244,-44.447199],[169.594015,-44.446906],[169.595727,-44.44556],[169.596422,-44.44441],[169.597757,-44.443053],[169.59813,-44.442028],[169.599448,-44.440986],[169.599687,-44.440092],[169.60276,-44.43694],[169.605544,-44.436617],[169.608023,-44.436149],[169.608618,-44.435626],[169.610615,-44.434784],[169.613467,-44.434372],[169.615863,-44.435343],[169.618354,-44.436857],[169.621095,-44.437298],[169.627124,-44.437384],[169.6285,-44.437514],[169.629341,-44.437089],[169.633035,-44.438457],[169.637046,-44.438664],[169.638597,-44.439025],[169.64105,-44.439311],[169.641478,-44.439218],[169.641632,-44.439145],[169.641676,-44.438912],[169.640738,-44.438551],[169.641128,-44.438375],[169.641913,-44.438273],[169.642945,-44.437997],[169.643775,-44.437232],[169.644471,-44.437232],[169.64579,-44.43625],[169.64641,-44.436137],[169.646735,-44.436004],[169.648635,-44.434619],[169.649105,-44.434455],[169.649328,-44.434228],[169.649894,-44.434044],[169.650327,-44.433694],[169.651625,-44.433297],[169.651818,-44.433339],[169.652739,-44.433205],[169.652921,-44.4331],[169.653149,-44.433113],[169.653618,-44.432701],[169.654435,-44.432307],[169.654822,-44.431921],[169.655159,-44.431885],[169.657927,-44.430253],[169.658967,-44.429732],[169.659698,-44.429839],[169.660272,-44.429668],[169.660737,-44.429635],[169.661047,-44.429481],[169.662556,-44.42914],[169.662851,-44.42898],[169.663365,-44.428876],[169.664228,-44.428915],[169.664554,-44.429113],[169.664852,-44.429191],[169.666267,-44.428861],[169.667257,-44.428837],[169.667711,-44.42872],[169.667936,-44.42833],[169.667514,-44.427383],[169.667594,-44.427271],[169.668359,-44.426845],[169.670018,-44.425283],[169.672225,-44.423449],[169.672752,-44.42315],[169.673021,-44.422766],[169.674297,-44.421678],[169.676539,-44.420316],[169.677111,-44.420128],[169.676945,-44.420039],[169.676945,-44.420039],[169.682765,-44.416425],[169.685301,-44.415082],[169.685347,-44.414992],[169.685108,-44.414366],[169.684836,-44.41396],[169.68404,-44.413499],[169.683264,-44.412757],[169.682076,-44.411872],[169.681623,-44.410746],[169.680835,-44.40997],[169.680831,-44.409272],[169.680593,-44.408128],[169.680659,-44.407465],[169.680183,-44.406529],[169.680807,-44.406924],[169.68096,-44.406932],[169.68137,-44.407262],[169.681339,-44.407658],[169.681444,-44.40795],[169.681913,-44.408226],[169.68366,-44.408311],[169.685201,-44.408607],[169.685201,-44.408607],[169.68675,-44.408264],[169.68833,-44.408111],[169.688552,-44.407897],[169.691019,-44.406957],[169.704036,-44.399223],[169.709996,-44.395902],[169.716925,-44.391401],[169.72073,-44.38847],[169.724594,-44.386533],[169.727644,-44.385758],[169.73141,-44.384258],[169.73366,-44.382379],[169.735292,-44.381454],[169.736591,-44.38053],[169.739404,-44.378322],[169.741931,-44.375734],[169.742833,-44.373735],[169.743572,-44.372623],[169.744983,-44.371115],[169.746642,-44.3663],[169.747743,-44.364401],[169.748608,-44.361351],[169.748543,-44.360296],[169.749525,-44.358867],[169.75003,-44.35791],[169.750466,-44.356141],[169.750582,-44.354039],[169.75273,-44.34989],[169.753072,-44.347795],[169.753837,-44.346198],[169.754394,-44.342246],[169.75472,-44.338369],[169.753411,-44.333474],[169.751766,-44.330594],[169.751139,-44.329685],[169.751557,-44.32824],[169.751218,-44.324182],[169.752258,-44.32301],[169.752068,-44.321049],[169.752769,-44.318559],[169.753416,-44.317161],[169.754392,-44.315687],[169.754923,-44.310489],[169.754915,-44.309767],[169.75516,-44.309209],[169.755535,-44.306943],[169.755578,-44.306143],[169.756338,-44.304541],[169.756578,-44.30322],[169.756367,-44.302388],[169.756966,-44.301757],[169.758014,-44.301139],[169.759743,-44.300459],[169.75994,-44.298927],[169.761316,-44.296456],[169.762205,-44.292595],[169.761204,-44.2903],[169.760733,-44.286562],[169.761213,-44.283985],[169.762522,-44.282726],[169.763147,-44.281611],[169.764087,-44.280909],[169.765331,-44.279809],[169.766663,-44.277095],[169.773443,-44.274696],[169.773443,-44.274696],[169.778125,-44.275066],[169.783859,-44.274506],[169.787195,-44.27358],[169.787718,-44.273848],[169.793462,-44.27174],[169.795382,-44.271992],[169.796999,-44.271506],[169.799215,-44.272186],[169.800546,-44.273079],[169.804607,-44.274061],[169.805374,-44.274392],[169.807281,-44.274486],[169.806561,-44.273596],[169.806767,-44.273354],[169.806734,-44.273006],[169.806871,-44.272725],[169.807228,-44.272311],[169.80729,-44.271817],[169.807102,-44.271228],[169.807085,-44.270811],[169.807362,-44.270071],[169.807659,-44.269937],[169.80772,-44.269705],[169.807633,-44.268573],[169.807469,-44.268157],[169.807628,-44.267014],[169.807914,-44.266724],[169.807888,-44.266426],[169.80807,-44.265925],[169.808016,-44.265547],[169.808325,-44.265054],[169.808452,-44.264511],[169.808755,-44.263943],[169.808851,-44.263116],[169.809367,-44.262376],[169.809507,-44.262309],[169.809598,-44.261658],[169.809928,-44.261244],[169.809984,-44.261056],[169.809775,-44.26072],[169.810253,-44.260503],[169.812607,-44.260488],[169.813287,-44.260802],[169.813904,-44.260422],[169.814376,-44.260261],[169.814668,-44.259967],[169.815333,-44.25993],[169.815523,-44.260301],[169.815851,-44.26058],[169.816138,-44.261299],[169.817497,-44.262019],[169.81819,-44.261948],[169.81877,-44.261649],[169.817819,-44.260677],[169.818301,-44.25988],[169.818825,-44.259444],[169.818941,-44.258456],[169.817328,-44.256971],[169.817834,-44.256895],[169.819302,-44.257566],[169.821773,-44.257048],[169.822981,-44.256722],[169.823563,-44.256377],[169.824309,-44.255317],[169.825828,-44.254063],[169.825828,-44.254063],[169.827898,-44.254553],[169.829296,-44.255579],[169.832048,-44.256961],[169.833105,-44.258325],[169.835024,-44.259452],[169.83958,-44.261088],[169.842407,-44.263342],[169.841982,-44.264012],[169.841982,-44.264012],[169.844649,-44.266657],[169.845808,-44.269187],[169.850581,-44.271306],[169.851667,-44.272963],[169.852335,-44.275166],[169.852375,-44.277452],[169.851682,-44.279681],[169.851415,-44.281327],[169.851692,-44.282315],[169.857912,-44.286725],[169.863252,-44.287496],[169.863252,-44.287496],[169.863489,-44.287399],[169.864922,-44.287381],[169.866502,-44.287216],[169.868235,-44.287502],[169.86952,-44.287507],[169.872365,-44.287219],[169.873656,-44.286999],[169.875019,-44.286646],[169.876439,-44.285939],[169.87683,-44.285571],[169.878063,-44.284905],[169.878626,-44.284213],[169.879289,-44.283733],[169.879704,-44.283617],[169.88025,-44.283678],[169.880533,-44.283543],[169.880907,-44.283611],[169.881451,-44.283835],[169.882321,-44.284357],[169.883245,-44.285136],[169.885214,-44.286512],[169.885765,-44.287063],[169.887929,-44.288579],[169.890558,-44.289722],[169.891124,-44.290172],[169.891437,-44.290222],[169.892379,-44.290909],[169.893062,-44.291643],[169.893219,-44.292174],[169.893183,-44.292414],[169.892734,-44.292909],[169.892168,-44.294328],[169.892327,-44.294875],[169.892936,-44.295821],[169.893708,-44.296206],[169.894529,-44.296485],[169.894898,-44.296581],[169.896241,-44.29666],[169.896453,-44.296768],[169.896453,-44.296605],[169.897798,-44.29651],[169.898772,-44.296209],[169.898872,-44.295504],[169.898869,-44.29389],[169.899101,-44.293433],[169.899638,-44.293],[169.900329,-44.292227],[169.901022,-44.291948],[169.901231,-44.291936],[169.901823,-44.292102],[169.902408,-44.292025],[169.902908,-44.291779],[169.903133,-44.291406],[169.903723,-44.291162],[169.905733,-44.291008],[169.907179,-44.291337],[169.907667,-44.291597],[169.90905,-44.292746],[169.910237,-44.293553],[169.910713,-44.293723],[169.911231,-44.293751],[169.912295,-44.293956],[169.912625,-44.294103],[169.913085,-44.29452],[169.913613,-44.294823],[169.914023,-44.294882],[169.914348,-44.294845],[169.914732,-44.294719],[169.914977,-44.294446],[169.916264,-44.293587],[169.916784,-44.293055],[169.91736,-44.29215],[169.917794,-44.291956],[169.918311,-44.291895],[169.919448,-44.292114],[169.919818,-44.292691],[169.920238,-44.292882],[169.920884,-44.292965],[169.921482,-44.292874],[169.922258,-44.293043],[169.92331,-44.293053],[169.924216,-44.293178],[169.924572,-44.2931],[169.924747,-44.292984],[169.92569,-44.292075],[169.925964,-44.291663],[169.926363,-44.291474],[169.926803,-44.291365],[169.927703,-44.29142],[169.928187,-44.291533],[169.929101,-44.2911],[169.92957,-44.291032],[169.930096,-44.290844],[169.930862,-44.290991],[169.932312,-44.29097],[169.932677,-44.290891],[169.933734,-44.290394],[169.934089,-44.290143],[169.934444,-44.289688],[169.934964,-44.288733],[169.935444,-44.28816],[169.936771,-44.28745],[169.93781,-44.28562],[169.938694,-44.28479],[169.938972,-44.28474],[169.939423,-44.28479],[169.941652,-44.285221],[169.942939,-44.285538],[169.94316,-44.285785],[169.94316,-44.285785],[169.943155,-44.285985],[169.943281,-44.286096],[169.946373,-44.2861],[169.947679,-44.285998],[169.951891,-44.285918],[169.954354,-44.285654],[169.955711,-44.285305],[169.957128,-44.284836],[169.958482,-44.284139],[169.959053,-44.282845],[169.959284,-44.281922],[169.959733,-44.281248],[169.960438,-44.28068],[169.962724,-44.279164],[169.964213,-44.278461],[169.967033,-44.277779],[169.968523,-44.277269],[169.970648,-44.276025],[169.971396,-44.275996],[169.972189,-44.276307],[169.972799,-44.277229],[169.974204,-44.277231],[169.976274,-44.277612],[169.977271,-44.277513],[169.978769,-44.27613],[169.979904,-44.274577],[169.980188,-44.271036],[169.983936,-44.267063],[169.984948,-44.265269],[169.98555,-44.263926],[169.986611,-44.263197],[169.98731,-44.263037],[169.988774,-44.263095],[169.990605,-44.263894],[169.992078,-44.264788],[169.993609,-44.266043],[169.994393,-44.266442],[169.996321,-44.266575],[169.998029,-44.266372],[169.997655,-44.267643],[169.997885,-44.268376],[169.999006,-44.269535],[170.000466,-44.270381],[170.001734,-44.270788],[170.002988,-44.270821],[170.007096,-44.269649],[170.008256,-44.269559],[170.009673,-44.26985],[170.010326,-44.270232],[170.012295,-44.271749],[170.014024,-44.272569],[170.014895,-44.272805],[170.016389,-44.272694],[170.017207,-44.27282],[170.018675,-44.273287],[170.021112,-44.273096],[170.024029,-44.273178],[170.027662,-44.272082],[170.029484,-44.272045],[170.03129,-44.272364],[170.032117,-44.27232],[170.033752,-44.271828],[170.035437,-44.271715],[170.037377,-44.272373],[170.040459,-44.275453],[170.042,-44.27655],[170.046211,-44.278045],[170.047259,-44.278548],[170.048274,-44.279611],[170.048403,-44.280167],[170.048282,-44.280706],[170.047481,-44.281415],[170.04731,-44.281714],[170.04753,-44.282309],[170.048219,-44.282632],[170.059095,-44.282684],[170.060374,-44.283495],[170.062437,-44.284371],[170.06365,-44.284559],[170.069399,-44.284839],[170.079996,-44.287692],[170.081454,-44.288019],[170.082225,-44.288764],[170.083277,-44.289546],[170.084338,-44.290153],[170.084338,-44.290153],[170.085201,-44.289503],[170.086507,-44.287755],[170.087125,-44.286651],[170.087583,-44.286115],[170.088109,-44.284866],[170.089466,-44.282409],[170.091843,-44.280436],[170.097453,-44.275299],[170.098015,-44.274947],[170.104977,-44.260094],[170.104977,-44.260094],[170.105576,-44.260142],[170.106564,-44.257968],[170.107531,-44.257098],[170.107627,-44.256916],[170.108136,-44.25663],[170.109433,-44.256174],[170.110319,-44.255666],[170.11163,-44.255333],[170.116412,-44.2536],[170.117191,-44.253654],[170.119894,-44.253607],[170.120844,-44.253311],[170.122266,-44.252789],[170.124341,-44.251677],[170.125466,-44.250726],[170.126164,-44.250451],[170.127861,-44.249407],[170.129112,-44.24777],[170.131802,-44.244884],[170.131953,-44.244442],[170.132482,-44.243797],[170.133497,-44.242925],[170.133544,-44.24274],[170.132828,-44.240921],[170.132966,-44.23946],[170.13474,-44.238165],[170.135484,-44.237471],[170.136652,-44.236702],[170.137546,-44.236402],[170.13777,-44.236217],[170.137792,-44.235533],[170.137615,-44.235048],[170.137375,-44.234612],[170.136849,-44.234125],[170.13631,-44.233336],[170.135146,-44.230185],[170.134982,-44.229181],[170.134348,-44.228336],[170.13412,-44.227787],[170.134102,-44.227441],[170.134304,-44.226907],[170.134259,-44.226322],[170.134361,-44.225981],[170.134356,-44.22528],[170.1355,-44.223091],[170.135671,-44.222474],[170.135494,-44.220941],[170.136353,-44.220323],[170.13679,-44.219464],[170.136902,-44.218651],[170.137284,-44.217994],[170.137838,-44.217362],[170.138918,-44.216502],[170.139208,-44.216294],[170.140656,-44.215737],[170.141481,-44.215514],[170.143002,-44.215276],[170.146212,-44.213615],[170.148084,-44.212248],[170.149364,-44.211093],[170.149613,-44.210835],[170.150066,-44.20995],[170.149954,-44.208161],[170.149563,-44.207431],[170.149443,-44.20697],[170.14795,-44.205716],[170.146731,-44.204454],[170.146796,-44.204383],[170.147353,-44.204338],[170.147711,-44.204059],[170.148635,-44.203899],[170.148735,-44.203814],[170.148688,-44.203719],[170.146944,-44.203063],[170.14664,-44.202834],[170.14648,-44.202494],[170.146589,-44.202081],[170.146525,-44.201923],[170.145561,-44.202144],[170.145331,-44.202059],[170.145158,-44.201843],[170.145344,-44.201241],[170.145381,-44.200229],[170.145479,-44.199934],[170.145901,-44.199537],[170.145971,-44.199252],[170.146026,-44.197366],[170.146474,-44.196483],[170.146347,-44.195879],[170.146053,-44.195623],[170.145439,-44.195483],[170.145216,-44.19534],[170.145104,-44.194947],[170.14495,-44.194829],[170.144413,-44.194693],[170.144099,-44.194532],[170.143777,-44.193983],[170.143302,-44.191584],[170.143152,-44.191423],[170.142266,-44.191038],[170.142041,-44.19101],[170.141962,-44.190779],[170.142027,-44.190654],[170.142406,-44.190473],[170.14279,-44.19067],[170.143024,-44.190695],[170.144097,-44.190397],[170.151396,-44.18686],[170.151396,-44.18686],[170.151136,-44.186513],[170.150862,-44.185588],[170.151137,-44.184894],[170.150797,-44.184543],[170.150835,-44.183523],[170.151146,-44.18286],[170.152067,-44.182056],[170.152302,-44.181937],[170.152595,-44.181841],[170.153528,-44.181793],[170.154036,-44.181242],[170.154702,-44.181294],[170.154887,-44.181249],[170.155509,-44.180954],[170.156107,-44.1808],[170.156289,-44.180673],[170.156468,-44.180172],[170.155984,-44.179051],[170.155795,-44.178264],[170.156012,-44.177578],[170.156449,-44.176877],[170.156972,-44.176363],[170.157477,-44.176072],[170.15825,-44.175786],[170.159006,-44.175656],[170.162776,-44.175705],[170.16444,-44.175608],[170.165291,-44.175463],[170.166352,-44.175452],[170.170734,-44.174538],[170.172384,-44.174419],[170.174624,-44.174564],[170.176776,-44.175161],[170.178627,-44.175915],[170.180138,-44.176657],[170.181043,-44.176818],[170.181541,-44.177056],[170.182219,-44.177246],[170.1838,-44.1787],[170.185375,-44.179834],[170.185874,-44.18032],[170.18655,-44.180552],[170.188482,-44.180557],[170.189097,-44.181077],[170.189586,-44.181848],[170.189756,-44.181951],[170.189963,-44.181925],[170.190335,-44.181708],[170.190808,-44.181101],[170.191471,-44.180766],[170.191639,-44.180606],[170.191829,-44.180122],[170.192044,-44.179925],[170.192568,-44.179667],[170.193469,-44.178855],[170.194253,-44.178804],[170.1946,-44.178644],[170.194896,-44.178359],[170.195327,-44.177356],[170.195851,-44.176706],[170.196222,-44.176414],[170.196615,-44.176325],[170.197174,-44.176338],[170.198685,-44.176579],[170.199902,-44.176487],[170.201902,-44.176826],[170.202405,-44.176776],[170.203426,-44.176264],[170.20429,-44.175514],[170.204863,-44.174844],[170.204969,-44.174205],[170.205164,-44.173792],[170.205562,-44.171613],[170.206413,-44.170514],[170.206552,-44.17004],[170.208745,-44.168814],[170.209193,-44.168498],[170.209587,-44.168024],[170.210047,-44.167912],[170.210028,-44.167826],[170.209601,-44.167678],[170.209661,-44.167374],[170.20982,-44.16726],[170.210957,-44.166948],[170.211907,-44.166176],[170.212889,-44.165761],[170.213966,-44.165088],[170.214029,-44.16483],[170.214905,-44.163841],[170.215452,-44.163751],[170.216672,-44.163784],[170.217048,-44.163615],[170.217267,-44.163627],[170.217267,-44.163627],[170.217477,-44.163633],[170.21916,-44.162606],[170.220225,-44.161839],[170.221206,-44.160642],[170.221798,-44.158666],[170.221828,-44.157926],[170.222043,-44.157964],[170.222302,-44.157841],[170.222454,-44.156829],[170.222739,-44.156497],[170.223082,-44.156333],[170.223974,-44.156263],[170.224327,-44.156078],[170.224882,-44.155699],[170.225249,-44.155208],[170.225771,-44.154893],[170.226031,-44.154297],[170.226255,-44.153335],[170.226153,-44.152333],[170.226281,-44.151986],[170.226477,-44.151792],[170.22726,-44.151483],[170.227477,-44.151327],[170.227488,-44.15093],[170.226935,-44.150303],[170.226836,-44.15001],[170.227376,-44.149007],[170.227927,-44.148575],[170.228058,-44.147992],[170.229053,-44.147484],[170.228745,-44.146078],[170.228258,-44.144835],[170.228728,-44.142938],[170.2284,-44.139731],[170.229409,-44.139557],[170.229836,-44.139368],[170.230716,-44.138589],[170.231064,-44.138484],[170.231864,-44.138471],[170.232628,-44.138259],[170.233164,-44.138277],[170.233439,-44.138316],[170.233806,-44.13861],[170.234292,-44.13874],[170.235292,-44.138431],[170.235836,-44.137976],[170.236148,-44.137521],[170.236111,-44.136892],[170.23634,-44.136451],[170.236854,-44.135829],[170.237313,-44.135603],[170.237996,-44.135518],[170.238903,-44.134809],[170.23907,-44.134587],[170.240164,-44.134495],[170.241549,-44.134561],[170.242251,-44.134411],[170.243068,-44.134479],[170.245896,-44.133875],[170.246781,-44.13251],[170.247311,-44.13234],[170.248146,-44.132354],[170.250471,-44.13197],[170.251657,-44.131654],[170.252368,-44.130983],[170.252618,-44.13058],[170.25335,-44.129926],[170.254002,-44.129549],[170.254137,-44.129364],[170.254081,-44.128648],[170.254249,-44.128077],[170.254612,-44.127666],[170.254775,-44.127208],[170.254803,-44.126429],[170.255052,-44.125897],[170.255026,-44.125493],[170.254662,-44.123684],[170.254426,-44.12185],[170.254219,-44.11906],[170.253825,-44.118395],[170.253681,-44.117805],[170.253342,-44.117372],[170.253158,-44.116518],[170.253278,-44.116344],[170.254484,-44.115454],[170.254724,-44.115094],[170.25501,-44.113907],[170.254694,-44.113813],[170.254364,-44.113203],[170.253845,-44.112648],[170.253808,-44.11248],[170.254293,-44.111997],[170.254238,-44.111421],[170.254006,-44.110469],[170.252959,-44.108584],[170.252798,-44.107859],[170.252894,-44.107399],[170.252769,-44.106724],[170.25284,-44.106635],[170.252642,-44.106393],[170.252399,-44.105371],[170.252532,-44.103944],[170.252619,-44.103839],[170.25255,-44.103552],[170.252391,-44.103457],[170.252345,-44.102838],[170.251286,-44.101705],[170.251045,-44.101091],[170.251168,-44.099573],[170.251416,-44.098563],[170.251402,-44.098396],[170.251041,-44.097962],[170.250964,-44.09674],[170.251377,-44.09539],[170.251849,-44.094853],[170.251808,-44.094615],[170.251547,-44.094614],[170.25141,-44.094504],[170.251404,-44.094331],[170.250776,-44.093219],[170.250425,-44.092754],[170.250009,-44.092395],[170.249968,-44.092152],[170.249735,-44.091856],[170.249306,-44.091636],[170.249279,-44.091248],[170.249421,-44.090907],[170.249247,-44.089672],[170.24945,-44.088838],[170.24893,-44.088304],[170.248326,-44.08815],[170.246668,-44.087112],[170.246668,-44.087112],[170.252905,-44.082986],[170.254828,-44.08202],[170.256842,-44.08131],[170.257751,-44.081072],[170.272909,-44.077656],[170.273853,-44.077042],[170.275485,-44.075655],[170.276494,-44.075103],[170.278184,-44.074532],[170.279474,-44.07431],[170.280341,-44.074275],[170.29148,-44.07581],[170.292509,-44.076261],[170.294177,-44.07799],[170.294918,-44.078468],[170.298999,-44.080203],[170.301477,-44.081073],[170.302406,-44.081293],[170.303603,-44.08151],[170.305788,-44.081699],[170.308311,-44.0817],[170.310764,-44.081595],[170.32103,-44.078867],[170.345769,-44.073901],[170.347192,-44.073469],[170.350988,-44.071428],[170.351926,-44.071139],[170.352416,-44.071069],[170.357878,-44.070793],[170.358959,-44.071089],[170.359655,-44.070725],[170.360256,-44.070629],[170.423196,-44.067211],[170.424524,-44.066866],[170.425003,-44.066623],[170.425794,-44.066025],[170.426385,-44.065015],[170.427815,-44.059569],[170.427632,-44.056683],[170.427749,-44.056019],[170.430413,-44.049284],[170.430858,-44.04864],[170.435487,-44.044858],[170.436143,-44.044033],[170.437186,-44.042094],[170.437814,-44.041507],[170.440793,-44.039351],[170.442494,-44.037436],[170.448316,-44.030755],[170.455974,-44.020591],[170.459898,-44.015933],[170.460541,-44.01555],[170.461485,-44.015163],[170.461806,-44.01472],[170.462846,-44.014447],[170.463241,-44.014203],[170.463751,-44.013731],[170.464465,-44.013369],[170.466147,-44.012974],[170.467056,-44.012924],[170.468627,-44.013427],[170.469434,-44.013347],[170.469642,-44.013407],[170.470726,-44.014892],[170.471014,-44.014967],[170.47126,-44.014937],[170.473283,-44.014119],[170.473471,-44.013903],[170.473483,-44.013696],[170.472952,-44.012913],[170.472862,-44.01209],[170.472267,-44.010979],[170.472246,-44.010715],[170.473736,-44.008335],[170.475123,-44.006716],[170.474976,-44.006333],[170.47508,-44.005603],[170.475281,-44.005005],[170.475451,-44.004646],[170.476266,-44.003955],[170.476266,-44.003955],[170.477213,-44.004818],[170.478138,-44.004321],[170.479382,-44.005016],[170.480049,-44.004851],[170.48028,-44.004896],[170.48028,-44.004896],[170.48185,-44.004908],[170.48185,-44.004908],[170.481973,-44.004395],[170.481821,-44.003635],[170.482537,-44.002885],[170.48576,-44.004389],[170.486595,-44.004877],[170.488324,-44.006076],[170.493484,-44.007252],[170.494266,-44.007245],[170.495946,-44.006367],[170.496622,-44.005765],[170.497775,-44.005221],[170.498178,-44.004588],[170.498856,-44.003936],[170.498932,-44.002924],[170.498694,-44.002079],[170.498729,-43.998793],[170.499074,-43.997762],[170.499074,-43.997762],[170.499071,-43.997195],[170.499698,-43.995528],[170.500258,-43.992334],[170.501818,-43.991402],[170.503052,-43.98954],[170.504297,-43.987415],[170.509533,-43.980061],[170.510638,-43.978372],[170.510754,-43.977057],[170.512011,-43.974624],[170.513765,-43.970489],[170.51447,-43.969626],[170.516477,-43.968176],[170.517622,-43.966971],[170.518682,-43.966335],[170.520045,-43.96575],[170.521455,-43.965473],[170.522711,-43.964534],[170.523154,-43.964104],[170.524307,-43.964173],[170.526014,-43.964079],[170.527774,-43.964161],[170.529343,-43.964458],[170.531656,-43.96587],[170.535422,-43.965995],[170.538355,-43.965663],[170.543128,-43.963482],[170.54771,-43.960022],[170.550814,-43.95552],[170.551013,-43.953636],[170.551759,-43.950269],[170.551058,-43.948102],[170.551279,-43.94569],[170.551903,-43.942321],[170.552185,-43.939911],[170.553604,-43.937921],[170.557161,-43.935669],[170.558962,-43.933248],[170.559947,-43.929247],[170.56018,-43.927256],[170.560394,-43.926469],[170.560011,-43.925451],[170.559834,-43.923822],[170.559497,-43.922623],[170.559647,-43.921624],[170.557405,-43.913684],[170.558485,-43.912206],[170.558829,-43.912054],[170.55954,-43.912],[170.560135,-43.911789],[170.560433,-43.911363],[170.560389,-43.911025],[170.559785,-43.90999],[170.559785,-43.90999],[170.560162,-43.910047],[170.56098,-43.910589],[170.561312,-43.910668],[170.561586,-43.910685],[170.561952,-43.910527],[170.562273,-43.910496],[170.562376,-43.910592],[170.562878,-43.91063],[170.563385,-43.910558],[170.564189,-43.910294],[170.564978,-43.909472],[170.565932,-43.909095],[170.566806,-43.908628],[170.567218,-43.908251],[170.568471,-43.907467],[170.569378,-43.906752],[170.569681,-43.906417],[170.571132,-43.905653],[170.571568,-43.905237],[170.573224,-43.904859],[170.573942,-43.904477],[170.574237,-43.903976],[170.574492,-43.903882],[170.574796,-43.903557],[170.576198,-43.902473],[170.578999,-43.900723],[170.580223,-43.899763],[170.58051,-43.899854],[170.580654,-43.900007],[170.582497,-43.899914],[170.585474,-43.899513],[170.586349,-43.899326],[170.586491,-43.899436],[170.587805,-43.89921],[170.588857,-43.899237],[170.590568,-43.898815],[170.591074,-43.898754],[170.593861,-43.898722],[170.595217,-43.898549],[170.595613,-43.898404],[170.595816,-43.898212],[170.596693,-43.8981],[170.598066,-43.898091],[170.598727,-43.897996],[170.600108,-43.897607],[170.600551,-43.897586],[170.601114,-43.897669],[170.60413,-43.897374],[170.604647,-43.89743],[170.605791,-43.897234],[170.606671,-43.897378],[170.607264,-43.897236],[170.607578,-43.897507],[170.607937,-43.897581],[170.608691,-43.897221],[170.609342,-43.897169],[170.611154,-43.895353],[170.611962,-43.894973],[170.612402,-43.894673],[170.612634,-43.894214],[170.612954,-43.893824],[170.613394,-43.893502],[170.613664,-43.893055],[170.615243,-43.892892],[170.615844,-43.892558],[170.615926,-43.892301],[170.616787,-43.891079],[170.617039,-43.890114],[170.617428,-43.889548],[170.617477,-43.889085],[170.617333,-43.888089],[170.617509,-43.887519],[170.619048,-43.886018],[170.61952,-43.884516],[170.619547,-43.88306],[170.620255,-43.880625],[170.621459,-43.879304],[170.62169,-43.878675],[170.621946,-43.878377],[170.622194,-43.877499],[170.622184,-43.877149],[170.621053,-43.875897],[170.620973,-43.875609],[170.621102,-43.875242],[170.621457,-43.875145],[170.621962,-43.874708],[170.622237,-43.873737],[170.622194,-43.872903],[170.622509,-43.872281],[170.622401,-43.871909],[170.622451,-43.871285],[170.623317,-43.870361],[170.623673,-43.870352],[170.623777,-43.869926],[170.624923,-43.868398],[170.625113,-43.866614],[170.624898,-43.866504],[170.624415,-43.864663],[170.624831,-43.862978],[170.62473,-43.861862],[170.624916,-43.861027],[170.625038,-43.860649],[170.625205,-43.86047],[170.625953,-43.860436],[170.626202,-43.860326],[170.62646,-43.859967],[170.626223,-43.858638],[170.626267,-43.857761],[170.625928,-43.857225],[170.626447,-43.854857],[170.626567,-43.854584],[170.627599,-43.854137],[170.627557,-43.853844],[170.627829,-43.852757],[170.628,-43.852275],[170.62835,-43.851924],[170.628445,-43.851706],[170.628391,-43.850893],[170.628521,-43.850624],[170.628979,-43.850475],[170.629115,-43.850285],[170.629327,-43.849572],[170.62917,-43.849116],[170.629516,-43.847705],[170.630521,-43.847136],[170.630482,-43.846589],[170.630776,-43.845723],[170.631271,-43.843604],[170.631736,-43.842643],[170.632156,-43.841283],[170.632728,-43.840021],[170.632691,-43.839236],[170.632499,-43.838775],[170.632522,-43.838201],[170.633033,-43.837594],[170.633459,-43.836086],[170.633467,-43.835496],[170.633632,-43.834782],[170.633474,-43.834155],[170.633458,-43.83341],[170.633596,-43.832994],[170.63409,-43.83227],[170.634002,-43.831209],[170.634279,-43.830751],[170.63696,-43.829291],[170.637016,-43.828826],[170.637016,-43.828826],[170.636714,-43.827868],[170.636114,-43.827706],[170.635896,-43.827504],[170.635664,-43.826855],[170.636189,-43.825781],[170.636307,-43.825029],[170.636201,-43.824599],[170.636456,-43.824238],[170.636477,-43.823244],[170.636614,-43.822758],[170.636924,-43.822343],[170.636931,-43.821889],[170.637147,-43.821236],[170.637212,-43.820652],[170.638261,-43.819277],[170.639,-43.818673],[170.639352,-43.818574],[170.64017,-43.818162],[170.642868,-43.817414],[170.64366,-43.817057],[170.644001,-43.816649],[170.644502,-43.816441],[170.645283,-43.815936],[170.645723,-43.815532],[170.645922,-43.815199],[170.646387,-43.815014],[170.646865,-43.814565],[170.647474,-43.814201],[170.6476,-43.813921],[170.648301,-43.813333],[170.648643,-43.812727],[170.648925,-43.812513],[170.649454,-43.812288],[170.650039,-43.812203],[170.651788,-43.811425],[170.652989,-43.811209],[170.65329,-43.811087],[170.653797,-43.810795],[170.655127,-43.809788],[170.655297,-43.809738],[170.655456,-43.809502],[170.65606,-43.809295],[170.656265,-43.809123],[170.656383,-43.808827],[170.656253,-43.808261],[170.656219,-43.807333],[170.655982,-43.807008],[170.656029,-43.806742],[170.655873,-43.806219],[170.656006,-43.805734],[170.65595,-43.805144],[170.65565,-43.804414],[170.655614,-43.80385],[170.655094,-43.803046],[170.655071,-43.802677],[170.654736,-43.802447],[170.653933,-43.802159],[170.653343,-43.801619],[170.652274,-43.801201],[170.651659,-43.8002],[170.651135,-43.800024],[170.650948,-43.799843],[170.650664,-43.799257],[170.650289,-43.798806],[170.650205,-43.797877],[170.649349,-43.796513],[170.64926,-43.796188],[170.649398,-43.795836],[170.649208,-43.795085],[170.649316,-43.794687],[170.649211,-43.794019],[170.648542,-43.79342],[170.648055,-43.793191],[170.647783,-43.792658],[170.647554,-43.792444],[170.647141,-43.792222],[170.646416,-43.792029],[170.646202,-43.791866],[170.646108,-43.791596],[170.646147,-43.79108],[170.645656,-43.789922],[170.645389,-43.78875],[170.644971,-43.788568],[170.644735,-43.788372],[170.643901,-43.78803],[170.643552,-43.787731],[170.643185,-43.787204],[170.643082,-43.786634],[170.641983,-43.785757],[170.640626,-43.78306],[170.640273,-43.781455],[170.64032,-43.780681],[170.640166,-43.780102],[170.639097,-43.777694],[170.639124,-43.77715],[170.639759,-43.77543],[170.63962,-43.774474],[170.639635,-43.772667],[170.6394,-43.771322],[170.639203,-43.769095],[170.639292,-43.767624],[170.639732,-43.765099],[170.640059,-43.761884],[170.640234,-43.76144],[170.641418,-43.759603],[170.642464,-43.757763],[170.643632,-43.756321],[170.644459,-43.755139],[170.648656,-43.750198],[170.651919,-43.74585],[170.654019,-43.742741],[170.656415,-43.739901],[170.658279,-43.738052],[170.659491,-43.737184],[170.661823,-43.73516],[170.663862,-43.733776],[170.667446,-43.73171],[170.668631,-43.730788],[170.668869,-43.730578],[170.669699,-43.729301],[170.670135,-43.728177],[170.670436,-43.727654],[170.670952,-43.7272],[170.671657,-43.726804],[170.672521,-43.726515],[170.672844,-43.726139],[170.673669,-43.725498],[170.673923,-43.724981],[170.674545,-43.724261],[170.675126,-43.723985],[170.676463,-43.722857],[170.677298,-43.722437],[170.678513,-43.72081],[170.68043,-43.719519],[170.681398,-43.719067],[170.683687,-43.719408],[170.684852,-43.719786],[170.685261,-43.719794],[170.686159,-43.720057],[170.686684,-43.720656],[170.686794,-43.720656],[170.686794,-43.720656],[170.688397,-43.720422],[170.688688,-43.720033],[170.689213,-43.719999],[170.690461,-43.720547],[170.691235,-43.720642],[170.693027,-43.720174],[170.694903,-43.720015],[170.695198,-43.719698],[170.695178,-43.719154],[170.697975,-43.718509],[170.698573,-43.718514],[170.700874,-43.718102],[170.7024,-43.717563],[170.703519,-43.717671],[170.703745,-43.717584],[170.703866,-43.717328],[170.704065,-43.717229],[170.704598,-43.71717],[170.704833,-43.717318],[170.705434,-43.718133],[170.706066,-43.718541],[170.706124,-43.718673],[170.706683,-43.718936],[170.707239,-43.71902],[170.707465,-43.719252],[170.708842,-43.719778],[170.708979,-43.71962],[170.709258,-43.719723],[170.709661,-43.720042],[170.709865,-43.720432],[170.710105,-43.720493],[170.710697,-43.720427],[170.711109,-43.720799],[170.711585,-43.721059],[170.711574,-43.72121],[170.711788,-43.721397],[170.713017,-43.721617],[170.713307,-43.72178],[170.713658,-43.722183],[170.713922,-43.72274],[170.714218,-43.72293],[170.714856,-43.723052],[170.71565,-43.723874],[170.716122,-43.723983],[170.717138,-43.724418],[170.71734,-43.724693],[170.717555,-43.724815],[170.718339,-43.725047],[170.718526,-43.725304],[170.719085,-43.725593],[170.719613,-43.725715],[170.72075,-43.726372],[170.720995,-43.726403],[170.721134,-43.726546],[170.721418,-43.726594],[170.721596,-43.726753],[170.72219,-43.726795],[170.722819,-43.726727],[170.723733,-43.726969],[170.724574,-43.727094],[170.724807,-43.726999],[170.725027,-43.727113],[170.726049,-43.727284],[170.726318,-43.727281],[170.727054,-43.727094],[170.728531,-43.727477],[170.729326,-43.727549],[170.72952,-43.727663],[170.730597,-43.727458],[170.731523,-43.727084],[170.732464,-43.726858],[170.733338,-43.726101],[170.734095,-43.725834],[170.734255,-43.725253],[170.734561,-43.724688],[170.734743,-43.723905],[170.735152,-43.723272],[170.735327,-43.722302],[170.735841,-43.721395],[170.736089,-43.721151],[170.736051,-43.720985],[170.736714,-43.720372],[170.736894,-43.719608],[170.736843,-43.719318],[170.737162,-43.71922],[170.737917,-43.718565],[170.738845,-43.718089],[170.739131,-43.717839],[170.739299,-43.717373],[170.739797,-43.716783],[170.74016,-43.716578],[170.740195,-43.716438],[170.740679,-43.716188],[170.740891,-43.715828],[170.741259,-43.715616],[170.74138,-43.715397],[170.741994,-43.715166],[170.742153,-43.714973],[170.742773,-43.714711],[170.745204,-43.712546],[170.745523,-43.712399],[170.745803,-43.71241],[170.746218,-43.712267],[170.746814,-43.711921],[170.748587,-43.711277],[170.749702,-43.711114],[170.751872,-43.710031],[170.752314,-43.709623],[170.752163,-43.709422],[170.752432,-43.709142],[170.752868,-43.708388],[170.753037,-43.707885],[170.753001,-43.707773],[170.752867,-43.707775],[170.752838,-43.707551],[170.752937,-43.707578],[170.7531,-43.707156],[170.753947,-43.706722],[170.754573,-43.706651],[170.754877,-43.706714],[170.755718,-43.706485],[170.755836,-43.706334],[170.756149,-43.706168],[170.756796,-43.706088],[170.75762,-43.705353],[170.758232,-43.705257],[170.758355,-43.704798],[170.758626,-43.704353],[170.759121,-43.704097],[170.759153,-43.703972],[170.759569,-43.703611],[170.760148,-43.703377],[170.76033,-43.703386],[170.760527,-43.702927],[170.760724,-43.702803],[170.761211,-43.702705],[170.761833,-43.702121],[170.762331,-43.70188],[170.76319,-43.700724],[170.763487,-43.700598],[170.763675,-43.700391],[170.763743,-43.699978],[170.763929,-43.699728],[170.764665,-43.699302],[170.76504,-43.698722],[170.765873,-43.698347],[170.76609,-43.698174],[170.766241,-43.697968],[170.766321,-43.697603],[170.766813,-43.697109],[170.766943,-43.696831],[170.767273,-43.696668],[170.767858,-43.696604],[170.768434,-43.696101],[170.768725,-43.695688],[170.769205,-43.695552],[170.769417,-43.695391],[170.769978,-43.695332],[170.770772,-43.694768],[170.771296,-43.69466],[170.771695,-43.694474],[170.771717,-43.694203],[170.771595,-43.694217],[170.771365,-43.69359],[170.771018,-43.693412],[170.771044,-43.693231],[170.771146,-43.693291],[170.771155,-43.693181],[170.771207,-43.693208],[170.771113,-43.693082],[170.771253,-43.692529],[170.771549,-43.692131],[170.771546,-43.69184],[170.771302,-43.691503],[170.771286,-43.691205],[170.771061,-43.691059],[170.770715,-43.690198],[170.770235,-43.689954],[170.769871,-43.689411],[170.769717,-43.689376],[170.769871,-43.689163],[170.76976,-43.689047],[170.769843,-43.688761],[170.770131,-43.688259],[170.770616,-43.687731],[170.770679,-43.687403],[170.770584,-43.687125],[170.770751,-43.687102],[170.770892,-43.686704],[170.771131,-43.686599],[170.771133,-43.686471],[170.771001,-43.686416],[170.771042,-43.686275],[170.771271,-43.686132],[170.771405,-43.685919],[170.771436,-43.685281],[170.771295,-43.68463],[170.770815,-43.684425],[170.770105,-43.684692],[170.769424,-43.6848],[170.769253,-43.684165],[170.769192,-43.683033],[170.769059,-43.682728],[170.768972,-43.682622],[170.768666,-43.68251],[170.767854,-43.682508],[170.767509,-43.682332],[170.767729,-43.682102],[170.767764,-43.68143],[170.767621,-43.68108],[170.767625,-43.680758],[170.767839,-43.680461],[170.767941,-43.679806],[170.767938,-43.679633],[170.767737,-43.679387],[170.767847,-43.679149],[170.767788,-43.678687],[170.767912,-43.678496],[170.767858,-43.678237],[170.768207,-43.677255],[170.768101,-43.677032],[170.768141,-43.676305],[170.767795,-43.675525],[170.767422,-43.675057],[170.76703,-43.674179],[170.766944,-43.673746],[170.767468,-43.672987],[170.766918,-43.672431],[170.766652,-43.671254],[170.767168,-43.670071],[170.767278,-43.669927],[170.767767,-43.669645],[170.767737,-43.668969],[170.767492,-43.668647],[170.767675,-43.668284],[170.7674,-43.667812],[170.767068,-43.667538],[170.766931,-43.667173],[170.766343,-43.666731],[170.76621,-43.666451],[170.766224,-43.666214],[170.766028,-43.666053],[170.766502,-43.665442],[170.76654,-43.665179],[170.76723,-43.664062],[170.768199,-43.663448],[170.768356,-43.66305],[170.768697,-43.662632],[170.768877,-43.662032],[170.768442,-43.661613],[170.768362,-43.660939],[170.768525,-43.660688],[170.768609,-43.660177],[170.768849,-43.659952],[170.768758,-43.659345],[170.768577,-43.659116],[170.76859,-43.658855],[170.768895,-43.658536],[170.76877,-43.658134],[170.768923,-43.657618],[170.768862,-43.657371],[170.769055,-43.657261],[170.769473,-43.656569],[170.769528,-43.656209],[170.769137,-43.655898],[170.768783,-43.655743],[170.768789,-43.655616],[170.768464,-43.655478],[170.768122,-43.654924],[170.767322,-43.654377],[170.767102,-43.653916],[170.766021,-43.652928],[170.765689,-43.652439],[170.765553,-43.652066],[170.765578,-43.651664],[170.765249,-43.651319],[170.765236,-43.650979],[170.765073,-43.650543],[170.764766,-43.650041],[170.764771,-43.649334],[170.764926,-43.649153],[170.764733,-43.648853],[170.764344,-43.647452],[170.764508,-43.647212],[170.765124,-43.6469],[170.765214,-43.646559],[170.765095,-43.646098],[170.765179,-43.645875],[170.764902,-43.645298],[170.764542,-43.644936],[170.76396,-43.643791],[170.76322,-43.641902],[170.763039,-43.639973],[170.763354,-43.638745],[170.76328,-43.638441],[170.764267,-43.637198],[170.764611,-43.637031],[170.764824,-43.636735],[170.76539,-43.6363],[170.765406,-43.636203],[170.765762,-43.636094],[170.7662,-43.635759],[170.766275,-43.635607],[170.766878,-43.635186],[170.767216,-43.634669],[170.76732,-43.634285],[170.767602,-43.633987],[170.767677,-43.63368],[170.767472,-43.633499],[170.767545,-43.633102],[170.767348,-43.632619],[170.767396,-43.631414],[170.767182,-43.631066],[170.767158,-43.630742],[170.767495,-43.630189],[170.767541,-43.629252],[170.767854,-43.629099],[170.767882,-43.628877],[170.768129,-43.628656],[170.768128,-43.628413],[170.768344,-43.628289],[170.768816,-43.627413],[170.769837,-43.626629],[170.770075,-43.626521],[170.770179,-43.62655],[170.770842,-43.626229],[170.771931,-43.625647],[170.772239,-43.625377],[170.773573,-43.62475],[170.773796,-43.624736],[170.774111,-43.624533],[170.77417,-43.624579],[170.774551,-43.624483],[170.775341,-43.624101],[170.775951,-43.624004],[170.777043,-43.623186],[170.777874,-43.622873],[170.778055,-43.622676],[170.778629,-43.622493],[170.77876,-43.622556],[170.779067,-43.622458],[170.779321,-43.62249],[170.781647,-43.622113],[170.782573,-43.622565],[170.784132,-43.62279],[170.785387,-43.623111],[170.786194,-43.623086],[170.787468,-43.62348],[170.788592,-43.624],[170.789092,-43.623965],[170.789297,-43.624096],[170.792056,-43.623505],[170.793045,-43.623054],[170.793698,-43.622973],[170.794562,-43.62322],[170.794883,-43.623156],[170.795316,-43.62322],[170.796128,-43.623176],[170.795957,-43.623343],[170.796011,-43.623617],[170.796112,-43.623533],[170.796288,-43.623806],[170.796215,-43.623868],[170.796545,-43.623913],[170.796588,-43.623838],[170.796795,-43.623919],[170.796944,-43.624051],[170.79676,-43.624212],[170.797002,-43.624094],[170.797024,-43.624206],[170.797187,-43.624151],[170.797095,-43.624233],[170.797239,-43.624274],[170.797219,-43.624217],[170.797392,-43.624143],[170.797338,-43.624341],[170.797478,-43.624437],[170.797829,-43.624468],[170.798227,-43.624311],[170.798386,-43.624627],[170.798273,-43.624719],[170.798284,-43.624832],[170.79902,-43.624746],[170.799293,-43.624958],[170.799336,-43.624882],[170.799405,-43.624914],[170.799449,-43.624736],[170.79961,-43.624855],[170.80012,-43.62453],[170.80025,-43.624293],[170.800586,-43.624147],[170.800766,-43.623911],[170.800931,-43.623836],[170.801073,-43.623529],[170.801614,-43.623739],[170.802332,-43.623584],[170.802651,-43.623613],[170.803264,-43.623418],[170.803534,-43.623506],[170.803746,-43.623483],[170.804316,-43.623],[170.804355,-43.622617],[170.804812,-43.622696],[170.804747,-43.622806],[170.804816,-43.622915],[170.805001,-43.622994],[170.804985,-43.622843],[170.805218,-43.622824],[170.805215,-43.622733],[170.80574,-43.6231],[170.806492,-43.623258],[170.806893,-43.623188],[170.807006,-43.623226],[170.806989,-43.623354],[170.807057,-43.623361],[170.8072,-43.623235],[170.807463,-43.62324],[170.807313,-43.623184],[170.807306,-43.623098],[170.807666,-43.623075],[170.807754,-43.622927],[170.808104,-43.622783],[170.808335,-43.622782],[170.808187,-43.622531],[170.808439,-43.622461],[170.809682,-43.62264],[170.810327,-43.622511],[170.811179,-43.622529],[170.812332,-43.622691],[170.813299,-43.622631],[170.813857,-43.622704],[170.814276,-43.622601],[170.814385,-43.622733],[170.814863,-43.622626],[170.816031,-43.622717],[170.816207,-43.622874],[170.816592,-43.622956],[170.816701,-43.622758],[170.817813,-43.622894],[170.81808,-43.622993],[170.818461,-43.62273],[170.81877,-43.62272],[170.818929,-43.622617],[170.819302,-43.622613],[170.819366,-43.622482],[170.820033,-43.622493],[170.819901,-43.622419],[170.82035,-43.622197],[170.821795,-43.622117],[170.822377,-43.622264],[170.822498,-43.622422],[170.822759,-43.622519],[170.822737,-43.622577],[170.823045,-43.622837],[170.82374,-43.623087],[170.824576,-43.623136],[170.825584,-43.622951],[170.826265,-43.622992],[170.826864,-43.62293],[170.828439,-43.623354],[170.829546,-43.623358],[170.831133,-43.623649],[170.832342,-43.623617],[170.833512,-43.623805],[170.834086,-43.623799],[170.834617,-43.623927],[170.83521,-43.62438],[170.835113,-43.624984],[170.834867,-43.625167],[170.834907,-43.625235],[170.834461,-43.625331],[170.834717,-43.625428],[170.83489,-43.625745],[170.83575,-43.625935],[170.836805,-43.625961],[170.83695,-43.625912],[170.836937,-43.625797],[170.837032,-43.62573],[170.838419,-43.625561],[170.839071,-43.625669],[170.840155,-43.625699],[170.840601,-43.625981],[170.841174,-43.625936],[170.841902,-43.626017],[170.842126,-43.62613],[170.843567,-43.626244],[170.844433,-43.626102],[170.844717,-43.626006],[170.844954,-43.625789],[170.8453,-43.625794],[170.845895,-43.625622],[170.846649,-43.625572],[170.848564,-43.626057],[170.849334,-43.62596],[170.849556,-43.625859],[170.84971,-43.625929],[170.850161,-43.625877],[170.850338,-43.625722],[170.850781,-43.625732],[170.851558,-43.625383],[170.852119,-43.625449],[170.85282,-43.625303],[170.853455,-43.625362],[170.853975,-43.625116],[170.854876,-43.624883],[170.855592,-43.624914],[170.856178,-43.624842],[170.85701,-43.625154],[170.857475,-43.625245],[170.857531,-43.625518],[170.859289,-43.625424],[170.860625,-43.625759],[170.861044,-43.625769],[170.861875,-43.626088],[170.862574,-43.626563],[170.863325,-43.62683],[170.863784,-43.627108],[170.86542,-43.627529],[170.865627,-43.627483],[170.866316,-43.626967],[170.867294,-43.626392],[170.867986,-43.626244],[170.868905,-43.626168],[170.86923,-43.625939],[170.870286,-43.625801],[170.870768,-43.625443],[170.871432,-43.625457],[170.871939,-43.625275],[170.874219,-43.625289],[170.87457,-43.6252],[170.874876,-43.624998],[170.874993,-43.624655],[170.875135,-43.624562],[170.876057,-43.624585],[170.876547,-43.62415],[170.876484,-43.623884],[170.876849,-43.623805],[170.876933,-43.623601],[170.877955,-43.623334],[170.878157,-43.623194],[170.878541,-43.623559],[170.878805,-43.623608],[170.878927,-43.623906],[170.879197,-43.624084],[170.881073,-43.62439],[170.882533,-43.623944],[170.883549,-43.623969],[170.884003,-43.623818],[170.885285,-43.624009],[170.887075,-43.623705],[170.888025,-43.623697],[170.889671,-43.623509],[170.891858,-43.623502],[170.894758,-43.62305],[170.894758,-43.62305],[170.895297,-43.624871],[170.895651,-43.625564],[170.897093,-43.627036],[170.897106,-43.627512],[170.896734,-43.628921],[170.896453,-43.63079],[170.89565,-43.634271],[170.895532,-43.635565],[170.895684,-43.636872],[170.895328,-43.637562],[170.895323,-43.638024],[170.895701,-43.638602],[170.897228,-43.639782],[170.898688,-43.640566],[170.899612,-43.640793],[170.906964,-43.643959],[170.907232,-43.644164],[170.909958,-43.647108],[170.910245,-43.647667],[170.910055,-43.650477],[170.910107,-43.65131],[170.910502,-43.651962],[170.914307,-43.654672],[170.916371,-43.655762],[170.916819,-43.656324],[170.917094,-43.656916],[170.917452,-43.658168],[170.917588,-43.658341],[170.918509,-43.658539],[170.918782,-43.658689],[170.920137,-43.659965],[170.920594,-43.660198],[170.922597,-43.660595],[170.923429,-43.66086],[170.92418,-43.661304],[170.925342,-43.662209],[170.930967,-43.664352],[170.932545,-43.665032],[170.932726,-43.665159],[170.932975,-43.66565],[170.933419,-43.666772],[170.933981,-43.667063],[170.935499,-43.667643],[170.935907,-43.667933],[170.93651,-43.668937],[170.936788,-43.669206],[170.939308,-43.67023],[170.940374,-43.67075],[170.941192,-43.671328],[170.942939,-43.672893],[170.944367,-43.673714],[170.94746,-43.674872],[170.949169,-43.675412],[170.950938,-43.676173],[170.951442,-43.676488],[170.95188,-43.676844],[170.953232,-43.678316],[170.955494,-43.681078],[170.956036,-43.681962],[170.956685,-43.683439],[170.957229,-43.684377],[170.958611,-43.685612],[170.959287,-43.685896],[170.960679,-43.686234],[170.971254,-43.691042],[170.976832,-43.693619],[170.979748,-43.695413],[170.979991,-43.695632],[170.981327,-43.696095],[170.98329,-43.696508],[170.986154,-43.696551],[170.988571,-43.696786],[170.989371,-43.696992],[170.991208,-43.697676],[170.992013,-43.697837],[170.998453,-43.698197],[171.000457,-43.698727],[171.00207,-43.698665],[171.002874,-43.698747],[171.003419,-43.698881],[171.00498,-43.699481],[171.00537,-43.699464],[171.006062,-43.699141],[171.0065,-43.699036],[171.008656,-43.699466],[171.00909,-43.699485],[171.010843,-43.699245],[171.01255,-43.69914],[171.013303,-43.699469],[171.014278,-43.699565],[171.014742,-43.699728],[171.015284,-43.700013],[171.015977,-43.701001],[171.017247,-43.701594],[171.017667,-43.701635],[171.018554,-43.701346],[171.019244,-43.701284],[171.027202,-43.704056],[171.027982,-43.7042],[171.029612,-43.704321],[171.030425,-43.704244],[171.031643,-43.703862],[171.032043,-43.703801],[171.032497,-43.703775],[171.033246,-43.703856],[171.035571,-43.705482],[171.036818,-43.706168],[171.039084,-43.707153],[171.040639,-43.707582],[171.042195,-43.707825],[171.043062,-43.708078],[171.044189,-43.708567],[171.045151,-43.709113],[171.046118,-43.709514],[171.047007,-43.709776],[171.049326,-43.710155],[171.052105,-43.710743],[171.053766,-43.711308],[171.061942,-43.714679],[171.062734,-43.714929],[171.069561,-43.716352],[171.071983,-43.716437],[171.074816,-43.716249],[171.076425,-43.7164],[171.080035,-43.717046],[171.089265,-43.718912],[171.092223,-43.719614],[171.096398,-43.720928],[171.101824,-43.725728],[171.106956,-43.728585],[171.113043,-43.732997],[171.113787,-43.7337],[171.119878,-43.738549],[171.121592,-43.739457],[171.122484,-43.739803],[171.123661,-43.740019],[171.12642,-43.740032],[171.128652,-43.741217],[171.131774,-43.74264],[171.132957,-43.743053],[171.134255,-43.743391],[171.139001,-43.744435],[171.14117,-43.744831],[171.146794,-43.745608],[171.147235,-43.745604],[171.148929,-43.745271],[171.150537,-43.74523],[171.153485,-43.745932],[171.155761,-43.747138],[171.157774,-43.74726],[171.159449,-43.746996],[171.160649,-43.748416],[171.160427,-43.74951],[171.159041,-43.750276],[171.158954,-43.750478],[171.159466,-43.75149],[171.159666,-43.75223],[171.159767,-43.75473],[171.160078,-43.75499],[171.162158,-43.756015],[171.163691,-43.757061],[171.16791,-43.760843],[171.170332,-43.762551],[171.171706,-43.763799],[171.175291,-43.768466],[171.175965,-43.769546],[171.179998,-43.776974],[171.181326,-43.778796],[171.1819,-43.779391],[171.18252,-43.779941],[171.184226,-43.781037],[171.18468,-43.781222],[171.186706,-43.781034],[171.186799,-43.781128],[171.186847,-43.781271],[171.186733,-43.781427],[171.185865,-43.781752],[171.185283,-43.782667],[171.185317,-43.782819],[171.185735,-43.782885],[171.187232,-43.782572],[171.187956,-43.782663],[171.188397,-43.783008],[171.188691,-43.783552],[171.189195,-43.784912],[171.190046,-43.787628],[171.191244,-43.789615],[171.192631,-43.792597],[171.193546,-43.79386],[171.203567,-43.796886],[171.203988,-43.797075],[171.203495,-43.797478],[171.202144,-43.797134],[171.201948,-43.797237],[171.201731,-43.797737],[171.201894,-43.797871],[171.203639,-43.798381],[171.204837,-43.798613],[171.20566,-43.798695],[171.206464,-43.798662],[171.207683,-43.798467],[171.210121,-43.797942],[171.213373,-43.79762],[171.21623,-43.797078],[171.216624,-43.797065],[171.218743,-43.797659],[171.219579,-43.797739],[171.224364,-43.797566],[171.228291,-43.797671],[171.230907,-43.797419],[171.232213,-43.797439],[171.232693,-43.797595],[171.233279,-43.798163],[171.233473,-43.798484],[171.233896,-43.799735],[171.234334,-43.800352],[171.236343,-43.800722],[171.237043,-43.801272],[171.238038,-43.802229],[171.238128,-43.803961],[171.238243,-43.804389],[171.240433,-43.806853],[171.241631,-43.807921],[171.241648,-43.808404],[171.240824,-43.810522],[171.240848,-43.810789],[171.241183,-43.811113],[171.250609,-43.817449],[171.25085,-43.817735],[171.25353,-43.82616],[171.253081,-43.830644],[171.254421,-43.848775],[171.255775,-43.855214],[171.256008,-43.866078],[171.25829,-43.872606],[171.260489,-43.876071],[171.261741,-43.87826],[171.264579,-43.884028],[171.265529,-43.886851],[171.265938,-43.887743],[171.265835,-43.887919],[171.26368,-43.889883],[171.263216,-43.891095],[171.262722,-43.891808],[171.261403,-43.894185],[171.261978,-43.8955],[171.261844,-43.895804],[171.25767,-43.900434],[171.258996,-43.907181],[171.260804,-43.910231],[171.263576,-43.923143],[171.26242,-43.936398],[171.281452,-43.945017],[171.28142,-43.947381],[171.283224,-43.948785],[171.286858,-43.949799],[171.287613,-43.949933],[171.287996,-43.950713],[171.291759,-43.963307],[171.29189,-43.964505],[171.29298,-43.966173],[171.294353,-43.970309],[171.294856,-43.973773],[171.296246,-43.97365],[171.296567,-43.973674],[171.29696,-43.973856],[171.297605,-43.974711],[171.29781,-43.975178],[171.308587,-43.97182],[171.311889,-43.970464],[171.313714,-43.969067],[171.316808,-43.965433],[171.34509,-43.930259],[171.428298,-43.812146],[171.430413,-43.809867],[171.432619,-43.807696],[171.434214,-43.806864],[171.435758,-43.806245],[171.436824,-43.805581],[171.437362,-43.805081],[171.437552,-43.8046],[171.437462,-43.803891],[171.436926,-43.802996],[171.428348,-43.79132],[171.425423,-43.785969],[171.422338,-43.78182],[171.417165,-43.776168],[171.400369,-43.753229],[171.400223,-43.74937],[171.394328,-43.740048],[171.393868,-43.739176],[171.393724,-43.73748],[171.392269,-43.738075],[171.36656,-43.716372],[171.364454,-43.714356],[171.367975,-43.715608],[171.364454,-43.714356],[171.345149,-43.695773],[171.343975,-43.694495],[171.341759,-43.692313],[171.340601,-43.691369],[171.33937,-43.691258],[171.338553,-43.691306],[171.337655,-43.691115],[171.336954,-43.690925],[171.336694,-43.690782],[171.329631,-43.688357],[171.318989,-43.685944],[171.314248,-43.683613],[171.305402,-43.679435],[171.302486,-43.675381],[171.301762,-43.67457],[171.298743,-43.673645],[171.297714,-43.673245],[171.294612,-43.672592],[171.293167,-43.672104],[171.292774,-43.671893],[171.29257,-43.671682],[171.292649,-43.671167],[171.292525,-43.671011],[171.291721,-43.670939],[171.290612,-43.671224],[171.289878,-43.671057],[171.289226,-43.670774],[171.289,-43.670554],[171.28907,-43.670241],[171.288962,-43.66971],[171.289296,-43.668166],[171.288771,-43.666806],[171.288779,-43.665097],[171.288634,-43.664774],[171.288635,-43.664483],[171.290431,-43.66332],[171.294732,-43.662773],[171.295343,-43.66221],[171.295451,-43.661923],[171.296034,-43.66123],[171.29628,-43.660633],[171.2965,-43.660354],[171.29706,-43.659924],[171.297651,-43.65956],[171.299175,-43.659841],[171.299494,-43.659521],[171.298764,-43.659043],[171.296888,-43.656268],[171.293931,-43.652629],[171.290832,-43.649641],[171.289028,-43.648114],[171.284982,-43.645482],[171.281457,-43.644585],[171.280636,-43.644557],[171.277844,-43.644749],[171.274713,-43.644734],[171.273646,-43.644791],[171.271874,-43.645336],[171.270584,-43.645898],[171.268584,-43.646335],[171.261129,-43.647101],[171.250239,-43.648384],[171.239086,-43.64974],[171.2382,-43.649941],[171.230035,-43.649944],[171.228709,-43.649755],[171.228339,-43.649602],[171.227527,-43.649055],[171.226427,-43.6482],[171.225129,-43.64766],[171.222971,-43.646445],[171.222094,-43.646138],[171.218357,-43.645168],[171.215969,-43.644809],[171.214345,-43.644373],[171.21349,-43.644034],[171.20587,-43.639939],[171.202489,-43.638514],[171.201701,-43.637706],[171.201398,-43.637075],[171.198738,-43.629557],[171.198584,-43.629277],[171.197802,-43.628673],[171.19758,-43.628298],[171.197335,-43.627123],[171.196252,-43.626048],[171.195584,-43.624577],[171.194605,-43.623636],[171.194211,-43.622752],[171.193543,-43.622199],[171.192825,-43.62184],[171.189983,-43.621063],[171.186645,-43.619186],[171.183321,-43.617735],[171.182131,-43.617143],[171.180491,-43.616486],[171.179617,-43.616248],[171.171854,-43.614638],[171.170372,-43.614412],[171.164194,-43.614618],[171.161356,-43.614867],[171.159511,-43.614869],[171.151868,-43.614183],[171.151004,-43.614237],[171.146641,-43.614887],[171.1449,-43.615061],[171.144029,-43.615047],[171.139708,-43.61464],[171.137972,-43.614646],[171.137088,-43.614769],[171.135059,-43.615521],[171.133847,-43.615871],[171.133027,-43.616052],[171.132216,-43.616117],[171.131014,-43.616007],[171.12908,-43.615346],[171.128398,-43.615446],[171.127176,-43.615765],[171.126646,-43.615778],[171.118759,-43.614163],[171.117558,-43.614008],[171.113112,-43.614319],[171.108273,-43.614756],[171.107393,-43.6149],[171.10684,-43.615149],[171.106377,-43.615153],[171.105225,-43.61491],[171.104353,-43.61485],[171.103048,-43.614952],[171.102611,-43.615059],[171.101749,-43.615437],[171.101326,-43.615476],[171.098289,-43.61556],[171.093084,-43.615518],[171.090243,-43.61599],[171.085799,-43.616479],[171.084184,-43.616564],[171.081365,-43.616404],[171.078569,-43.615875],[171.07535,-43.615538],[171.07375,-43.615084],[171.072968,-43.61496],[171.071334,-43.614975],[171.070134,-43.614718],[171.069231,-43.614354],[171.06686,-43.614269],[171.066462,-43.614194],[171.065896,-43.613905],[171.06433,-43.61386],[171.063497,-43.613717],[171.061352,-43.613119],[171.058761,-43.612555],[171.052866,-43.612003],[171.048252,-43.611019],[171.046049,-43.610741],[171.043243,-43.610265],[171.039243,-43.609442],[171.038034,-43.609432],[171.034392,-43.609799],[171.031968,-43.609892],[171.030755,-43.60987],[171.028758,-43.609589],[171.027578,-43.609282],[171.025768,-43.608592],[171.015807,-43.604231],[171.007813,-43.600633],[171.000929,-43.597946],[170.998536,-43.597274],[170.997869,-43.596846],[170.997029,-43.596033],[170.996417,-43.595751],[170.982978,-43.590358],[170.98035,-43.589543],[170.979444,-43.588898],[170.971763,-43.581409],[170.97085,-43.580863],[170.968271,-43.580073],[170.963067,-43.579495],[170.960281,-43.579041],[170.95709,-43.578275],[170.955836,-43.577679],[170.955312,-43.577533],[170.954948,-43.577541],[170.954948,-43.577541],[170.954963,-43.577138],[170.957245,-43.57714],[170.958877,-43.577471],[170.959061,-43.577414],[170.960631,-43.577625],[170.961883,-43.577546],[170.965323,-43.576906],[170.966841,-43.576806],[170.968609,-43.577175],[170.969562,-43.577669],[170.969823,-43.577714],[170.970492,-43.577407],[170.970773,-43.577169],[170.971028,-43.577147],[170.9712,-43.577045],[170.971724,-43.577018],[170.974232,-43.576376],[170.976481,-43.575446],[170.979935,-43.574284],[170.980367,-43.573983],[170.981276,-43.57364],[170.983402,-43.572504],[170.983878,-43.572414],[170.984194,-43.572273],[170.984316,-43.57233],[170.984784,-43.572304],[170.985573,-43.572055],[170.986441,-43.572225],[170.98705,-43.572509],[170.987485,-43.57252],[170.988549,-43.572733],[170.989432,-43.572664],[170.990325,-43.572735],[170.992224,-43.573156],[170.992401,-43.573313],[170.992435,-43.573527],[170.992797,-43.573869],[170.992769,-43.57447],[170.992876,-43.574772],[170.993788,-43.575288],[170.994256,-43.575778],[170.994811,-43.577013],[170.995109,-43.578355],[170.995195,-43.578413],[170.99504,-43.578927],[170.994957,-43.579864],[170.995099,-43.580161],[170.995015,-43.580381],[170.994734,-43.580315],[170.996074,-43.581596],[170.996773,-43.582045],[170.997423,-43.5826],[170.998404,-43.583126],[170.999212,-43.583834],[171.00016,-43.584084],[171.000803,-43.58464],[171.000944,-43.584791],[171.001,-43.585295],[171.001342,-43.58596],[171.002624,-43.587163],[171.003074,-43.587776],[171.003321,-43.588359],[171.003724,-43.588971],[171.004659,-43.590049],[171.006562,-43.591269],[171.007601,-43.591554],[171.01011,-43.592541],[171.010699,-43.592604],[171.010956,-43.592734],[171.011039,-43.592891],[171.011811,-43.592948],[171.012384,-43.593575],[171.012971,-43.593906],[171.016517,-43.59528],[171.017547,-43.595468],[171.018159,-43.595741],[171.019461,-43.595917],[171.0208,-43.596212],[171.021558,-43.596265],[171.02277,-43.596573],[171.02301,-43.596555],[171.024001,-43.596205],[171.026101,-43.595845],[171.0265,-43.595893],[171.026862,-43.596058],[171.027159,-43.596046],[171.028228,-43.595723],[171.028441,-43.595674],[171.02859,-43.595718],[171.030826,-43.595171],[171.032116,-43.594343],[171.033812,-43.592971],[171.034791,-43.592575],[171.035123,-43.592543],[171.035506,-43.592604],[171.036052,-43.592492],[171.036786,-43.59194],[171.037702,-43.591427],[171.038272,-43.590487],[171.038821,-43.58995],[171.039164,-43.588606],[171.039627,-43.58769],[171.040152,-43.587026],[171.040528,-43.586831],[171.041704,-43.586553],[171.043264,-43.586413],[171.04356,-43.58621],[171.044322,-43.585962],[171.044664,-43.585688],[171.044867,-43.585252],[171.045402,-43.585123],[171.045995,-43.58466],[171.046531,-43.584484],[171.047316,-43.583999],[171.049321,-43.583039],[171.054096,-43.578817],[171.054406,-43.578775],[171.054708,-43.578636],[171.056826,-43.577554],[171.057303,-43.5776],[171.058911,-43.577375],[171.060111,-43.57696],[171.061762,-43.576548],[171.061949,-43.576462],[171.062129,-43.57618],[171.062978,-43.576172],[171.064663,-43.575788],[171.064714,-43.575606],[171.065248,-43.575063],[171.066151,-43.574748],[171.067061,-43.574771],[171.067851,-43.575062],[171.068235,-43.575083],[171.068602,-43.575243],[171.069414,-43.575354],[171.06997,-43.575512],[171.070375,-43.575468],[171.071615,-43.575731],[171.071891,-43.575649],[171.072677,-43.575855],[171.073063,-43.575758],[171.074758,-43.57561],[171.075962,-43.575321],[171.077474,-43.57557],[171.078547,-43.575868],[171.078557,-43.575811],[171.079526,-43.575803],[171.080104,-43.575645],[171.081156,-43.57564],[171.082973,-43.575436],[171.084494,-43.575613],[171.086227,-43.575287],[171.087964,-43.575427],[171.088793,-43.575585],[171.089574,-43.576004],[171.090369,-43.57617],[171.090523,-43.576142],[171.090874,-43.575841],[171.091446,-43.575742],[171.092081,-43.57576],[171.092499,-43.575374],[171.09329,-43.575029],[171.093619,-43.574959],[171.094651,-43.574933],[171.095253,-43.575189],[171.096753,-43.575443],[171.097397,-43.575705],[171.099218,-43.57676],[171.099764,-43.576948],[171.100108,-43.577363],[171.100268,-43.57789],[171.100203,-43.578235],[171.100652,-43.578957],[171.101135,-43.579218],[171.102014,-43.579955],[171.102431,-43.580175],[171.102569,-43.580337],[171.102615,-43.58071],[171.103341,-43.580892],[171.104097,-43.581214],[171.105036,-43.581347],[171.105404,-43.581639],[171.105743,-43.582184],[171.106598,-43.582676],[171.107581,-43.582519],[171.109117,-43.582022],[171.110837,-43.581726],[171.114587,-43.581998],[171.116806,-43.582271],[171.118673,-43.582617],[171.121804,-43.58246],[171.122868,-43.582475],[171.123694,-43.582592],[171.12491,-43.582882],[171.126479,-43.583407],[171.127471,-43.583837],[171.129592,-43.584228],[171.130065,-43.584226],[171.131392,-43.584792],[171.134934,-43.585781],[171.136171,-43.585954],[171.138611,-43.586155],[171.139319,-43.586133],[171.14016,-43.586399],[171.141677,-43.58667],[171.144169,-43.586933],[171.144804,-43.587086],[171.145976,-43.587144],[171.147072,-43.587286],[171.147693,-43.587195],[171.152949,-43.588153],[171.154264,-43.588117],[171.154726,-43.588043],[171.156826,-43.587217],[171.158162,-43.586113],[171.158531,-43.585904],[171.159395,-43.585606],[171.159951,-43.585203],[171.160364,-43.58501],[171.160546,-43.584807],[171.160537,-43.584322],[171.160659,-43.583933],[171.160829,-43.583945],[171.160822,-43.583771],[171.161019,-43.583444],[171.16246,-43.581616],[171.163287,-43.581173],[171.167643,-43.580616],[171.173882,-43.579597],[171.175153,-43.579514],[171.176407,-43.579624],[171.178408,-43.57901],[171.179771,-43.578442],[171.181658,-43.577879],[171.183371,-43.577471],[171.183754,-43.577291],[171.183951,-43.576973],[171.184286,-43.574341],[171.184986,-43.573583],[171.185405,-43.572851],[171.186699,-43.571502],[171.186678,-43.570769],[171.187352,-43.568906],[171.187477,-43.567978],[171.188196,-43.5665],[171.189358,-43.565032],[171.190007,-43.562887],[171.191449,-43.560464],[171.192767,-43.559067],[171.193411,-43.55859],[171.194169,-43.557624],[171.195066,-43.55689],[171.195768,-43.556518],[171.196419,-43.555773],[171.19718,-43.555118],[171.197523,-43.554627],[171.197975,-43.554384],[171.198388,-43.554329],[171.199623,-43.553375],[171.200395,-43.553116],[171.202461,-43.552744],[171.203182,-43.552443],[171.203776,-43.551669],[171.204825,-43.550592],[171.205355,-43.549856],[171.205762,-43.549556],[171.207061,-43.549331],[171.207436,-43.549354],[171.2082,-43.549591],[171.208986,-43.550308],[171.209337,-43.551237],[171.210301,-43.552293],[171.210674,-43.553012],[171.211035,-43.553441],[171.211216,-43.55358],[171.212281,-43.553814],[171.214275,-43.554665],[171.214716,-43.554629],[171.215729,-43.553389],[171.216912,-43.552611],[171.217609,-43.552355],[171.219462,-43.552691],[171.220418,-43.55277],[171.220418,-43.55277],[171.222763,-43.553469],[171.223658,-43.55349],[171.225087,-43.553915],[171.228282,-43.555089],[171.22893,-43.555588],[171.229147,-43.555587],[171.231355,-43.554612],[171.232088,-43.554547],[171.232887,-43.554295],[171.237162,-43.553315],[171.239561,-43.553057],[171.240392,-43.552876],[171.240887,-43.552908],[171.241334,-43.552743],[171.243722,-43.552365],[171.245048,-43.552007],[171.246002,-43.551956],[171.246075,-43.551367],[171.246326,-43.550884],[171.24671,-43.550755],[171.246762,-43.550597],[171.24713,-43.550549],[171.248275,-43.549873],[171.248557,-43.549581],[171.249201,-43.549159],[171.249947,-43.548421],[171.250201,-43.547638],[171.250058,-43.546638],[171.24982,-43.546222],[171.24952,-43.54496],[171.249313,-43.537941],[171.251084,-43.53516],[171.251482,-43.534878],[171.251611,-43.534873],[171.250713,-43.534505],[171.249366,-43.532991],[171.249658,-43.531286],[171.249384,-43.529543],[171.248164,-43.529115],[171.247874,-43.528882],[171.247783,-43.528239],[171.247524,-43.527564],[171.247453,-43.525983],[171.24768,-43.523288],[171.247864,-43.522393],[171.248117,-43.521851],[171.248738,-43.521192],[171.250177,-43.520197],[171.250929,-43.51894],[171.251345,-43.518554],[171.251453,-43.517991],[171.251436,-43.517329],[171.250729,-43.515442],[171.250728,-43.514161],[171.250604,-43.513365],[171.250707,-43.5127],[171.250175,-43.511128],[171.249958,-43.51006],[171.249526,-43.509153],[171.249565,-43.508235],[171.250063,-43.507086],[171.249326,-43.50387],[171.249331,-43.500531],[171.249182,-43.499643],[171.24909,-43.499282],[171.248336,-43.498494],[171.248062,-43.497757],[171.248008,-43.496879],[171.248206,-43.49606],[171.248621,-43.49521],[171.250282,-43.493803],[171.250869,-43.493546],[171.251804,-43.492942],[171.252414,-43.492326],[171.252602,-43.491926],[171.252593,-43.491481],[171.252593,-43.491481],[171.252562,-43.491028],[171.252279,-43.490609],[171.252115,-43.490191],[171.252122,-43.489934],[171.251806,-43.4893],[171.25162,-43.485519],[171.251896,-43.484333],[171.253201,-43.482003],[171.254384,-43.480873],[171.255332,-43.480119],[171.255817,-43.479783],[171.256484,-43.479458],[171.256915,-43.478877],[171.257086,-43.478318],[171.257272,-43.478126],[171.257206,-43.477936],[171.257319,-43.477772],[171.257307,-43.477062],[171.257218,-43.476597],[171.257339,-43.475978],[171.25806,-43.474996],[171.258381,-43.474702],[171.258984,-43.474371],[171.259573,-43.473567],[171.259508,-43.473012],[171.259637,-43.47257],[171.259543,-43.471815],[171.259764,-43.471459],[171.259803,-43.471123],[171.260541,-43.470269],[171.26116,-43.469868],[171.261604,-43.46939],[171.262041,-43.469232],[171.262235,-43.468998],[171.26224,-43.468777],[171.262853,-43.468131],[171.263883,-43.467383],[171.264095,-43.467374],[171.26422,-43.467067],[171.264081,-43.466142],[171.26418,-43.465778],[171.264613,-43.465311],[171.264705,-43.465016],[171.26519,-43.464472],[171.265535,-43.464333],[171.265512,-43.464118],[171.265653,-43.463977],[171.266055,-43.463806],[171.266022,-43.463581],[171.266317,-43.463465],[171.266683,-43.463062],[171.266966,-43.462949],[171.267542,-43.462897],[171.267602,-43.462652],[171.267477,-43.462027],[171.267664,-43.461909],[171.267745,-43.461691],[171.26841,-43.461441],[171.268469,-43.461474],[171.270741,-43.459664],[171.271281,-43.459067],[171.272866,-43.458417],[171.274143,-43.458202],[171.274655,-43.458002],[171.275131,-43.457736],[171.275564,-43.457373],[171.27592,-43.457243],[171.276208,-43.456575],[171.276505,-43.456277],[171.277357,-43.456097],[171.277581,-43.455895],[171.277227,-43.454492],[171.276897,-43.454001],[171.276251,-43.453586],[171.276184,-43.452989],[171.276455,-43.452327],[171.277095,-43.45145],[171.277224,-43.450936],[171.2774,-43.450733],[171.277734,-43.449978],[171.277835,-43.449923],[171.278,-43.449388],[171.277995,-43.448759],[171.278818,-43.448266],[171.279118,-43.4482],[171.279643,-43.448287],[171.280523,-43.448603],[171.280835,-43.44858],[171.281294,-43.448725],[171.282598,-43.448653],[171.282938,-43.448568],[171.282998,-43.44836],[171.283157,-43.448229],[171.283737,-43.448094],[171.284701,-43.447739],[171.285693,-43.447291],[171.286075,-43.447211],[171.286631,-43.447227],[171.287109,-43.446892],[171.28787,-43.446687],[171.287971,-43.446298],[171.288947,-43.445666],[171.289167,-43.445386],[171.29028,-43.44454],[171.290542,-43.444038],[171.290864,-43.443641],[171.291177,-43.443439],[171.291141,-43.443394],[171.291551,-43.443426],[171.291795,-43.443567],[171.291816,-43.443721],[171.291975,-43.443709],[171.292678,-43.443403],[171.293519,-43.443176],[171.294049,-43.442841],[171.294918,-43.440769],[171.294879,-43.4402],[171.295142,-43.439925],[171.295677,-43.439687],[171.295956,-43.439455],[171.296051,-43.438919],[171.296352,-43.438473],[171.296687,-43.438277],[171.296618,-43.437507],[171.29671,-43.437195],[171.297067,-43.436711],[171.298131,-43.43649],[171.299234,-43.43606],[171.299896,-43.435665],[171.300307,-43.435159],[171.300925,-43.434862],[171.300976,-43.4349],[171.301478,-43.434521],[171.302319,-43.434051],[171.303121,-43.433326],[171.303265,-43.433309],[171.303814,-43.432948],[171.30409,-43.432894],[171.304621,-43.432566],[171.305176,-43.432503],[171.30544,-43.432388],[171.305531,-43.432206],[171.305862,-43.431981],[171.306033,-43.431537],[171.306423,-43.431195],[171.306616,-43.430841],[171.307157,-43.430278],[171.307347,-43.429919],[171.307773,-43.429583],[171.308239,-43.429427],[171.308389,-43.429234],[171.308591,-43.429174],[171.308554,-43.429134],[171.308988,-43.429055],[171.309677,-43.428755],[171.310691,-43.428983],[171.311143,-43.42899],[171.311667,-43.428624],[171.31179,-43.428436],[171.312055,-43.428517],[171.312343,-43.428504],[171.312955,-43.428277],[171.313398,-43.428264],[171.314263,-43.428568],[171.314691,-43.428338],[171.315291,-43.428378],[171.31612,-43.427992],[171.316233,-43.427815],[171.316642,-43.427556],[171.318239,-43.427234],[171.318573,-43.42725],[171.318855,-43.427454],[171.3196,-43.427746],[171.321833,-43.427539],[171.322281,-43.427386],[171.322529,-43.427141],[171.322679,-43.427142],[171.322985,-43.42694],[171.324743,-43.426416],[171.325078,-43.426349],[171.326044,-43.426395],[171.326604,-43.426178],[171.327016,-43.425799],[171.327392,-43.42574],[171.32767,-43.425506],[171.328663,-43.42548],[171.329307,-43.424912],[171.330437,-43.424488],[171.330791,-43.424464],[171.33127,-43.423926],[171.331506,-43.423851],[171.331676,-43.423312],[171.331926,-43.423005],[171.332198,-43.422864],[171.332713,-43.422385],[171.33314,-43.422369],[171.334303,-43.421355],[171.334401,-43.421047],[171.334592,-43.420843],[171.335045,-43.420475],[171.33559,-43.420224],[171.335891,-43.419931],[171.336474,-43.41984],[171.336586,-43.419882],[171.336687,-43.419667],[171.336874,-43.419555],[171.337403,-43.419466],[171.337872,-43.419242],[171.33842,-43.419202],[171.339047,-43.419311],[171.339244,-43.419431],[171.339529,-43.419359],[171.339728,-43.41947],[171.340039,-43.419382],[171.340261,-43.419415],[171.340803,-43.419686],[171.342102,-43.419258],[171.342388,-43.419366],[171.342435,-43.419482],[171.342135,-43.419925],[171.342067,-43.420279],[171.343114,-43.420948],[171.343903,-43.421231],[171.344141,-43.421682],[171.344429,-43.421896],[171.345165,-43.421874],[171.34573,-43.421737],[171.345985,-43.421765],[171.346196,-43.421804],[171.346626,-43.422109],[171.346758,-43.422069],[171.347537,-43.422237],[171.348107,-43.422478],[171.348407,-43.422522],[171.348709,-43.422389],[171.349152,-43.422401],[171.350143,-43.422725],[171.350368,-43.422704],[171.351095,-43.423533],[171.351264,-43.423534],[171.351393,-43.423689],[171.351538,-43.424218],[171.351766,-43.424592],[171.352182,-43.424802],[171.352628,-43.425206],[171.35297,-43.425337],[171.353363,-43.425732],[171.353762,-43.425782],[171.353978,-43.425703],[171.354831,-43.425881],[171.35506,-43.426258],[171.355145,-43.4268],[171.355909,-43.427099],[171.356137,-43.427262],[171.356419,-43.427317],[171.356647,-43.427633],[171.358062,-43.428175],[171.359458,-43.42831],[171.359619,-43.428472],[171.359627,-43.429095],[171.359938,-43.429538],[171.360171,-43.429655],[171.361016,-43.429545],[171.361758,-43.429846],[171.362162,-43.429928],[171.362885,-43.429577],[171.363171,-43.429521],[171.363442,-43.429697],[171.363724,-43.429725],[171.364046,-43.429906],[171.364441,-43.429931],[171.364801,-43.429798],[171.364936,-43.429587],[171.365441,-43.429542],[171.36597,-43.429577],[171.366851,-43.430082],[171.367117,-43.4301],[171.366864,-43.429419],[171.367056,-43.428943],[171.366829,-43.428372],[171.366647,-43.427245],[171.366419,-43.426599],[171.366426,-43.426276],[171.365977,-43.42568],[171.365823,-43.425289],[171.365956,-43.42458],[171.365723,-43.424237],[171.365826,-43.423732],[171.365718,-43.423412],[171.365389,-43.423172],[171.364836,-43.422962],[171.364162,-43.422389],[171.364004,-43.422341],[171.36344,-43.422327],[171.362893,-43.42258],[171.362707,-43.422455],[171.362454,-43.422017],[171.362517,-43.421949],[171.3628,-43.421991],[171.362889,-43.421883],[171.362906,-43.421525],[171.363087,-43.421296],[171.363017,-43.421095],[171.363315,-43.420666],[171.363675,-43.420338],[171.364227,-43.420149],[171.365474,-43.41942],[171.365826,-43.419337],[171.366112,-43.418942],[171.366571,-43.4186],[171.366563,-43.418493],[171.36623,-43.418331],[171.365905,-43.418486],[171.364788,-43.418774],[171.363928,-43.418864],[171.363695,-43.418817],[171.363652,-43.418651],[171.364185,-43.41805],[171.364063,-43.417484],[171.362911,-43.416205],[171.362688,-43.41611],[171.362856,-43.415894],[171.362752,-43.415405],[171.362577,-43.415107],[171.362471,-43.41437],[171.362523,-43.414094],[171.362963,-43.41379],[171.363167,-43.413496],[171.363063,-43.413176],[171.363133,-43.412956],[171.363028,-43.412246],[171.363042,-43.411302],[171.362584,-43.410619],[171.362374,-43.410062],[171.362658,-43.409594],[171.362538,-43.409367],[171.362772,-43.408961],[171.362734,-43.408793],[171.362422,-43.408437],[171.361963,-43.408258],[171.362103,-43.407894],[171.361936,-43.407571],[171.362041,-43.407187],[171.362373,-43.402608],[171.362275,-43.40257],[171.362421,-43.402612],[171.362304,-43.402418],[171.362303,-43.402111],[171.362568,-43.401272],[171.362397,-43.400851],[171.362239,-43.400692],[171.362587,-43.400124],[171.362367,-43.399619],[171.36253,-43.398755],[171.362699,-43.398492],[171.362961,-43.398311],[171.363105,-43.398311],[171.363365,-43.398072],[171.36333,-43.39792],[171.363496,-43.397615],[171.36354,-43.397277],[171.363958,-43.396667],[171.36406,-43.396337],[171.364023,-43.396126],[171.364749,-43.395506],[171.364726,-43.39488],[171.365051,-43.394711],[171.365021,-43.394573],[171.365304,-43.394103],[171.365301,-43.393812],[171.365479,-43.393315],[171.365861,-43.392862],[171.365875,-43.39231],[171.366047,-43.391619],[171.36629,-43.391343],[171.366376,-43.391017],[171.367249,-43.390162],[171.367697,-43.389371],[171.367739,-43.388876],[171.367481,-43.388195],[171.367069,-43.388069],[171.367148,-43.387882],[171.367443,-43.387662],[171.368073,-43.387495],[171.368226,-43.387538],[171.368315,-43.387403],[171.369415,-43.387393],[171.369513,-43.387207],[171.369445,-43.387126],[171.368749,-43.386909],[171.368794,-43.386655],[171.368654,-43.386367],[171.368787,-43.38627],[171.369815,-43.386014],[171.370122,-43.385804],[171.371251,-43.385411],[171.371222,-43.385175],[171.370869,-43.385019],[171.370641,-43.384705],[171.370451,-43.383578],[171.370538,-43.383504],[171.371003,-43.383483],[171.371137,-43.383362],[171.370837,-43.383298],[171.369976,-43.382426],[171.36992,-43.381604],[171.370029,-43.381017],[171.369454,-43.379583],[171.369654,-43.379363],[171.369374,-43.379205],[171.369042,-43.379444],[171.369003,-43.379407],[171.368627,-43.378748],[171.368758,-43.378285],[171.369062,-43.378038],[171.36985,-43.377841],[171.370113,-43.37782],[171.370434,-43.377903],[171.370964,-43.377474],[171.371646,-43.376666],[171.371854,-43.376156],[171.372552,-43.375298],[171.372762,-43.374805],[171.372912,-43.374051],[171.37326,-43.373685],[171.373181,-43.373372],[171.373295,-43.372819],[171.373888,-43.3714],[171.375585,-43.369784],[171.375414,-43.369081],[171.375496,-43.367986],[171.375424,-43.367632],[171.374758,-43.366581],[171.374666,-43.366274],[171.374699,-43.365783],[171.375082,-43.36481],[171.375082,-43.364507],[171.375267,-43.364164],[171.375299,-43.363835],[171.375114,-43.363311],[171.375089,-43.36264],[171.374165,-43.362234],[171.373951,-43.362266],[171.373828,-43.362473],[171.37348,-43.362627],[171.372952,-43.362637],[171.372178,-43.362532],[171.371661,-43.362311],[171.371017,-43.36176],[171.37022,-43.361321],[171.369652,-43.36148],[171.369066,-43.361523],[171.368798,-43.361451],[171.368501,-43.361188],[171.36848,-43.360708],[171.367957,-43.36029],[171.368187,-43.359559],[171.367934,-43.358936],[171.368483,-43.358815],[171.368954,-43.358346],[171.369341,-43.358132],[171.369418,-43.357993],[171.369301,-43.357885],[171.368262,-43.358168],[171.368224,-43.358124],[171.36896,-43.357386],[171.369366,-43.357271],[171.369112,-43.357209],[171.368646,-43.3573],[171.368469,-43.357349],[171.368266,-43.357573],[171.368869,-43.356862],[171.369273,-43.356794],[171.368762,-43.356728],[171.368218,-43.356807],[171.368056,-43.356947],[171.368014,-43.356865],[171.369069,-43.355963],[171.368203,-43.3558],[171.367851,-43.355489],[171.367966,-43.355115],[171.367803,-43.354714],[171.367895,-43.354472],[171.367805,-43.354114],[171.366808,-43.352406],[171.366792,-43.352031],[171.366459,-43.351549],[171.366523,-43.351508],[171.366939,-43.351609],[171.367346,-43.351827],[171.367458,-43.351697],[171.367365,-43.351419],[171.367474,-43.351085],[171.367247,-43.350586],[171.367109,-43.349156],[171.36732,-43.348738],[171.367532,-43.347924],[171.368232,-43.34665],[171.368336,-43.346295],[171.36825,-43.345971],[171.368616,-43.345711],[171.368734,-43.345413],[171.368702,-43.345083],[171.368504,-43.344763],[171.368546,-43.344663],[171.36828,-43.344065],[171.368333,-43.343229],[171.368591,-43.342576],[171.369283,-43.341665],[171.369509,-43.341057],[171.36951,-43.340798],[171.369346,-43.340447],[171.369399,-43.34001],[171.369587,-43.339765],[171.369589,-43.339639],[171.369484,-43.3396],[171.3695,-43.339347],[171.369783,-43.338409],[171.370036,-43.338039],[171.370181,-43.337599],[171.370489,-43.337373],[171.371282,-43.336475],[171.371774,-43.336235],[171.372281,-43.335752],[171.37289,-43.335347],[171.37365,-43.335],[171.374038,-43.334582],[171.374884,-43.334265],[171.374956,-43.334078],[171.374961,-43.332866],[171.375798,-43.331974],[171.375977,-43.331266],[171.376436,-43.330662],[171.376311,-43.330392],[171.376657,-43.330178],[171.376784,-43.329851],[171.377937,-43.328254],[171.379003,-43.32767],[171.37931,-43.327357],[171.379675,-43.327183],[171.38043,-43.326611],[171.38067,-43.325805],[171.381165,-43.324909],[171.381327,-43.324877],[171.381431,-43.324743],[171.381721,-43.324185],[171.382041,-43.32322],[171.382542,-43.322654],[171.38395,-43.321653],[171.384052,-43.321342],[171.384406,-43.32087],[171.384311,-43.320435],[171.384495,-43.319832],[171.384499,-43.319415],[171.384823,-43.318966],[171.385248,-43.318859],[171.385248,-43.318859],[171.389147,-43.320244],[171.393682,-43.322999],[171.396255,-43.325895],[171.39736,-43.327677],[171.397201,-43.329356],[171.398211,-43.33038],[171.402228,-43.33094],[171.403818,-43.331804],[171.405734,-43.333428],[171.421784,-43.339653],[171.42744,-43.342721],[171.430989,-43.34277],[171.435049,-43.344221],[171.438598,-43.344269],[171.44361,-43.345182],[171.443715,-43.345146],[171.447391,-43.347183],[171.450778,-43.35006],[171.453207,-43.35385],[171.454459,-43.356032],[171.45565,-43.357162],[171.456988,-43.359459],[171.457669,-43.36233],[171.460769,-43.364378],[171.464319,-43.369341],[171.468946,-43.37225],[171.472867,-43.374002],[171.473179,-43.373999],[171.476727,-43.375962],[171.476844,-43.376446],[171.477587,-43.376791],[171.477771,-43.376773],[171.478043,-43.376536],[171.478302,-43.376432],[171.486381,-43.379314],[171.485618,-43.380568],[171.48564,-43.38106],[171.485809,-43.381333],[171.488311,-43.382042],[171.488788,-43.3818],[171.507934,-43.382518],[171.509334,-43.383207],[171.510441,-43.385166],[171.516721,-43.385661],[171.520728,-43.388608],[171.523759,-43.389185],[171.529631,-43.391717],[171.533143,-43.392146],[171.533531,-43.392357],[171.533805,-43.392418],[171.534827,-43.393059],[171.535716,-43.393987],[171.539797,-43.394507],[171.540529,-43.394866],[171.541423,-43.395102],[171.542513,-43.395196],[171.54332,-43.394653],[171.544616,-43.394303],[171.54545,-43.39423],[171.545681,-43.394063],[171.547583,-43.394445],[171.548864,-43.394883],[171.549306,-43.394695],[171.550639,-43.394983],[171.552294,-43.396038],[171.553054,-43.397273],[171.553823,-43.399556],[171.55431,-43.400614],[171.558097,-43.4051],[171.55863,-43.405274],[171.55935,-43.406904],[171.560017,-43.407978],[171.561799,-43.410043],[171.562772,-43.410514],[171.564335,-43.411641],[171.564862,-43.412379],[171.565311,-43.414072],[171.566292,-43.415033],[171.570054,-43.416513],[171.571354,-43.416535],[171.572269,-43.417794],[171.572766,-43.418293],[171.573707,-43.418809],[171.573407,-43.421886],[171.572803,-43.422245],[171.572395,-43.42342],[171.572168,-43.425644],[171.575088,-43.429309],[171.576201,-43.429923],[171.57747,-43.430902],[171.578258,-43.432109],[171.578435,-43.432503],[171.57828,-43.432821],[171.578634,-43.433336],[171.581314,-43.43485],[171.582296,-43.435229],[171.584114,-43.437077],[171.58534,-43.437407],[171.58555,-43.438696],[171.584793,-43.440534],[171.584131,-43.442469],[171.586655,-43.447218],[171.586497,-43.451356],[171.585952,-43.451858],[171.586933,-43.454262],[171.586488,-43.45456],[171.585335,-43.454712],[171.584981,-43.454908],[171.583472,-43.456505],[171.583672,-43.457335],[171.583796,-43.458471],[171.584771,-43.462685],[171.588103,-43.46807],[171.58793,-43.476359],[171.591332,-43.480158],[171.591557,-43.484473],[171.602126,-43.493561],[171.608618,-43.498282],[171.609783,-43.499496],[171.614646,-43.507072],[171.616264,-43.511503],[171.620445,-43.524102],[171.625528,-43.520732],[171.626631,-43.520337],[171.627708,-43.520148],[171.636517,-43.520319],[171.637597,-43.520056],[171.641705,-43.517906],[171.642395,-43.517674],[171.644779,-43.517378],[171.647768,-43.517205],[171.648786,-43.517031],[171.649322,-43.517132],[171.650167,-43.517424],[171.650747,-43.517468],[171.653394,-43.518825],[171.654332,-43.519003],[171.655141,-43.518605],[171.655655,-43.518119],[171.656403,-43.517703],[171.657667,-43.517646],[171.658245,-43.517708],[171.658809,-43.517836],[171.659282,-43.518134],[171.659937,-43.518907],[171.661866,-43.519762],[171.66284,-43.520434],[171.6646,-43.51916],[171.662869,-43.517255],[171.663339,-43.516969],[171.665241,-43.517226],[171.666548,-43.517579],[171.667034,-43.517153],[171.665556,-43.515795],[171.665882,-43.515039],[171.666315,-43.515832],[171.667707,-43.516439],[171.668564,-43.51613],[171.668905,-43.515834],[171.669762,-43.515572],[171.669502,-43.515072],[171.669274,-43.514309],[171.669446,-43.514086],[171.6698,-43.514409],[171.67065,-43.513819],[171.667072,-43.510701],[171.667315,-43.503736],[171.66637,-43.501615],[171.666189,-43.496943],[171.663544,-43.489398],[171.663592,-43.489316],[171.661587,-43.488222],[171.65463,-43.484155],[171.645438,-43.47604],[171.644175,-43.474575],[171.641264,-43.472379],[171.637563,-43.469199],[171.63691,-43.467326],[171.636149,-43.462601],[171.635595,-43.46124],[171.635467,-43.454834],[171.635264,-43.453189],[171.632378,-43.446909],[171.631999,-43.445688],[171.630994,-43.44439],[171.630263,-43.443979],[171.629033,-43.443903],[171.627879,-43.443699],[171.627195,-43.443501],[171.624268,-43.440917],[171.62207,-43.439332],[171.620423,-43.438338],[171.619469,-43.437604],[171.617217,-43.434786],[171.614664,-43.432739],[171.613705,-43.432362],[171.608942,-43.429277],[171.606912,-43.425891],[171.605563,-43.419652],[171.604372,-43.41699],[171.604483,-43.415775],[171.603755,-43.414328],[171.594957,-43.405009],[171.594535,-43.40473],[171.59253,-43.404409],[171.589975,-43.399426],[171.58868,-43.398588],[171.586969,-43.398149],[171.586022,-43.397647],[171.531206,-43.365801],[171.530942,-43.365789],[171.530703,-43.365936],[171.530641,-43.366773],[171.530269,-43.366902],[171.530086,-43.366844],[171.529433,-43.365598],[171.528819,-43.364933],[171.528322,-43.364613],[171.52771,-43.364453],[171.52771,-43.364453],[171.528717,-43.363305],[171.528849,-43.363258],[171.529727,-43.363261],[171.530565,-43.363088],[171.53098,-43.362908],[171.531141,-43.362486],[171.531428,-43.362742],[171.531615,-43.362757],[171.531682,-43.362357],[171.531519,-43.362396],[171.531492,-43.362348],[171.531601,-43.362157],[171.53147,-43.36189],[171.53204,-43.361351],[171.532396,-43.361158],[171.532739,-43.361091],[171.532515,-43.360626],[171.532449,-43.36007],[171.532174,-43.359838],[171.532213,-43.35975],[171.532793,-43.35953],[171.533067,-43.3595],[171.533492,-43.359747],[171.533748,-43.359959],[171.5338,-43.360433],[171.534304,-43.360727],[171.535005,-43.360665],[171.535332,-43.36084],[171.535764,-43.360832],[171.536159,-43.361081],[171.536484,-43.361166],[171.537436,-43.361205],[171.537819,-43.361556],[171.539042,-43.361716],[171.53977,-43.361636],[171.540844,-43.361731],[171.541298,-43.361686],[171.542159,-43.361438],[171.542159,-43.361438],[171.543153,-43.360648],[171.543956,-43.360279],[171.545592,-43.360272],[171.546733,-43.360057],[171.548847,-43.358181],[171.549558,-43.358],[171.551813,-43.357779],[171.553756,-43.357231],[171.554556,-43.356774],[171.554427,-43.354378],[171.554841,-43.353012],[171.555189,-43.351343],[171.554045,-43.35046],[171.554344,-43.349652],[171.554344,-43.349652],[171.558133,-43.350728],[171.559986,-43.351411],[171.564733,-43.351931],[171.565621,-43.350299],[171.568431,-43.348832],[171.571578,-43.348388],[171.572781,-43.349004],[171.575125,-43.349295],[171.577555,-43.350088],[171.580731,-43.350366],[171.585264,-43.351199],[171.588732,-43.351942],[171.589584,-43.351922],[171.589584,-43.351922],[171.589669,-43.351755],[171.589542,-43.351306],[171.589528,-43.350589],[171.589727,-43.348675],[171.58942,-43.347261],[171.589578,-43.346959],[171.592468,-43.345531],[171.592468,-43.345531],[171.59282,-43.342542],[171.592763,-43.340237],[171.592345,-43.338994],[171.592048,-43.338495],[171.590511,-43.336737],[171.589697,-43.33594],[171.588795,-43.335441],[171.588024,-43.33478],[171.586681,-43.334099],[171.584661,-43.333352],[171.583659,-43.332744],[171.58265,-43.332439],[171.581976,-43.332058],[171.581301,-43.331846],[171.580752,-43.331501],[171.579821,-43.331209],[171.578937,-43.330713],[171.578215,-43.329893],[171.577136,-43.329089],[171.575426,-43.326833],[171.574095,-43.324592],[171.573973,-43.324078],[171.572994,-43.322749],[171.57261,-43.321956],[171.572098,-43.321558],[171.571117,-43.321071],[171.570421,-43.320951],[171.569735,-43.32093],[171.56916,-43.321091],[171.568712,-43.321108],[171.568375,-43.321036],[171.568218,-43.320917],[171.567869,-43.32021],[171.567708,-43.318961],[171.567294,-43.318479],[171.566259,-43.31781],[171.565716,-43.317227],[171.565004,-43.315327],[171.564722,-43.314243],[171.564532,-43.313941],[171.562928,-43.312805],[171.562555,-43.312424],[171.561935,-43.311485],[171.561774,-43.310981],[171.561803,-43.309756],[171.561715,-43.309539],[171.560404,-43.309209],[171.560041,-43.308948],[171.559521,-43.308454],[171.558681,-43.307337],[171.558093,-43.306755],[171.557598,-43.306659],[171.555873,-43.306591],[171.554799,-43.306352],[171.55447,-43.306022],[171.554053,-43.305319],[171.553506,-43.305017],[171.553266,-43.304699],[171.552246,-43.301462],[171.551921,-43.300931],[171.550945,-43.29986],[171.550395,-43.299456],[171.550028,-43.299306],[171.548556,-43.298959],[171.547094,-43.298379],[171.546967,-43.298271],[171.546867,-43.298107],[171.546931,-43.298026],[171.548168,-43.297225],[171.548159,-43.296882],[171.547669,-43.295525],[171.547094,-43.294722],[171.546481,-43.294248],[171.545097,-43.293395],[171.544137,-43.292246],[171.544054,-43.291849],[171.544104,-43.291499],[171.544621,-43.290754],[171.545271,-43.290138],[171.545533,-43.289342],[171.545745,-43.288174],[171.545678,-43.287688],[171.544975,-43.286845],[171.544981,-43.28663],[171.545341,-43.285755],[171.545299,-43.284879],[171.545136,-43.284555],[171.54443,-43.2839],[171.544236,-43.283605],[171.54407,-43.282722],[171.543637,-43.282173],[171.543859,-43.280558],[171.544097,-43.279679],[171.544049,-43.279095],[171.543869,-43.27882],[171.543583,-43.278615],[171.542909,-43.278439],[171.542045,-43.278015],[171.541467,-43.277555],[171.541325,-43.277318],[171.54136,-43.277074],[171.54225,-43.276364],[171.542647,-43.275764],[171.54258,-43.274747],[171.543041,-43.273536],[171.543018,-43.273128],[171.542726,-43.27252],[171.542266,-43.271093],[171.541805,-43.270446],[171.540679,-43.269673],[171.539159,-43.268799],[171.537957,-43.267772],[171.537662,-43.267227],[171.537208,-43.265556],[171.536846,-43.264838],[171.534928,-43.262465],[171.534852,-43.262281],[171.534923,-43.261917],[171.53566,-43.260669],[171.536056,-43.259588],[171.536388,-43.257358],[171.536308,-43.255539],[171.535822,-43.253909],[171.53553,-43.253345],[171.533765,-43.250814],[171.532408,-43.249834],[171.530815,-43.248992],[171.529705,-43.248591],[171.527011,-43.247858],[171.52625,-43.247533],[171.524778,-43.246591],[171.523692,-43.245619],[171.522464,-43.244758],[171.52069,-43.24433],[171.518457,-43.244163],[171.517949,-43.244065],[171.517621,-43.243726],[171.517252,-43.242965],[171.517103,-43.241521],[171.516736,-43.240798],[171.515814,-43.24003],[171.513854,-43.238957],[171.513492,-43.238544],[171.513252,-43.237642],[171.512347,-43.236188],[171.511806,-43.235652],[171.510198,-43.234353],[171.509463,-43.233853],[171.508928,-43.23362],[171.505806,-43.232495],[171.504348,-43.232131],[171.502869,-43.231974],[171.501391,-43.23191],[171.499659,-43.231999],[171.498176,-43.231069],[171.496936,-43.230972],[171.495721,-43.230653],[171.491231,-43.228857],[171.490714,-43.228614],[171.489747,-43.227973],[171.488665,-43.227507],[171.48809,-43.227294],[171.486387,-43.22697],[171.485648,-43.226711],[171.4817,-43.224844],[171.47955,-43.224061],[171.477939,-43.223217],[171.474328,-43.219699],[171.473288,-43.219023],[171.472746,-43.218821],[171.46809,-43.217972],[171.466086,-43.217899],[171.464613,-43.217744],[171.463628,-43.217741],[171.461155,-43.218035],[171.460732,-43.218278],[171.460275,-43.218914],[171.460244,-43.219137],[171.459522,-43.220146],[171.459378,-43.221184],[171.459423,-43.22154],[171.459182,-43.221834],[171.458912,-43.221903],[171.458615,-43.221777],[171.458547,-43.221644],[171.45832,-43.220659],[171.45885,-43.219582],[171.458842,-43.219275],[171.458638,-43.218933],[171.457411,-43.218311],[171.457411,-43.218311],[171.457415,-43.218103],[171.457568,-43.217879],[171.458564,-43.217384],[171.459195,-43.217207],[171.461039,-43.217003],[171.462432,-43.216695],[171.463078,-43.216392],[171.464079,-43.215711],[171.465497,-43.215257],[171.46573,-43.215254],[171.4658,-43.215158],[171.47097,-43.214621],[171.472323,-43.214182],[171.47377,-43.213932],[171.475234,-43.213407],[171.477892,-43.212703],[171.480479,-43.211576],[171.481452,-43.211011],[171.482923,-43.210373],[171.485328,-43.208796],[171.488342,-43.207508],[171.490769,-43.206085],[171.492328,-43.205579],[171.492526,-43.205197],[171.4925,-43.204679],[171.492843,-43.204394],[171.493033,-43.204362],[171.493817,-43.203948],[171.494177,-43.203909],[171.496358,-43.203335],[171.497466,-43.202704],[171.498534,-43.202354],[171.499021,-43.202281],[171.500081,-43.202376],[171.501101,-43.202125],[171.501398,-43.201925],[171.501721,-43.201847],[171.503399,-43.202074],[171.504076,-43.202],[171.505285,-43.202502],[171.508235,-43.202239],[171.509951,-43.201911],[171.512723,-43.201076],[171.513438,-43.201077],[171.514479,-43.200935],[171.516182,-43.200973],[171.51721,-43.200702],[171.519932,-43.200518],[171.520952,-43.200346],[171.521673,-43.200016],[171.523353,-43.199852],[171.525006,-43.199422],[171.526051,-43.199247],[171.526692,-43.199336],[171.526813,-43.199289],[171.527663,-43.198815],[171.528638,-43.197836],[171.529947,-43.197023],[171.530838,-43.195923],[171.531277,-43.195621],[171.532106,-43.195267],[171.532807,-43.194103],[171.533519,-43.193444],[171.534318,-43.192912],[171.534939,-43.192297],[171.536706,-43.19174],[171.537473,-43.191239],[171.538198,-43.190517],[171.538647,-43.189618],[171.538908,-43.189327],[171.539746,-43.188815],[171.540419,-43.188145],[171.541312,-43.187538],[171.541825,-43.186905],[171.542354,-43.186546],[171.542607,-43.186187],[171.542518,-43.185759],[171.541565,-43.184074],[171.54173,-43.183437],[171.542107,-43.18326],[171.542656,-43.183204],[171.542937,-43.183047],[171.543307,-43.183095],[171.543593,-43.183252],[171.543805,-43.183574],[171.544013,-43.184655],[171.544448,-43.184684],[171.54526,-43.183898],[171.545935,-43.183549],[171.54609,-43.183381],[171.546131,-43.183073],[171.546397,-43.182971],[171.546825,-43.182642],[171.547823,-43.182289],[171.548564,-43.181602],[171.549257,-43.181534],[171.549369,-43.181383],[171.549708,-43.181234],[171.550908,-43.181139],[171.551929,-43.181247],[171.552498,-43.180849],[171.55296,-43.180766],[171.553314,-43.180572],[171.553314,-43.180572],[171.553414,-43.180319],[171.555371,-43.179969],[171.558199,-43.179346],[171.559789,-43.179425],[171.561543,-43.179149],[171.562699,-43.178444],[171.564063,-43.178092],[171.565064,-43.178046],[171.565238,-43.178159],[171.566587,-43.178198],[171.56801,-43.178523],[171.569253,-43.178322],[171.572351,-43.177213],[171.573308,-43.176629],[171.574056,-43.176371],[171.575012,-43.175909],[171.577845,-43.175214],[171.578818,-43.174764],[171.580355,-43.174333],[171.581614,-43.173733],[171.583508,-43.173441],[171.584461,-43.172863],[171.584946,-43.172358],[171.586459,-43.171633],[171.587426,-43.17133],[171.588611,-43.170581],[171.588859,-43.170389],[171.59007,-43.168925],[171.590805,-43.16838],[171.592709,-43.167335],[171.593366,-43.167201],[171.595078,-43.166569],[171.595369,-43.166287],[171.595588,-43.165416],[171.595833,-43.16514],[171.596329,-43.16422],[171.597143,-43.163767],[171.597528,-43.163358],[171.598237,-43.162832],[171.599956,-43.161954],[171.600521,-43.161893],[171.600896,-43.161751],[171.601916,-43.161552],[171.602166,-43.160965],[171.602164,-43.160237],[171.602405,-43.159769],[171.602992,-43.159279],[171.603886,-43.15895],[171.604224,-43.158615],[171.605856,-43.157505],[171.606493,-43.156357],[171.606536,-43.156108],[171.606968,-43.155465],[171.608017,-43.15422],[171.608251,-43.153257],[171.60869,-43.152487],[171.609842,-43.151956],[171.610322,-43.151126],[171.610644,-43.150875],[171.611031,-43.150261],[171.611291,-43.150004],[171.611912,-43.149637],[171.612708,-43.1486],[171.613374,-43.148133],[171.614119,-43.147102],[171.615122,-43.146913],[171.615601,-43.146702],[171.616312,-43.145594],[171.617389,-43.144825],[171.617534,-43.144526],[171.617591,-43.143873],[171.617805,-43.143621],[171.618378,-43.143214],[171.618355,-43.142897],[171.618476,-43.142595],[171.618828,-43.142232],[171.619253,-43.141444],[171.619158,-43.141223],[171.619158,-43.140426],[171.619707,-43.140034],[171.619938,-43.139703],[171.620634,-43.139285],[171.620689,-43.138294],[171.621925,-43.136824],[171.622436,-43.136512],[171.622486,-43.136315],[171.622758,-43.135981],[171.62349,-43.135292],[171.623957,-43.134723],[171.624179,-43.134086],[171.624446,-43.133879],[171.62472,-43.13343],[171.624708,-43.132877],[171.624322,-43.132079],[171.623276,-43.13085],[171.623263,-43.130149],[171.623361,-43.129809],[171.623584,-43.12952],[171.624036,-43.129196],[171.624064,-43.128277],[171.623779,-43.12812],[171.623779,-43.12812],[171.623155,-43.127612],[171.622965,-43.127329],[171.622991,-43.127063],[171.623514,-43.126586],[171.623549,-43.125924],[171.623362,-43.125483],[171.622956,-43.125102],[171.622241,-43.125382],[171.621756,-43.124216],[171.621762,-43.12305],[171.621611,-43.122738],[171.621339,-43.122569],[171.620603,-43.122488],[171.620153,-43.122346],[171.619611,-43.121914],[171.619205,-43.121196],[171.619242,-43.120426],[171.619386,-43.120147],[171.620208,-43.119509],[171.620131,-43.118989],[171.619819,-43.118827],[171.618563,-43.118661],[171.618005,-43.118063],[171.617584,-43.117122],[171.616855,-43.116666],[171.616568,-43.116346],[171.616454,-43.115243],[171.616134,-43.11418],[171.61612,-43.113913],[171.61636,-43.113297],[171.616301,-43.112886],[171.616089,-43.11266],[171.614694,-43.111671],[171.614168,-43.111448],[171.611937,-43.110809],[171.611285,-43.11049],[171.610776,-43.109958],[171.610529,-43.109494],[171.609718,-43.1071],[171.60968,-43.106581],[171.609512,-43.106212],[171.608056,-43.104826],[171.607524,-43.103616],[171.607006,-43.099541],[171.607129,-43.098865],[171.607968,-43.096621],[171.608053,-43.095051],[171.608213,-43.094498],[171.608541,-43.093941],[171.608799,-43.092971],[171.608634,-43.092026],[171.608412,-43.091764],[171.607715,-43.091266],[171.607534,-43.091026],[171.607464,-43.090621],[171.607523,-43.090204],[171.607907,-43.089338],[171.608698,-43.088317],[171.609572,-43.087557],[171.609661,-43.087184],[171.608159,-43.085958],[171.607281,-43.084715],[171.607313,-43.084027],[171.607689,-43.083428],[171.607865,-43.082935],[171.608202,-43.081139],[171.607436,-43.079551],[171.607805,-43.07909],[171.607824,-43.078694],[171.607644,-43.078381],[171.607155,-43.077885],[171.606758,-43.077103],[171.606479,-43.076854],[171.60628,-43.076522],[171.606753,-43.075601],[171.606723,-43.075474],[171.606428,-43.07524],[171.606574,-43.07357],[171.606955,-43.072343],[171.606934,-43.07199],[171.606825,-43.071607],[171.606532,-43.071107],[171.60621,-43.070093],[171.604201,-43.068045],[171.604352,-43.067803],[171.604385,-43.067447],[171.602987,-43.066005],[171.602851,-43.065521],[171.603432,-43.064664],[171.604229,-43.063744],[171.60429,-43.063263],[171.60456,-43.063043],[171.604574,-43.062877],[171.60444,-43.06271],[171.604097,-43.062634],[171.604023,-43.062402],[171.604451,-43.060491],[171.60444,-43.059273],[171.603395,-43.057172],[171.602298,-43.055833],[171.602033,-43.055068],[171.601995,-43.0546],[171.601995,-43.0546],[171.601932,-43.053984],[171.601018,-43.052297],[171.600766,-43.051651],[171.600751,-43.050645],[171.600875,-43.050228],[171.600733,-43.049779],[171.600549,-43.049469],[171.599838,-43.048902],[171.599506,-43.048451],[171.599145,-43.04758],[171.599272,-43.046995],[171.599621,-43.04672],[171.601558,-43.046164],[171.602588,-43.046079],[171.605757,-43.04493],[171.608086,-43.043841],[171.608815,-43.043612],[171.61048,-43.043283],[171.615602,-43.043345],[171.622267,-43.044208],[171.624873,-43.044393],[171.625636,-43.044304],[171.627589,-43.043867],[171.628197,-43.043916],[171.62961,-43.043779],[171.630439,-43.043314],[171.63138,-43.042976],[171.633061,-43.042759],[171.633518,-43.042764],[171.637909,-43.044018],[171.639485,-43.044232],[171.639621,-43.044122],[171.639296,-43.04328],[171.638901,-43.043066],[171.637502,-43.04175],[171.636437,-43.039963],[171.636041,-43.039749],[171.635991,-43.039455],[171.636261,-43.039304],[171.637289,-43.039317],[171.637521,-43.039138],[171.638172,-43.038992],[171.638992,-43.038946],[171.640928,-43.039057],[171.641634,-43.038717],[171.642118,-43.037677],[171.643649,-43.036323],[171.643649,-43.036323],[171.644633,-43.03567],[171.645784,-43.034401],[171.646077,-43.034273],[171.646054,-43.033232],[171.647281,-43.027968],[171.647281,-43.027968],[171.645151,-43.027529],[171.642301,-43.027284],[171.639802,-43.027722],[171.635433,-43.029975],[171.634825,-43.030049],[171.634116,-43.029946],[171.632543,-43.02949],[171.632115,-43.029224],[171.627985,-43.025478],[171.626723,-43.025037],[171.621786,-43.024382],[171.61665,-43.023857],[171.614188,-43.023687],[171.611004,-43.022619],[171.608262,-43.021447],[171.607465,-43.020832],[171.606972,-43.019992],[171.598254,-43.013297],[171.591199,-43.004876],[171.58957,-43.001238],[171.589688,-43.000811],[171.590111,-43.000312],[171.590038,-43.00002],[171.589565,-42.999286],[171.589632,-42.998526],[171.589405,-42.995624],[171.58948,-42.994242],[171.589293,-42.993093],[171.589578,-42.992449],[171.59058,-42.990967],[171.590838,-42.990388],[171.590965,-42.989612],[171.591334,-42.989535],[171.591658,-42.989302],[171.591882,-42.987464],[171.593482,-42.98067],[171.593507,-42.97937],[171.593345,-42.978923],[171.593067,-42.978731],[171.593067,-42.978731],[171.592852,-42.978639],[171.59277,-42.978433],[171.594493,-42.976389],[171.595287,-42.975705],[171.596172,-42.975163],[171.600845,-42.973001],[171.602795,-42.971765],[171.605708,-42.967412],[171.606955,-42.964307],[171.608341,-42.961379],[171.609252,-42.958961],[171.612059,-42.955178],[171.612979,-42.953393],[171.613586,-42.952783],[171.615109,-42.95053],[171.616391,-42.948969],[171.619022,-42.946575],[171.621802,-42.942863],[171.623536,-42.941313],[171.623419,-42.940294],[171.622826,-42.939275],[171.623685,-42.937588],[171.624247,-42.934934],[171.625547,-42.931448],[171.628023,-42.92825],[171.628784,-42.9264],[171.629695,-42.922639],[171.63001,-42.920585],[171.629894,-42.920117],[171.629531,-42.919409],[171.627827,-42.917408],[171.627748,-42.917096],[171.628061,-42.916011],[171.627759,-42.91512],[171.627075,-42.914225],[171.626964,-42.913459],[171.625477,-42.911757],[171.625276,-42.910067],[171.624611,-42.908708],[171.625436,-42.906794],[171.625954,-42.904925],[171.62524,-42.903593],[171.62521,-42.902255],[171.62521,-42.902255],[171.624936,-42.901472],[171.624926,-42.901206],[171.624698,-42.900884],[171.625328,-42.899555],[171.625296,-42.899194],[171.624626,-42.898078],[171.623382,-42.897712],[171.621995,-42.89716],[171.620611,-42.895824],[171.619833,-42.89473],[171.61853,-42.892098],[171.617285,-42.888667],[171.616974,-42.886403],[171.616673,-42.88554],[171.616579,-42.883018],[171.616405,-42.882043],[171.61544,-42.880051],[171.615496,-42.879043],[171.615239,-42.877829],[171.615136,-42.876581],[171.615383,-42.875666],[171.616321,-42.873561],[171.617781,-42.87149],[171.618486,-42.869941],[171.618996,-42.869178],[171.620891,-42.867094],[171.621418,-42.866096],[171.62181,-42.864967],[171.62189,-42.864549],[171.621741,-42.863688],[171.622604,-42.861348],[171.622592,-42.86092],[171.622116,-42.859794],[171.622013,-42.859333],[171.622121,-42.858731],[171.621269,-42.85742],[171.621828,-42.856234],[171.620807,-42.854443],[171.621283,-42.853396],[171.621174,-42.852377],[171.621499,-42.851278],[171.621645,-42.850357],[171.621542,-42.849181],[171.621812,-42.848491],[171.622558,-42.847132],[171.623853,-42.845184],[171.623875,-42.844712],[171.623548,-42.84307],[171.623888,-42.841674],[171.624888,-42.840043],[171.625032,-42.839495],[171.625061,-42.838321],[171.625183,-42.837926],[171.625456,-42.837475],[171.627152,-42.836041],[171.627925,-42.835501],[171.628445,-42.834963],[171.628809,-42.834427],[171.629671,-42.832241],[171.629936,-42.831163],[171.629912,-42.830209],[171.629655,-42.829085],[171.629997,-42.827743],[171.630279,-42.826085],[171.63017,-42.825319],[171.62974,-42.823774],[171.630157,-42.822338],[171.630013,-42.821792],[171.629787,-42.82138],[171.627971,-42.819571],[171.627666,-42.819126],[171.627685,-42.8157],[171.627559,-42.815294],[171.627136,-42.814681],[171.625779,-42.813697],[171.624639,-42.812715],[171.624315,-42.811631],[171.623284,-42.810416],[171.619885,-42.807273],[171.619107,-42.806368],[171.618351,-42.80531],[171.617619,-42.804572],[171.616001,-42.803395],[171.614697,-42.802223],[171.613931,-42.801092],[171.611829,-42.798865],[171.608748,-42.796694],[171.607324,-42.794961],[171.60683,-42.794217],[171.606387,-42.793109],[171.60609,-42.791791],[171.605678,-42.790827],[171.604563,-42.789511],[171.603709,-42.788693],[171.603709,-42.788693],[171.605578,-42.788107],[171.607911,-42.788302],[171.610415,-42.788404],[171.612509,-42.787966],[171.614946,-42.787352],[171.618844,-42.786697],[171.619845,-42.786354],[171.62696,-42.78333],[171.62831,-42.782644],[171.629919,-42.781623],[171.630801,-42.780549],[171.632634,-42.777685],[171.632892,-42.777081],[171.63334,-42.774759],[171.634543,-42.771915],[171.635796,-42.768455],[171.636868,-42.766518],[171.638164,-42.764523],[171.640032,-42.764206],[171.640753,-42.764002],[171.640753,-42.764002],[171.641091,-42.76413],[171.642049,-42.764275],[171.642604,-42.764513],[171.643596,-42.76456],[171.643778,-42.764741],[171.644047,-42.764528],[171.644623,-42.764409],[171.646369,-42.764474],[171.647504,-42.764402],[171.648082,-42.764212],[171.648706,-42.763594],[171.649415,-42.7638],[171.651631,-42.76472],[171.652611,-42.764827],[171.653923,-42.765186],[171.65634,-42.765044],[171.65781,-42.76536],[171.659083,-42.765384],[171.659524,-42.76548],[171.660337,-42.76552],[171.660922,-42.765407],[171.663921,-42.76518],[171.664535,-42.765051],[171.665977,-42.764421],[171.666578,-42.764016],[171.667458,-42.763733],[171.668083,-42.763638],[171.669547,-42.763064],[171.669899,-42.76299],[171.672122,-42.763086],[171.679151,-42.763845],[171.685778,-42.763465],[171.690081,-42.762143],[171.693229,-42.759994],[171.695034,-42.759405],[171.697445,-42.759535],[171.699705,-42.760221],[171.706106,-42.760751],[171.708571,-42.761542],[171.711469,-42.761897],[171.714754,-42.761553],[171.716462,-42.761475],[171.718661,-42.761936],[171.72082,-42.762163],[171.721812,-42.76203],[171.722785,-42.761999],[171.723594,-42.762078],[171.72534,-42.761782],[171.729131,-42.760647],[171.73095,-42.760316],[171.731795,-42.759763],[171.732178,-42.759117],[171.732674,-42.7577],[171.740041,-42.758809],[171.740254,-42.759172],[171.741436,-42.759302],[171.743856,-42.760166],[171.74785,-42.76175],[171.749734,-42.761599],[171.752483,-42.760396],[171.759654,-42.75988],[171.760594,-42.759279],[171.762655,-42.759472],[171.764332,-42.759346],[171.766711,-42.758274],[171.769053,-42.757705],[171.769776,-42.757438],[171.770467,-42.757396],[171.770681,-42.757076],[171.773065,-42.75606],[171.775063,-42.755465],[171.775497,-42.754863],[171.776642,-42.75469],[171.778015,-42.753813],[171.783512,-42.753251],[171.786546,-42.752401],[171.786983,-42.752361],[171.789432,-42.751604],[171.78997,-42.751757],[171.796639,-42.75107],[171.803595,-42.749423],[171.809008,-42.746922],[171.814691,-42.746153],[171.818878,-42.74499],[171.819847,-42.744172],[171.820798,-42.74375],[171.823206,-42.742865],[171.824538,-42.741556],[171.826704,-42.741326],[171.826842,-42.740526],[171.828058,-42.740809],[171.829602,-42.739906],[171.831493,-42.740016],[171.835787,-42.739007],[171.839883,-42.738725],[171.84059,-42.738164],[171.841959,-42.738124],[171.843166,-42.737912],[171.846133,-42.736961],[171.847154,-42.736746],[171.847526,-42.736281],[171.850562,-42.735809],[171.852135,-42.73405],[171.853408,-42.734888],[171.853691,-42.734768],[171.85432,-42.734775],[171.855567,-42.734247],[171.857635,-42.734164],[171.857418,-42.733707],[171.858698,-42.73381],[171.859424,-42.733669],[171.859965,-42.733444],[171.859994,-42.733085],[171.862293,-42.732123],[171.8638,-42.732239],[171.865464,-42.731295],[171.87332,-42.729249],[171.876121,-42.729351],[171.879374,-42.728298],[171.881973,-42.728109],[171.881973,-42.728109],[171.883156,-42.727996],[171.884606,-42.728042],[171.885081,-42.727934],[171.885377,-42.728029],[171.885573,-42.727947],[171.885851,-42.727987],[171.885971,-42.728086],[171.886315,-42.728075],[171.886543,-42.728191],[171.887056,-42.728098],[171.887277,-42.727872],[171.88767,-42.72781],[171.888457,-42.727427],[171.889664,-42.727134],[171.890252,-42.726913],[171.891344,-42.726909],[171.891411,-42.727031],[171.891813,-42.727029],[171.891972,-42.726855],[171.892463,-42.726677],[171.892644,-42.726485],[171.893213,-42.726426],[171.893518,-42.726222],[171.894705,-42.726131],[171.89508,-42.725767],[171.895427,-42.725733],[171.895544,-42.725647],[171.896129,-42.725001],[171.897673,-42.724327],[171.89782,-42.724113],[171.898092,-42.724017],[171.898358,-42.723801],[171.899067,-42.723772],[171.899351,-42.723845],[171.899577,-42.723723],[171.899885,-42.723828],[171.900283,-42.723654],[171.9004,-42.723688],[171.900749,-42.723591],[171.90115,-42.723221],[171.90114,-42.723129],[171.901228,-42.723133],[171.901238,-42.723003],[171.901863,-42.722536],[171.902338,-42.722541],[171.903006,-42.722164],[171.903261,-42.722146],[171.903827,-42.721922],[171.905438,-42.721881],[171.905889,-42.72176],[171.906064,-42.721624],[171.90606,-42.721469],[171.906604,-42.721111],[171.906989,-42.721031],[171.907711,-42.721142],[171.908423,-42.720769],[171.909279,-42.720738],[171.90962,-42.720959],[171.909944,-42.720865],[171.911258,-42.720874],[171.911557,-42.7209],[171.911929,-42.721044],[171.912576,-42.720857],[171.913054,-42.720804],[171.913441,-42.720566],[171.914327,-42.720492],[171.91462,-42.720319],[171.915696,-42.720162],[171.916328,-42.719928],[171.917028,-42.719868],[171.917447,-42.719587],[171.918126,-42.719445],[171.918414,-42.719253],[171.91889,-42.719115],[171.919299,-42.719234],[171.919835,-42.719538],[171.920668,-42.719436],[171.920926,-42.719321],[171.921119,-42.719112],[171.921218,-42.718694],[171.921549,-42.718197],[171.921466,-42.717818],[171.921617,-42.717417],[171.921815,-42.71734],[171.922344,-42.71683],[171.923507,-42.716256],[171.924147,-42.716176],[171.924983,-42.716255],[171.925478,-42.715663],[171.926852,-42.715718],[171.927684,-42.715829],[171.928988,-42.716578],[171.929136,-42.716947],[171.929985,-42.717051],[171.930835,-42.717],[171.93102,-42.716893],[171.931403,-42.716828],[171.931644,-42.716675],[171.932699,-42.715928],[171.932884,-42.715612],[171.933229,-42.715351],[171.933475,-42.7153],[171.934136,-42.71494],[171.934361,-42.714935],[171.935344,-42.714361],[171.935823,-42.714245],[171.935999,-42.714268],[171.936229,-42.71417],[171.936454,-42.713822],[171.936684,-42.713692],[171.936806,-42.713515],[171.936905,-42.713233],[171.936723,-42.712855],[171.937021,-42.712584],[171.937935,-42.712112],[171.938762,-42.711797],[171.940178,-42.711572],[171.94048,-42.711412],[171.940896,-42.711287],[171.941153,-42.711293],[171.941866,-42.711024],[171.942877,-42.710894],[171.943664,-42.710954],[171.944161,-42.710811],[171.944883,-42.710825],[171.945856,-42.711307],[171.946849,-42.711334],[171.94842,-42.711553],[171.94908,-42.711726],[171.949536,-42.711643],[171.949684,-42.711468],[171.949977,-42.711329],[171.950497,-42.711356],[171.953689,-42.710518],[171.954556,-42.710437],[171.955166,-42.710134],[171.955362,-42.710169],[171.95606,-42.709701],[171.956275,-42.709644],[171.956515,-42.709394],[171.95785,-42.709111],[171.958188,-42.708798],[171.958879,-42.708639],[171.959364,-42.708303],[171.960015,-42.70831],[171.961209,-42.707779],[171.961747,-42.707817],[171.962166,-42.707602],[171.962341,-42.707335],[171.962651,-42.707212],[171.962907,-42.70696],[171.963777,-42.706974],[171.964533,-42.707344],[171.964813,-42.707341],[171.965141,-42.707475],[171.965737,-42.707468],[171.966541,-42.707152],[171.967405,-42.707293],[171.968365,-42.707311],[171.968729,-42.707158],[171.969164,-42.70721],[171.969958,-42.70707],[171.970285,-42.707176],[171.970565,-42.707618],[171.97078,-42.707664],[171.971197,-42.707929],[171.971464,-42.707836],[171.971583,-42.70764],[171.971632,-42.707231],[171.971903,-42.706586],[171.972515,-42.706256],[171.973445,-42.706047],[171.973822,-42.706039],[171.973903,-42.705957],[171.974351,-42.705852],[171.974773,-42.705924],[171.976042,-42.705795],[171.97675,-42.705426],[171.977154,-42.705466],[171.977738,-42.705267],[171.978292,-42.704913],[171.97846,-42.704441],[171.978627,-42.704324],[171.978863,-42.703875],[171.979112,-42.703703],[171.979481,-42.703108],[171.980258,-42.702391],[171.980319,-42.701914],[171.981289,-42.701469],[171.981721,-42.70114],[171.98278,-42.700892],[171.983176,-42.700957],[171.983444,-42.700756],[171.98382,-42.700779],[171.984153,-42.700589],[171.984405,-42.700545],[171.987551,-42.700756],[171.988784,-42.700719],[171.991746,-42.700935],[171.993131,-42.700814],[171.995469,-42.700468],[171.997891,-42.700265],[171.998252,-42.70031],[171.998496,-42.700443],[171.998883,-42.70035],[171.999414,-42.700377],[172.001761,-42.700618],[172.00226,-42.700855],[172.002434,-42.700854],[172.002878,-42.701042],[172.003279,-42.701082],[172.003411,-42.701217],[172.004258,-42.701426],[172.004839,-42.70181],[172.005527,-42.701775],[172.006282,-42.701548],[172.006866,-42.701604],[172.008123,-42.70158],[172.008529,-42.701455],[172.008871,-42.7015],[172.009295,-42.70133],[172.010417,-42.701078],[172.010987,-42.700668],[172.011416,-42.700501],[172.012953,-42.700606],[172.014234,-42.700239],[172.01485,-42.700223],[172.015208,-42.700117],[172.015415,-42.699939],[172.016265,-42.699655],[172.018415,-42.69931],[172.019905,-42.698969],[172.020373,-42.698797],[172.020648,-42.698849],[172.021148,-42.698656],[172.02213,-42.698436],[172.023473,-42.698231],[172.023742,-42.698263],[172.024449,-42.698029],[172.024786,-42.698162],[172.02531,-42.698029],[172.025531,-42.697706],[172.025855,-42.697554],[172.026296,-42.697479],[172.027132,-42.697521],[172.028249,-42.696985],[172.029086,-42.696761],[172.02946,-42.696779],[172.030443,-42.696523],[172.03101,-42.696608],[172.031725,-42.696447],[172.031851,-42.69648],[172.03217,-42.696283],[172.032842,-42.696162],[172.03349,-42.69592],[172.033984,-42.695893],[172.034852,-42.695673],[172.035432,-42.695711],[172.035634,-42.695794],[172.035924,-42.695641],[172.036476,-42.695672],[172.03668,-42.695919],[172.03687,-42.695866],[172.037101,-42.695969],[172.03766,-42.695824],[172.038183,-42.696044],[172.039404,-42.696122],[172.039954,-42.696248],[172.040259,-42.69613],[172.04055,-42.695773],[172.040876,-42.695675],[172.041184,-42.695598],[172.04197,-42.695617],[172.042211,-42.695561],[172.042382,-42.6954],[172.043879,-42.695176],[172.043914,-42.695108],[172.044573,-42.694897],[172.044651,-42.694772],[172.044944,-42.694691],[172.045104,-42.694521],[172.045552,-42.694318],[172.045954,-42.694304],[172.046569,-42.694438],[172.046685,-42.694364],[172.047139,-42.69433],[172.047617,-42.694467],[172.04779,-42.6943],[172.048343,-42.694232],[172.048663,-42.694273],[172.048874,-42.694428],[172.049171,-42.694453],[172.049457,-42.694654],[172.049625,-42.69467],[172.050402,-42.694657],[172.052092,-42.694477],[172.052748,-42.694738],[172.05291,-42.694901],[172.053054,-42.694824],[172.053399,-42.694883],[172.053901,-42.694832],[172.054786,-42.694869],[172.055006,-42.694812],[172.055484,-42.694892],[172.056192,-42.694883],[172.056795,-42.694793],[172.057875,-42.69503],[172.058295,-42.694838],[172.058747,-42.694776],[172.058995,-42.694619],[172.05935,-42.694666],[172.059903,-42.694413],[172.060413,-42.694383],[172.061058,-42.69442],[172.062365,-42.694643],[172.064131,-42.694626],[172.065532,-42.694951],[172.067265,-42.694787],[172.068482,-42.694876],[172.070785,-42.695537],[172.074116,-42.696274],[172.075616,-42.696731],[172.076263,-42.696798],[172.076609,-42.69711],[172.076648,-42.697401],[172.077145,-42.697753],[172.077815,-42.697671],[172.078258,-42.697872],[172.079263,-42.697855],[172.079453,-42.697906],[172.080287,-42.697757],[172.080663,-42.697798],[172.080859,-42.697947],[172.081652,-42.698223],[172.081888,-42.698747],[172.082165,-42.698903],[172.082545,-42.699068],[172.083015,-42.699126],[172.083571,-42.6993],[172.084298,-42.69929],[172.084769,-42.699168],[172.084926,-42.698962],[172.084868,-42.698837],[172.084984,-42.698809],[172.0859,-42.698776],[172.087003,-42.699217],[172.087534,-42.699512],[172.087826,-42.69949],[172.088177,-42.699614],[172.089091,-42.70032],[172.089248,-42.700587],[172.089648,-42.700793],[172.089754,-42.701186],[172.090332,-42.701703],[172.090854,-42.702014],[172.09108,-42.702252],[172.091466,-42.702385],[172.091453,-42.702478],[172.092332,-42.703392],[172.093007,-42.703616],[172.09331,-42.703808],[172.094152,-42.704],[172.094651,-42.704028],[172.094885,-42.703891],[172.095181,-42.703905],[172.095616,-42.703769],[172.095872,-42.703779],[172.096282,-42.703911],[172.096391,-42.704207],[172.096606,-42.704362],[172.097571,-42.704463],[172.098098,-42.704409],[172.09893,-42.704152],[172.099586,-42.704228],[172.099964,-42.704148],[172.100295,-42.704268],[172.101437,-42.703921],[172.101644,-42.703613],[172.102116,-42.703578],[172.102474,-42.70326],[172.102881,-42.703338],[172.103321,-42.703271],[172.104551,-42.703491],[172.105705,-42.704019],[172.106061,-42.704077],[172.106501,-42.704307],[172.106767,-42.704354],[172.108179,-42.705065],[172.108367,-42.705221],[172.108405,-42.705429],[172.108756,-42.705619],[172.10994,-42.705794],[172.110621,-42.706108],[172.111019,-42.706121],[172.111235,-42.706052],[172.111391,-42.706165],[172.112024,-42.706127],[172.112089,-42.706185],[172.112229,-42.706069],[172.112424,-42.706063],[172.111752,-42.705892],[172.111692,-42.705803],[172.111998,-42.704957],[172.112667,-42.703938],[172.112958,-42.702989],[172.113186,-42.702795],[172.113946,-42.701438],[172.113958,-42.701085],[172.114182,-42.700633],[172.114131,-42.700541],[172.114377,-42.700113],[172.114558,-42.700037],[172.115372,-42.699236],[172.116211,-42.698061],[172.116911,-42.696732],[172.117176,-42.696584],[172.117184,-42.696478],[172.117634,-42.696225],[172.118021,-42.695707],[172.119198,-42.695181],[172.119749,-42.694819],[172.120557,-42.694624],[172.120852,-42.694449],[172.12105,-42.694442],[172.121196,-42.694316],[172.121557,-42.694295],[172.121839,-42.694114],[172.122957,-42.693948],[172.123449,-42.694045],[172.124438,-42.694078],[172.124974,-42.693867],[172.125599,-42.693935],[172.126212,-42.693769],[172.126516,-42.693838],[172.127004,-42.693774],[172.127948,-42.693849],[172.128492,-42.693789],[172.130545,-42.69432],[172.1313,-42.694599],[172.132309,-42.694692],[172.133493,-42.695015],[172.134844,-42.695068],[172.135226,-42.695146],[172.13567,-42.695361],[172.137006,-42.695115],[172.137269,-42.695184],[172.138118,-42.694812],[172.139839,-42.694818],[172.140587,-42.694558],[172.141179,-42.694509],[172.141712,-42.694289],[172.14205,-42.694312],[172.142717,-42.69403],[172.143858,-42.693848],[172.14418,-42.693907],[172.144506,-42.693853],[172.144953,-42.6941],[172.14571,-42.693954],[172.146186,-42.694068],[172.146462,-42.69435],[172.146561,-42.69419],[172.146763,-42.69418],[172.147009,-42.694385],[172.14766,-42.694491],[172.148762,-42.694581],[172.149387,-42.694481],[172.149752,-42.694569],[172.150835,-42.694266],[172.151582,-42.694194],[172.151985,-42.694053],[172.153549,-42.693992],[172.153739,-42.693693],[172.154364,-42.693357],[172.154715,-42.693349],[172.155647,-42.693101],[172.156627,-42.693165],[172.156703,-42.693097],[172.157239,-42.693086],[172.157699,-42.69297],[172.158027,-42.692747],[172.158992,-42.692467],[172.159507,-42.69217],[172.159737,-42.692162],[172.160277,-42.691551],[172.160164,-42.691204],[172.160329,-42.691033],[172.161162,-42.690869],[172.162115,-42.690832],[172.162475,-42.690711],[172.162701,-42.690753],[172.163502,-42.690415],[172.16424,-42.690524],[172.164486,-42.690442],[172.164579,-42.690317],[172.165316,-42.690063],[172.166353,-42.690164],[172.166743,-42.690093],[172.167571,-42.690202],[172.167865,-42.690326],[172.16861,-42.690235],[172.168799,-42.69002],[172.1691,-42.690172],[172.169886,-42.690208],[172.170428,-42.689909],[172.170994,-42.690103],[172.171322,-42.690116],[172.171562,-42.690036],[172.172313,-42.690179],[172.172985,-42.690126],[172.173438,-42.690167],[172.173926,-42.690022],[172.175173,-42.690242],[172.176148,-42.690279],[172.176948,-42.69017],[172.177489,-42.68979],[172.178062,-42.689878],[172.178398,-42.69005],[172.179111,-42.69018],[172.179932,-42.690081],[172.180549,-42.689875],[172.180935,-42.689597],[172.18172,-42.689338],[172.18186,-42.689181],[172.182287,-42.689194],[172.182956,-42.689433],[172.183232,-42.689431],[172.183584,-42.689275],[172.183831,-42.689392],[172.184115,-42.689408],[172.184737,-42.689279],[172.184982,-42.68937],[172.185297,-42.689189],[172.185904,-42.689321],[172.187131,-42.689206],[172.187477,-42.689089],[172.188177,-42.689038],[172.188699,-42.688617],[172.189065,-42.688475],[172.189596,-42.688518],[172.189858,-42.688404],[172.189979,-42.6882],[172.190356,-42.687945],[172.190632,-42.687838],[172.191404,-42.687824],[172.191646,-42.687725],[172.191834,-42.687722],[172.191953,-42.687803],[172.192897,-42.687539],[172.193569,-42.687615],[172.19411,-42.687802],[172.195172,-42.687852],[172.197349,-42.68762],[172.197905,-42.687652],[172.198204,-42.687526],[172.199008,-42.68756],[172.200006,-42.687446],[172.200675,-42.687175],[172.20205,-42.686248],[172.202318,-42.68616],[172.202995,-42.686128],[172.203465,-42.686348],[172.204017,-42.686419],[172.204534,-42.686361],[172.205557,-42.686079],[172.205769,-42.685952],[172.206252,-42.685882],[172.207153,-42.685142],[172.207614,-42.684924],[172.208022,-42.684873],[172.208534,-42.684439],[172.208864,-42.68441],[172.209104,-42.684251],[172.209006,-42.684479],[172.209697,-42.684473],[172.20993,-42.684308],[172.210197,-42.684247],[172.210616,-42.684309],[172.211217,-42.684196],[172.211727,-42.684233],[172.2124,-42.683998],[172.21283,-42.683993],[172.213816,-42.683595],[172.21455,-42.683476],[172.215137,-42.683126],[172.215845,-42.683056],[172.216527,-42.682873],[172.217124,-42.682641],[172.217497,-42.682346],[172.218298,-42.682016],[172.218681,-42.68198],[172.218968,-42.681848],[172.219632,-42.681707],[172.220296,-42.68128],[172.220382,-42.681095],[172.220713,-42.680978],[172.221029,-42.680722],[172.221728,-42.680471],[172.222131,-42.68024],[172.222758,-42.680101],[172.222899,-42.679954],[172.224039,-42.679432],[172.224171,-42.679199],[172.224364,-42.679118],[172.224297,-42.679048],[172.224418,-42.678794],[172.224952,-42.678142],[172.225439,-42.677986],[172.226037,-42.677516],[172.226196,-42.676883],[172.227149,-42.675882],[172.227292,-42.675197],[172.227955,-42.674421],[172.227943,-42.674141],[172.228266,-42.673658],[172.22861,-42.672832],[172.228564,-42.672377],[172.22831,-42.672132],[172.227952,-42.671491],[172.228201,-42.671039],[172.228129,-42.670873],[172.228173,-42.67046],[172.22846,-42.670126],[172.228785,-42.669058],[172.228759,-42.668438],[172.22824,-42.667989],[172.228302,-42.667353],[172.228863,-42.666171],[172.22899,-42.665622],[172.229009,-42.664709],[172.229427,-42.664404],[172.229418,-42.664092],[172.229892,-42.66305],[172.23001,-42.662475],[172.230718,-42.662056],[172.231145,-42.661903],[172.231732,-42.661222],[172.232462,-42.660832],[172.233891,-42.660758],[172.23434,-42.660655],[172.235161,-42.659697],[172.236032,-42.658392],[172.238322,-42.656957],[172.239308,-42.656586],[172.239461,-42.656462],[172.239743,-42.655843],[172.239947,-42.655047],[172.240229,-42.654509],[172.240153,-42.65416],[172.238864,-42.653323],[172.23827,-42.652757],[172.236984,-42.651853],[172.236558,-42.65116],[172.236276,-42.650416],[172.236284,-42.650143],[172.236597,-42.649428],[172.236666,-42.648082],[172.236935,-42.646356],[172.237061,-42.64605],[172.236935,-42.645819],[172.236525,-42.645554],[172.236498,-42.64437],[172.236321,-42.643839],[172.236425,-42.643567],[172.236836,-42.643327],[172.237011,-42.643062],[172.237173,-42.64212],[172.236987,-42.641365],[172.236796,-42.641211],[172.236219,-42.641076],[172.236144,-42.640681],[172.235841,-42.640601],[172.23571,-42.640418],[172.235718,-42.640063],[172.235538,-42.639678],[172.235626,-42.639492],[172.235604,-42.639207],[172.235437,-42.638833],[172.235495,-42.638389],[172.235362,-42.638079],[172.235666,-42.637642],[172.23566,-42.637521],[172.236323,-42.637205],[172.236806,-42.637264],[172.237122,-42.6371],[172.237389,-42.636854],[172.237756,-42.636279],[172.238531,-42.635965],[172.239148,-42.635215],[172.240608,-42.634006],[172.24053,-42.633596],[172.241379,-42.633153],[172.241702,-42.632786],[172.242599,-42.632328],[172.242839,-42.632063],[172.242901,-42.631794],[172.243133,-42.631439],[172.243694,-42.631115],[172.243881,-42.630925],[172.243863,-42.630144],[172.243536,-42.62972],[172.243421,-42.629358],[172.24312,-42.629115],[172.242406,-42.628869],[172.24156,-42.628409],[172.241316,-42.628047],[172.241517,-42.627823],[172.242713,-42.628073],[172.243238,-42.628028],[172.246172,-42.627185],[172.247318,-42.627079],[172.249403,-42.626656],[172.249913,-42.626465],[172.250716,-42.626395],[172.253044,-42.62592],[172.25604,-42.624522],[172.256723,-42.624436],[172.257272,-42.624027],[172.25855,-42.623514],[172.259122,-42.623158],[172.260878,-42.622308],[172.262895,-42.621704],[172.263959,-42.621181],[172.26456,-42.621005],[172.26507,-42.620952],[172.265664,-42.620755],[172.266756,-42.620673],[172.26761,-42.620348],[172.2695,-42.619946],[172.269951,-42.619789],[172.271589,-42.619622],[172.273231,-42.619546],[172.275022,-42.618968],[172.275874,-42.618929],[172.276241,-42.619036],[172.277197,-42.618783],[172.277779,-42.618924],[172.278545,-42.618972],[172.279338,-42.61887],[172.279579,-42.618906],[172.280039,-42.619141],[172.281455,-42.619171],[172.281936,-42.619257],[172.282119,-42.619361],[172.282637,-42.619424],[172.28345,-42.619268],[172.284152,-42.618878],[172.284488,-42.618356],[172.284815,-42.618132],[172.285343,-42.617316],[172.285611,-42.617117],[172.286403,-42.616798],[172.287251,-42.616751],[172.287563,-42.616853],[172.28806,-42.61716],[172.288744,-42.617267],[172.289128,-42.617444],[172.289618,-42.617485],[172.290461,-42.617745],[172.290678,-42.617588],[172.291022,-42.617575],[172.291464,-42.617271],[172.291838,-42.617339],[172.29263,-42.617259],[172.293375,-42.616663],[172.293585,-42.616404],[172.29413,-42.616268],[172.294605,-42.615948],[172.29571,-42.615643],[172.296046,-42.615645],[172.296448,-42.615793],[172.297011,-42.615666],[172.297236,-42.615746],[172.297922,-42.615759],[172.298155,-42.61586],[172.298289,-42.615725],[172.299618,-42.615469],[172.300217,-42.615425],[172.301071,-42.615576],[172.301404,-42.615518],[172.301566,-42.615317],[172.302144,-42.615058],[172.302661,-42.614691],[172.303498,-42.614455],[172.304157,-42.614101],[172.30448,-42.613645],[172.304867,-42.613346],[172.305467,-42.613185],[172.305878,-42.612816],[172.306334,-42.612657],[172.30769,-42.61251],[172.308085,-42.612316],[172.309051,-42.612189],[172.309563,-42.612206],[172.310275,-42.612064],[172.310721,-42.61179],[172.310913,-42.611402],[172.311418,-42.611223],[172.311935,-42.610863],[172.312456,-42.610746],[172.312629,-42.610631],[172.312675,-42.610309],[172.312849,-42.610059],[172.313456,-42.609641],[172.31493,-42.609047],[172.315214,-42.60879],[172.315959,-42.608638],[172.316106,-42.608545],[172.316362,-42.608555],[172.316849,-42.608429],[172.317187,-42.608472],[172.317649,-42.608261],[172.319031,-42.608409],[172.320193,-42.60867],[172.320659,-42.608527],[172.321783,-42.608811],[172.322465,-42.609399],[172.322967,-42.609389],[172.323403,-42.609466],[172.323984,-42.609399],[172.324423,-42.609527],[172.324718,-42.609702],[172.324674,-42.609243],[172.324916,-42.609121],[172.325251,-42.60878],[172.32619,-42.608509],[172.326596,-42.608479],[172.326917,-42.60831],[172.327824,-42.608337],[172.328189,-42.608221],[172.328873,-42.607834],[172.330125,-42.607567],[172.330779,-42.607525],[172.332173,-42.607633],[172.332497,-42.607576],[172.332983,-42.607749],[172.333479,-42.60761],[172.333784,-42.60736],[172.334207,-42.607255],[172.334582,-42.60699],[172.335041,-42.606951],[172.335511,-42.606692],[172.335919,-42.606636],[172.336152,-42.606703],[172.336253,-42.606632],[172.336638,-42.606659],[172.337529,-42.606561],[172.337836,-42.606149],[172.337954,-42.605798],[172.338441,-42.605179],[172.339228,-42.604986],[172.339591,-42.604998],[172.33976,-42.604913],[172.341058,-42.605025],[172.341636,-42.604519],[172.341646,-42.604074],[172.341942,-42.603809],[172.342345,-42.603854],[172.3425,-42.603946],[172.343052,-42.603884],[172.343305,-42.604015],[172.343569,-42.604045],[172.346341,-42.604249],[172.346681,-42.604191],[172.347102,-42.60396],[172.347589,-42.603835],[172.348024,-42.603581],[172.348512,-42.603422],[172.348692,-42.603458],[172.349463,-42.60304],[172.349791,-42.603026],[172.350343,-42.603212],[172.35055,-42.603214],[172.350951,-42.603044],[172.351444,-42.602959],[172.352102,-42.60244],[172.352558,-42.601606],[172.352901,-42.601318],[172.353336,-42.601179],[172.353574,-42.601249],[172.353926,-42.601506],[172.354207,-42.60158],[172.354658,-42.601587],[172.355498,-42.601332],[172.356295,-42.601397],[172.356467,-42.601295],[172.356783,-42.60127],[172.357046,-42.601358],[172.357451,-42.601371],[172.358026,-42.601158],[172.359091,-42.600337],[172.359769,-42.600252],[172.360283,-42.600019],[172.360702,-42.599965],[172.361052,-42.59972],[172.361172,-42.599515],[172.361673,-42.599176],[172.362729,-42.599392],[172.363387,-42.599404],[172.364009,-42.599308],[172.364339,-42.599043],[172.364553,-42.598582],[172.365355,-42.598017],[172.366508,-42.596166],[172.366762,-42.595387],[172.366751,-42.595014],[172.36655,-42.594364],[172.366776,-42.59359],[172.367747,-42.592306],[172.367642,-42.591794],[172.368311,-42.589659],[172.368762,-42.589456],[172.369106,-42.5891],[172.369439,-42.589056],[172.36968,-42.588791],[172.36971,-42.588573],[172.369497,-42.587898],[172.370024,-42.586754],[172.370024,-42.586754],[172.369884,-42.586861],[172.369484,-42.586896],[172.369295,-42.586991],[172.369256,-42.586346],[172.36887,-42.586333],[172.368283,-42.586529],[172.368052,-42.586477],[172.367655,-42.586097],[172.367313,-42.58545],[172.366841,-42.585309],[172.366796,-42.584802],[172.366937,-42.584141],[172.366709,-42.58405],[172.366787,-42.583985],[172.366516,-42.583736],[172.366473,-42.58334],[172.366231,-42.583054],[172.366238,-42.582588],[172.36608,-42.582197],[172.366262,-42.581914],[172.365169,-42.580811],[172.365298,-42.580622],[172.365047,-42.579857],[172.364892,-42.579871],[172.364426,-42.579637],[172.365023,-42.579407],[172.36569,-42.579365],[172.36538,-42.57917],[172.36486,-42.579104],[172.365003,-42.578559],[172.364206,-42.577213],[172.363739,-42.576857],[172.362796,-42.576356],[172.361667,-42.574908],[172.361223,-42.574039],[172.362515,-42.573719],[172.36327,-42.573251],[172.363174,-42.573142],[172.362858,-42.57304],[172.362097,-42.57303],[172.361791,-42.573133],[172.36156,-42.572899],[172.36127,-42.572775],[172.360706,-42.57269],[172.360234,-42.57135],[172.359802,-42.571028],[172.359226,-42.570417],[172.358752,-42.569615],[172.356625,-42.567513],[172.35542,-42.567089],[172.355137,-42.566766],[172.354672,-42.566653],[172.354614,-42.566528],[172.35417,-42.566214],[172.353467,-42.566014],[172.353235,-42.565815],[172.353014,-42.565522],[172.352464,-42.565102],[172.352583,-42.564423],[172.352244,-42.564208],[172.352272,-42.56398],[172.351981,-42.563793],[172.351095,-42.562774],[172.349959,-42.562186],[172.34933,-42.562075],[172.348818,-42.561781],[172.348024,-42.561626],[172.347779,-42.561386],[172.347465,-42.561328],[172.346897,-42.560903],[172.345552,-42.560168],[172.344403,-42.559881],[172.343541,-42.559514],[172.34277,-42.558983],[172.342478,-42.558737],[172.342182,-42.558071],[172.341557,-42.557355],[172.341559,-42.557212],[172.341774,-42.556951],[172.341731,-42.556657],[172.341141,-42.556062],[172.341356,-42.555962],[172.341668,-42.555999],[172.342035,-42.555916],[172.34212,-42.555635],[172.342592,-42.554942],[172.343049,-42.554586],[172.343571,-42.553854],[172.343911,-42.553547],[172.344312,-42.553475],[172.345243,-42.552755],[172.345891,-42.551785],[172.345579,-42.551411],[172.345456,-42.550963],[172.345245,-42.550694],[172.345281,-42.550219],[172.344966,-42.549928],[172.344848,-42.549472],[172.344986,-42.549229],[172.344927,-42.548753],[172.345185,-42.546886],[172.345145,-42.546302],[172.344929,-42.545692],[172.345166,-42.545358],[172.345986,-42.544982],[172.346571,-42.54442],[172.347599,-42.543818],[172.347973,-42.543646],[172.349512,-42.543213],[172.349956,-42.542861],[172.35054,-42.542773],[172.351986,-42.542732],[172.352859,-42.542495],[172.353495,-42.542118],[172.35395,-42.54199],[172.354292,-42.541979],[172.354681,-42.541813],[172.354933,-42.541572],[172.356153,-42.540877],[172.356688,-42.540298],[172.357087,-42.540213],[172.358674,-42.53885],[172.35902,-42.538397],[172.359322,-42.537519],[172.359563,-42.537387],[172.359809,-42.536852],[172.360484,-42.536025],[172.36133,-42.535609],[172.36217,-42.535004],[172.362563,-42.534474],[172.362697,-42.533773],[172.362889,-42.533347],[172.363361,-42.532851],[172.363764,-42.532594],[172.364296,-42.531856],[172.364366,-42.531575],[172.365046,-42.531057],[172.36569,-42.530687],[172.366245,-42.530541],[172.366609,-42.530544],[172.368009,-42.530815],[172.368439,-42.530714],[172.368853,-42.530738],[172.369066,-42.530848],[172.370006,-42.530806],[172.370364,-42.530899],[172.370667,-42.530627],[172.371206,-42.530327],[172.371338,-42.530142],[172.371881,-42.529853],[172.372729,-42.529659],[172.372964,-42.52968],[172.373398,-42.529303],[172.37395,-42.52924],[172.374368,-42.529053],[172.374428,-42.528941],[172.375261,-42.528384],[172.375497,-42.527795],[172.375921,-42.527549],[172.376102,-42.527222],[172.376625,-42.526696],[172.376905,-42.526253],[172.377012,-42.525863],[172.377436,-42.52538],[172.377873,-42.525271],[172.378629,-42.525541],[172.379674,-42.52331],[172.379853,-42.522647],[172.380185,-42.520422],[172.380422,-42.517984],[172.380607,-42.517563],[172.380935,-42.517183],[172.381333,-42.51688],[172.382084,-42.516649],[172.383272,-42.516412],[172.385612,-42.516836],[172.385612,-42.516836],[172.388373,-42.517065],[172.388836,-42.517316],[172.389633,-42.517535],[172.390657,-42.51803],[172.390933,-42.51824],[172.391504,-42.51895],[172.392098,-42.519093],[172.393533,-42.519715],[172.393946,-42.519718],[172.394582,-42.519491],[172.395302,-42.519549],[172.395873,-42.519876],[172.396916,-42.520033],[172.397453,-42.520226],[172.397763,-42.520237],[172.398381,-42.52007],[172.399339,-42.520136],[172.40002,-42.520488],[172.401346,-42.520826],[172.402709,-42.521049],[172.403526,-42.521037],[172.404021,-42.521138],[172.404358,-42.521308],[172.40489,-42.521399],[172.406187,-42.521296],[172.406923,-42.521722],[172.407304,-42.522039],[172.407861,-42.522042],[172.408302,-42.522283],[172.408638,-42.522293],[172.409525,-42.522033],[172.409693,-42.52186],[172.409477,-42.521623],[172.40969,-42.521308],[172.410445,-42.521086],[172.411592,-42.520515],[172.411966,-42.520416],[172.413333,-42.519635],[172.414413,-42.519246],[172.414654,-42.51922],[172.4148,-42.519108],[172.415301,-42.518949],[172.415613,-42.51897],[172.416209,-42.518799],[172.416908,-42.518792],[172.418089,-42.517977],[172.419717,-42.517172],[172.420069,-42.516919],[172.420316,-42.51688],[172.420532,-42.516943],[172.420725,-42.517168],[172.421016,-42.517308],[172.421093,-42.517453],[172.42142,-42.517616],[172.422222,-42.517733],[172.422632,-42.517478],[172.42297,-42.517556],[172.423655,-42.517528],[172.424058,-42.517373],[172.424468,-42.51705],[172.425493,-42.516736],[172.426325,-42.516902],[172.426532,-42.516813],[172.427667,-42.516842],[172.42842,-42.516945],[172.429052,-42.516907],[172.430114,-42.515891],[172.430525,-42.515667],[172.43184,-42.514568],[172.433144,-42.512848],[172.433172,-42.512536],[172.433384,-42.512243],[172.433532,-42.512136],[172.434004,-42.512091],[172.434179,-42.511928],[172.434926,-42.511857],[172.435923,-42.511549],[172.436394,-42.511016],[172.436306,-42.510681],[172.43645,-42.510474],[172.437633,-42.509611],[172.43804,-42.509446],[172.438433,-42.509545],[172.438788,-42.509538],[172.439454,-42.509274],[172.440182,-42.509366],[172.440834,-42.509216],[172.441091,-42.509273],[172.442123,-42.50892],[172.442295,-42.508736],[172.442556,-42.508651],[172.443658,-42.508384],[172.443849,-42.508248],[172.444348,-42.508227],[172.444364,-42.508115],[172.444504,-42.508039],[172.445212,-42.507862],[172.445817,-42.507798],[172.44727,-42.507115],[172.447581,-42.507059],[172.447688,-42.506617],[172.448264,-42.506237],[172.448436,-42.506012],[172.449326,-42.505901],[172.449894,-42.505701],[172.450332,-42.505676],[172.450946,-42.505235],[172.451155,-42.505176],[172.451118,-42.504491],[172.451561,-42.50428],[172.451511,-42.504089],[172.451706,-42.503926],[172.451947,-42.503947],[172.452364,-42.503682],[172.452858,-42.503559],[172.453252,-42.503322],[172.454499,-42.503285],[172.454716,-42.503017],[172.455431,-42.502691],[172.455763,-42.50233],[172.456297,-42.50228],[172.456866,-42.502434],[172.458902,-42.502095],[172.459106,-42.501912],[172.459473,-42.501851],[172.460117,-42.501513],[172.463118,-42.500399],[172.464014,-42.499708],[172.46483,-42.498739],[172.465664,-42.4984],[172.466037,-42.498073],[172.4665,-42.497965],[172.467009,-42.497727],[172.467296,-42.497701],[172.467652,-42.497531],[172.468587,-42.496813],[172.468905,-42.496172],[172.469337,-42.496034],[172.469817,-42.495509],[172.470403,-42.495137],[172.470609,-42.494897],[172.470595,-42.494694],[172.470257,-42.493988],[172.470342,-42.493662],[172.469761,-42.49297],[172.469733,-42.49277],[172.46984,-42.492482],[172.470256,-42.492039],[172.470071,-42.491621],[172.469969,-42.49097],[172.470331,-42.490857],[172.470188,-42.490784],[172.470569,-42.490294],[172.470572,-42.489572],[172.470287,-42.489269],[172.469751,-42.488957],[172.469948,-42.488815],[172.469906,-42.488604],[172.469483,-42.488172],[172.46971,-42.487576],[172.469631,-42.487526],[172.469691,-42.487155],[172.469178,-42.486865],[172.46901,-42.486908],[172.468561,-42.486729],[172.468348,-42.486416],[172.468335,-42.486286],[172.468605,-42.485809],[172.468541,-42.485684],[172.468952,-42.484978],[172.468838,-42.484548],[172.46852,-42.484217],[172.467924,-42.483803],[172.467612,-42.483697],[172.467397,-42.483799],[172.467036,-42.483608],[172.466737,-42.483048],[172.466518,-42.482179],[172.466107,-42.481857],[172.465982,-42.481643],[172.465794,-42.481665],[172.465556,-42.481579],[172.465237,-42.481278],[172.465162,-42.481175],[172.465235,-42.480998],[172.464512,-42.480029],[172.464344,-42.479486],[172.463815,-42.47866],[172.463893,-42.478406],[172.463721,-42.478068],[172.463567,-42.477274],[172.463615,-42.477048],[172.463839,-42.476866],[172.463843,-42.476656],[172.463718,-42.476529],[172.463718,-42.476305],[172.463397,-42.475563],[172.463192,-42.475338],[172.463062,-42.474543],[172.463105,-42.473983],[172.463317,-42.473692],[172.463476,-42.472874],[172.463246,-42.472098],[172.463254,-42.471465],[172.463444,-42.471166],[172.4633,-42.471014],[172.463359,-42.470864],[172.463283,-42.470631],[172.463081,-42.470461],[172.463289,-42.469924],[172.463097,-42.469344],[172.463241,-42.469046],[172.463504,-42.468779],[172.463296,-42.468549],[172.463321,-42.46842],[172.4631,-42.468103],[172.462945,-42.467521],[172.462693,-42.467313],[172.462461,-42.466757],[172.462248,-42.466107],[172.46221,-42.465333],[172.462037,-42.465203],[172.461915,-42.465216],[172.462205,-42.465107],[172.46221,-42.464871],[172.461841,-42.464095],[172.461287,-42.463413],[172.46077,-42.461725],[172.460852,-42.460974],[172.461068,-42.460426],[172.461005,-42.460299],[172.46137,-42.459432],[172.462405,-42.458294],[172.463246,-42.456925],[172.46313,-42.456253],[172.463093,-42.454655],[172.463182,-42.454077],[172.463402,-42.453734],[172.4634,-42.453324],[172.463681,-42.452017],[172.463481,-42.451322],[172.463705,-42.450385],[172.463601,-42.449962],[172.463688,-42.449443],[172.463512,-42.449179],[172.463898,-42.449084],[172.463963,-42.448982],[172.463847,-42.448823],[172.464411,-42.44849],[172.464655,-42.448096],[172.464578,-42.44787],[172.464192,-42.447389],[172.464206,-42.446765],[172.463822,-42.446294],[172.463826,-42.445756],[172.46368,-42.44504],[172.463772,-42.444372],[172.463665,-42.444229],[172.463824,-42.44378],[172.463389,-42.441645],[172.46363,-42.441008],[172.463273,-42.439894],[172.463434,-42.438917],[172.463619,-42.438602],[172.463527,-42.438271],[172.463725,-42.437833],[172.463446,-42.437443],[172.464386,-42.437154],[172.463983,-42.436844],[172.464124,-42.436474],[172.463987,-42.436349],[172.464064,-42.435878],[172.463362,-42.435325],[172.463101,-42.434999],[172.463079,-42.434713],[172.46343,-42.434392],[172.463005,-42.434327],[172.46273,-42.434075],[172.46282,-42.433834],[172.462608,-42.433705],[172.462542,-42.433424],[172.462609,-42.43325],[172.462238,-42.432543],[172.462053,-42.430402],[172.461883,-42.429628],[172.461988,-42.429026],[172.46197,-42.427559],[172.461594,-42.426922],[172.461574,-42.426623],[172.461048,-42.426158],[172.460999,-42.425899],[172.461036,-42.425753],[172.461252,-42.42556],[172.461307,-42.425193],[172.461133,-42.423176],[172.461372,-42.422585],[172.461752,-42.420583],[172.461893,-42.420392],[172.461672,-42.419643],[172.461466,-42.41942],[172.461435,-42.419001],[172.461516,-42.418766],[172.462004,-42.418478],[172.4619,-42.41829],[172.461667,-42.418226],[172.461212,-42.417885],[172.461331,-42.41621],[172.461166,-42.414996],[172.461292,-42.414197],[172.461141,-42.413585],[172.461258,-42.412877],[172.461416,-42.412736],[172.461341,-42.41263],[172.461391,-42.412521],[172.461684,-42.412317],[172.462137,-42.412307],[172.462492,-42.411855],[172.462616,-42.411529],[172.462042,-42.410179],[172.462141,-42.409995],[172.462112,-42.409888],[172.461953,-42.409831],[172.462099,-42.409653],[172.461799,-42.409479],[172.461931,-42.40925],[172.462027,-42.408644],[172.462269,-42.408235],[172.462136,-42.407627],[172.462204,-42.407351],[172.462459,-42.407102],[172.462338,-42.406858],[172.462485,-42.406509],[172.462494,-42.405988],[172.462673,-42.405724],[172.462699,-42.405476],[172.462441,-42.404995],[172.462338,-42.404948],[172.462422,-42.404632],[172.462299,-42.404517],[172.462188,-42.404113],[172.462002,-42.403914],[172.462014,-42.403761],[172.462286,-42.4033],[172.462383,-42.402836],[172.462929,-42.402685],[172.463027,-42.402587],[172.462984,-42.401661],[172.463129,-42.401115],[172.463311,-42.401044],[172.463294,-42.400905],[172.464445,-42.399607],[172.464294,-42.399475],[172.464339,-42.399267],[172.464894,-42.398945],[172.464826,-42.398689],[172.465008,-42.398314],[172.46611,-42.397551],[172.466202,-42.39733],[172.46626,-42.397288],[172.466642,-42.397382],[172.46649,-42.397137],[172.466824,-42.397031],[172.467351,-42.397248],[172.467667,-42.397031],[172.467957,-42.396992],[172.468237,-42.396846],[172.468717,-42.396529],[172.470128,-42.396008],[172.470653,-42.395885],[172.471596,-42.395834],[172.471894,-42.395724],[172.472012,-42.394626],[172.472327,-42.393872],[172.472664,-42.393627],[172.472809,-42.393393],[172.473324,-42.39312],[172.474155,-42.392823],[172.474766,-42.392721],[172.474941,-42.392799],[172.475683,-42.392591],[172.475908,-42.392646],[172.476274,-42.392595],[172.477016,-42.392441],[172.477766,-42.392143],[172.47884,-42.392],[172.47957,-42.391991],[172.480209,-42.391813],[172.480842,-42.391921],[172.481526,-42.391899],[172.481972,-42.391795],[172.482714,-42.391955],[172.483446,-42.391888],[172.48407,-42.39221],[172.484621,-42.392277],[172.48482,-42.392381],[172.485719,-42.392369],[172.486677,-42.392608],[172.487086,-42.39264],[172.489448,-42.392042],[172.490092,-42.392011],[172.491259,-42.39176],[172.491701,-42.391787],[172.49239,-42.391696],[172.49303,-42.391524],[172.493698,-42.391147],[172.494492,-42.391031],[172.495559,-42.390746],[172.496396,-42.390664],[172.496657,-42.390514],[172.497351,-42.389628],[172.497767,-42.389283],[172.497694,-42.388905],[172.497756,-42.388473],[172.498039,-42.388057],[172.498691,-42.387506],[172.499304,-42.387156],[172.499777,-42.386655],[172.500066,-42.385787],[172.500416,-42.385455],[172.500535,-42.384986],[172.500533,-42.384476],[172.500942,-42.383387],[172.501493,-42.382993],[172.502322,-42.382665],[172.502513,-42.382296],[172.503192,-42.381764],[172.503392,-42.381238],[172.503313,-42.380826],[172.503429,-42.380269],[172.503066,-42.380049],[172.502942,-42.379721],[172.503101,-42.379534],[172.503159,-42.379106],[172.503814,-42.378804],[172.504275,-42.378375],[172.504954,-42.377924],[172.504969,-42.37774],[172.505245,-42.377594],[172.505839,-42.377066],[172.506482,-42.376703],[172.506563,-42.376362],[172.50755,-42.375916],[172.508085,-42.37588],[172.508429,-42.375512],[172.509089,-42.375086],[172.509092,-42.374849],[172.509255,-42.374654],[172.509037,-42.374709],[172.508768,-42.374628],[172.509445,-42.374184],[172.509568,-42.373967],[172.51023,-42.373387],[172.511101,-42.372782],[172.511879,-42.371804],[172.511963,-42.371341],[172.512378,-42.370988],[172.512411,-42.370763],[172.512279,-42.370604],[172.512217,-42.370153],[172.511865,-42.369812],[172.511544,-42.36917],[172.511166,-42.368795],[172.510934,-42.36808],[172.510776,-42.367965],[172.510693,-42.367427],[172.510952,-42.36697],[172.510964,-42.366737],[172.510567,-42.365579],[172.510579,-42.365206],[172.511038,-42.364967],[172.511465,-42.364013],[172.511786,-42.363525],[172.511799,-42.363003],[172.511946,-42.362644],[172.511904,-42.362438],[172.511609,-42.361997],[172.511924,-42.361265],[172.511989,-42.360779],[172.511914,-42.360592],[172.512058,-42.36038],[172.513057,-42.359783],[172.513358,-42.359221],[172.514071,-42.358866],[172.514457,-42.358304],[172.514616,-42.358273],[172.514864,-42.357937],[172.515714,-42.357211],[172.516152,-42.356508],[172.516946,-42.356033],[172.517259,-42.355666],[172.518094,-42.355327],[172.518845,-42.354684],[172.519111,-42.354631],[172.519319,-42.354784],[172.519613,-42.354749],[172.520301,-42.353902],[172.521907,-42.35303],[172.522635,-42.352826],[172.523329,-42.352809],[172.525402,-42.352188],[172.526265,-42.352087],[172.527247,-42.352083],[172.527558,-42.351934],[172.527927,-42.351538],[172.528866,-42.351135],[172.528929,-42.351037],[172.531288,-42.350521],[172.531698,-42.350233],[172.532032,-42.35022],[172.532321,-42.350327],[172.532775,-42.350281],[172.533699,-42.349943],[172.534881,-42.349759],[172.535795,-42.349289],[172.536396,-42.348689],[172.537143,-42.348586],[172.537481,-42.348056],[172.537883,-42.347891],[172.539289,-42.348137],[172.540083,-42.348472],[172.540659,-42.348556],[172.54111,-42.348761],[172.541704,-42.348759],[172.54271,-42.348955],[172.542996,-42.348914],[172.544165,-42.349582],[172.544375,-42.349526],[172.545118,-42.348906],[172.546656,-42.348487],[172.547637,-42.348028],[172.548734,-42.34789],[172.549567,-42.348097],[172.549582,-42.348229],[172.549796,-42.348328],[172.550176,-42.348287],[172.550272,-42.34786],[172.550507,-42.347784],[172.550572,-42.347578],[172.55111,-42.34736],[172.551179,-42.345745],[172.551754,-42.345568],[172.55206,-42.34539],[172.552267,-42.345242],[172.552453,-42.344908],[172.552821,-42.34472],[172.552959,-42.344548],[172.553133,-42.344508],[172.553566,-42.344644],[172.553759,-42.344635],[172.55384,-42.344265],[172.554217,-42.343829],[172.555324,-42.342895],[172.556055,-42.342038],[172.556418,-42.342122],[172.558002,-42.341626],[172.558955,-42.341477],[172.559521,-42.341258],[172.560273,-42.341198],[172.560941,-42.340891],[172.563419,-42.340482],[172.565419,-42.339959],[172.566195,-42.339962],[172.568373,-42.339761],[172.56923,-42.339438],[172.571477,-42.339482],[172.571904,-42.339276],[172.572188,-42.339467],[172.572188,-42.339467],[172.573286,-42.339943],[172.574622,-42.339968],[172.575637,-42.340148],[172.576175,-42.340424],[172.576932,-42.340665],[172.577792,-42.340651],[172.578959,-42.340012],[172.579677,-42.339762],[172.581926,-42.33921],[172.582291,-42.338934],[172.583853,-42.339319],[172.583959,-42.33926],[172.584013,-42.338925],[172.585269,-42.338351],[172.586329,-42.338049],[172.588492,-42.337241],[172.590007,-42.336073],[172.590953,-42.33575],[172.592939,-42.334702],[172.595083,-42.332902],[172.596923,-42.330913],[172.597993,-42.330201],[172.600042,-42.327308],[172.600457,-42.325916],[172.601073,-42.324675],[172.601585,-42.323962],[172.602517,-42.321103],[172.603335,-42.320126],[172.6036,-42.318282],[172.604771,-42.317683],[172.605336,-42.316593],[172.605797,-42.315954],[172.607533,-42.314228],[172.610132,-42.312391],[172.611051,-42.311604],[172.61146,-42.311002],[172.612436,-42.309123],[172.613205,-42.307882],[172.613063,-42.306225],[172.613218,-42.305698],[172.613173,-42.304719],[172.61328,-42.303853],[172.613688,-42.303515],[172.615629,-42.301337],[172.616396,-42.300285],[172.617417,-42.299347],[172.617999,-42.297685],[172.618374,-42.297153],[172.61867,-42.296419],[172.618999,-42.296016],[172.619237,-42.295422],[172.619908,-42.292586],[172.620361,-42.291658],[172.620552,-42.290875],[172.621195,-42.28984],[172.621203,-42.289618],[172.620367,-42.288516],[172.620267,-42.288231],[172.620358,-42.287662],[172.620285,-42.287171],[172.620683,-42.286275],[172.620788,-42.285329],[172.620953,-42.284784],[172.620567,-42.283717],[172.620489,-42.283233],[172.620716,-42.282761],[172.620843,-42.281983],[172.621479,-42.280304],[172.62136,-42.280285],[172.621067,-42.280526],[172.620916,-42.280443],[172.621289,-42.278704],[172.621283,-42.278273],[172.622203,-42.277594],[172.622289,-42.277139],[172.622653,-42.276666],[172.622674,-42.276312],[172.622894,-42.27569],[172.622279,-42.274377],[172.621142,-42.272522],[172.621038,-42.27188],[172.621151,-42.270933],[172.620803,-42.270479],[172.620718,-42.269772],[172.620992,-42.268893],[172.620959,-42.267376],[172.621514,-42.266457],[172.62168,-42.265944],[172.621682,-42.265057],[172.621291,-42.26424],[172.621106,-42.262843],[172.621385,-42.262149],[172.622031,-42.261038],[172.622587,-42.259439],[172.623021,-42.25881],[172.622897,-42.258032],[172.622999,-42.257471],[172.623832,-42.256066],[172.624007,-42.255209],[172.624215,-42.254775],[172.625706,-42.253049],[172.628244,-42.250951],[172.629371,-42.249358],[172.630354,-42.247226],[172.630571,-42.246122],[172.630744,-42.242924],[172.63046,-42.242496],[172.630512,-42.241755],[172.630974,-42.241146],[172.631391,-42.240844],[172.631973,-42.240631],[172.63232,-42.2404],[172.633134,-42.239547],[172.633712,-42.239162],[172.633776,-42.239],[172.6345,-42.238393],[172.634869,-42.237939],[172.635328,-42.237753],[172.635346,-42.237153],[172.635104,-42.237236],[172.635178,-42.23569],[172.63473,-42.234499],[172.634692,-42.233494],[172.637715,-42.231217],[172.639379,-42.229651],[172.641681,-42.227847],[172.643318,-42.227614],[172.644492,-42.226903],[172.644848,-42.226344],[172.644869,-42.224744],[172.645202,-42.223152],[172.645574,-42.222665],[172.647019,-42.222264],[172.64794,-42.221502],[172.649681,-42.217863],[172.650408,-42.216727],[172.650939,-42.214865],[172.651587,-42.213533],[172.65327,-42.213502],[172.653496,-42.213264],[172.654115,-42.20856],[172.654325,-42.205236],[172.655439,-42.203738],[172.656696,-42.202432],[172.658869,-42.200699],[172.659837,-42.199367],[172.661561,-42.197561],[172.661863,-42.195179],[172.660759,-42.194747],[172.65977,-42.193898],[172.65959,-42.191622],[172.659465,-42.18801],[172.660029,-42.185632],[172.66223,-42.183361],[172.662492,-42.182313],[172.661797,-42.180428],[172.661185,-42.179883],[172.660922,-42.176384],[172.660787,-42.175997],[172.660397,-42.17277],[172.660278,-42.172392],[172.659172,-42.171044],[172.658924,-42.170272],[172.658782,-42.169112],[172.658919,-42.167457],[172.658956,-42.164735],[172.659656,-42.161418],[172.659694,-42.160334],[172.659684,-42.159238],[172.65896,-42.158428],[172.659603,-42.157253],[172.660165,-42.154615],[172.660113,-42.153611],[172.660113,-42.153611],[172.660411,-42.153257],[172.660528,-42.152349],[172.660496,-42.15192],[172.660292,-42.151594],[172.660495,-42.151456],[172.660321,-42.151138],[172.660857,-42.149426],[172.661665,-42.148233],[172.661796,-42.14779],[172.66263,-42.146622],[172.663331,-42.145893],[172.66413,-42.14529],[172.664228,-42.144873],[172.664747,-42.144606],[172.665921,-42.143061],[172.666074,-42.141864],[172.666639,-42.141129],[172.667092,-42.140338],[172.667183,-42.139922],[172.667599,-42.139045],[172.667645,-42.138589],[172.668185,-42.137863],[172.668563,-42.136979],[172.668655,-42.136597],[172.66865,-42.135656],[172.668502,-42.135262],[172.669046,-42.134007],[172.669137,-42.133576],[172.669023,-42.132759],[172.669153,-42.132351],[172.669535,-42.132],[172.66991,-42.131119],[172.669921,-42.130208],[172.669468,-42.128854],[172.669496,-42.128448],[172.669258,-42.128072],[172.669337,-42.127654],[172.669172,-42.127247],[172.66882,-42.126817],[172.668781,-42.126324],[172.667843,-42.125066],[172.667629,-42.12407],[172.667576,-42.121555],[172.667317,-42.120677],[172.666766,-42.119989],[172.666324,-42.119732],[172.665579,-42.119112],[172.665245,-42.118281],[172.66466,-42.117443],[172.664663,-42.116799],[172.66437,-42.116454],[172.663546,-42.115842],[172.663359,-42.115362],[172.663055,-42.114989],[172.662815,-42.114174],[172.662497,-42.113697],[172.661498,-42.112993],[172.660765,-42.11206],[172.660218,-42.11172],[172.659903,-42.111318],[172.659661,-42.11121],[172.660188,-42.11068],[172.658524,-42.10982],[172.657862,-42.109335],[172.656271,-42.109496],[172.655475,-42.109487],[172.654085,-42.109231],[172.653639,-42.108983],[172.653114,-42.108959],[172.652001,-42.109352],[172.650936,-42.109372],[172.650441,-42.109644],[172.649938,-42.109761],[172.648807,-42.109732],[172.648334,-42.109843],[172.64736,-42.109603],[172.647155,-42.109256],[172.646484,-42.10855],[172.647383,-42.10773],[172.647504,-42.107419],[172.647766,-42.10716],[172.648201,-42.106366],[172.64822,-42.105622],[172.648628,-42.104917],[172.650079,-42.103765],[172.650774,-42.103396],[172.651033,-42.103161],[172.651446,-42.103079],[172.651802,-42.103094],[172.652365,-42.102689],[172.65267,-42.102585],[172.652611,-42.102242],[172.652687,-42.101409],[172.652949,-42.101028],[172.653044,-42.100317],[172.653044,-42.100317],[172.653183,-42.1001],[172.652996,-42.099821],[172.652813,-42.099232],[172.652844,-42.09892],[172.652706,-42.098683],[172.652821,-42.098499],[172.652761,-42.097782],[172.653232,-42.097211],[172.653426,-42.096526],[172.653657,-42.096373],[172.654146,-42.095786],[172.654931,-42.095461],[172.655388,-42.095144],[172.6555,-42.094953],[172.655394,-42.094615],[172.65605,-42.093257],[172.6559,-42.093031],[172.655876,-42.092739],[172.655645,-42.092619],[172.655432,-42.092014],[172.65505,-42.091688],[172.655019,-42.091492],[172.654578,-42.09114],[172.654131,-42.090566],[172.654185,-42.090359],[172.655591,-42.089523],[172.65636,-42.088862],[172.657272,-42.088371],[172.657462,-42.088044],[172.657711,-42.087881],[172.658093,-42.087362],[172.658224,-42.086662],[172.658576,-42.086307],[172.658567,-42.085481],[172.658883,-42.085126],[172.659001,-42.084708],[172.658816,-42.084335],[172.658809,-42.083727],[172.658722,-42.083549],[172.658831,-42.083199],[172.65871,-42.083026],[172.658639,-42.082315],[172.658333,-42.08157],[172.658289,-42.081159],[172.65835,-42.080861],[172.658518,-42.080687],[172.658486,-42.080295],[172.658893,-42.079777],[172.658696,-42.079304],[172.658378,-42.078945],[172.658372,-42.078585],[172.658481,-42.078325],[172.658269,-42.078142],[172.657758,-42.078046],[172.657479,-42.077598],[172.657055,-42.077377],[172.656718,-42.076763],[172.65669,-42.07658],[172.656774,-42.076521],[172.65623,-42.075787],[172.655074,-42.074815],[172.654138,-42.074334],[172.653688,-42.073689],[172.653186,-42.073378],[172.653011,-42.072947],[172.652945,-42.071967],[172.653113,-42.071613],[172.6531,-42.070254],[172.654247,-42.069519],[172.654693,-42.068806],[172.655641,-42.068121],[172.655778,-42.067799],[172.655984,-42.067583],[172.657093,-42.066748],[172.657409,-42.06588],[172.657292,-42.065529],[172.657311,-42.065192],[172.657609,-42.064589],[172.657524,-42.064113],[172.657656,-42.064007],[172.657432,-42.063639],[172.65717,-42.063507],[172.655688,-42.061989],[172.655852,-42.061374],[172.655665,-42.060832],[172.655875,-42.060338],[172.655637,-42.060059],[172.655484,-42.059483],[172.655462,-42.058818],[172.655603,-42.058543],[172.655367,-42.058378],[172.655141,-42.05802],[172.654695,-42.057716],[172.654873,-42.057496],[172.654818,-42.05739],[172.654927,-42.057044],[172.654761,-42.056786],[172.654695,-42.056173],[172.654888,-42.055555],[172.654822,-42.055324],[172.654483,-42.055157],[172.654117,-42.054642],[172.653867,-42.054509],[172.654082,-42.05405],[172.654024,-42.053427],[172.654152,-42.053219],[172.654202,-42.052791],[172.65451,-42.05233],[172.654393,-42.051893],[172.654196,-42.051653],[172.654162,-42.051282],[172.653676,-42.05063],[172.653349,-42.050473],[172.65298,-42.050419],[172.652726,-42.050159],[172.651952,-42.049863],[172.651453,-42.049108],[172.651646,-42.048799],[172.651761,-42.048135],[172.652054,-42.047847],[172.652453,-42.047226],[172.652753,-42.0471],[172.652844,-42.046935],[172.653024,-42.046868],[172.653628,-42.046271],[172.653808,-42.045967],[172.654307,-42.045891],[172.65514,-42.045572],[172.655582,-42.045263],[172.655723,-42.044775],[172.656381,-42.043783],[172.65708,-42.043435],[172.657674,-42.043324],[172.657789,-42.043223],[172.657999,-42.042786],[172.658115,-42.042217],[172.657893,-42.041987],[172.657819,-42.041765],[172.658024,-42.041421],[172.657987,-42.041148],[172.658407,-42.040084],[172.658465,-42.039677],[172.658634,-42.039457],[172.658941,-42.03936],[172.659133,-42.039081],[172.659473,-42.038846],[172.659564,-42.038657],[172.65937,-42.038067],[172.659461,-42.037898],[172.659866,-42.03753],[172.660024,-42.037273],[172.66018,-42.037196],[172.660234,-42.037044],[172.660602,-42.036845],[172.660846,-42.03617],[172.660821,-42.036024],[172.661199,-42.035687],[172.661211,-42.035542],[172.661687,-42.034879],[172.662547,-42.033999],[172.662887,-42.033403],[172.662965,-42.033004],[172.663194,-42.032586],[172.663358,-42.032423],[172.663838,-42.03227],[172.664033,-42.031756],[172.664284,-42.031543],[172.664265,-42.031334],[172.664408,-42.031268],[172.664625,-42.030971],[172.664831,-42.030582],[172.664673,-42.030296],[172.664871,-42.03005],[172.664899,-42.029669],[172.665578,-42.028584],[172.665479,-42.028155],[172.665593,-42.027926],[172.665524,-42.027631],[172.665652,-42.027442],[172.665476,-42.02704],[172.665574,-42.026916],[172.665518,-42.026748],[172.66569,-42.026503],[172.666111,-42.02622],[172.666048,-42.026105],[172.666208,-42.02594],[172.666225,-42.025612],[172.666848,-42.025163],[172.666802,-42.024755],[172.666849,-42.024518],[172.667015,-42.024321],[172.667031,-42.024065],[172.66712,-42.023938],[172.667406,-42.023838],[172.667753,-42.023263],[172.667972,-42.023072],[172.668232,-42.022573],[172.668171,-42.022328],[172.6683,-42.021723],[172.668714,-42.021034],[172.669059,-42.020739],[172.669169,-42.020354],[172.669121,-42.020204],[172.669271,-42.019952],[172.669727,-42.019729],[172.669797,-42.019407],[172.670345,-42.019106],[172.670414,-42.018913],[172.670296,-42.018757],[172.670426,-42.018566],[172.670278,-42.018441],[172.67032,-42.018357],[172.671341,-42.017149],[172.671292,-42.016822],[172.671383,-42.016655],[172.671799,-42.016208],[172.672095,-42.016145],[172.672335,-42.015902],[172.672333,-42.01575],[172.672512,-42.015658],[172.672606,-42.015314],[172.673449,-42.014762],[172.673926,-42.014664],[172.674124,-42.014478],[172.674406,-42.014442],[172.674944,-42.014113],[172.675422,-42.013529],[172.675818,-42.013388],[172.675925,-42.013075],[172.676689,-42.0127],[172.676907,-42.0127],[172.677525,-42.012464],[172.677656,-42.012152],[172.67793,-42.011907],[172.678461,-42.01183],[172.678628,-42.011573],[172.679097,-42.011253],[172.679611,-42.011119],[172.679793,-42.010745],[172.679719,-42.010487],[172.679904,-42.010101],[172.680519,-42.00993],[172.680725,-42.009779],[172.680831,-42.009526],[172.681177,-42.009158],[172.681647,-42.008863],[172.682128,-42.008231],[172.682821,-42.007912],[172.682985,-42.007746],[172.683183,-42.007938],[172.683906,-42.007938],[172.684353,-42.007592],[172.684799,-42.00739],[172.68509,-42.006927],[172.686416,-42.006051],[172.68662,-42.005508],[172.687019,-42.005022],[172.687163,-42.004675],[172.687142,-42.004496],[172.687438,-42.004251],[172.68769,-42.00421],[172.688219,-42.004436],[172.688357,-42.00465],[172.68868,-42.004742],[172.688711,-42.00491],[172.68934,-42.005182],[172.689287,-42.00528],[172.689711,-42.005904],[172.689681,-42.006245],[172.690122,-42.006667],[172.690793,-42.006998],[172.690957,-42.007528],[172.691144,-42.007758],[172.691831,-42.008042],[172.692296,-42.008363],[172.693069,-42.008567],[172.693638,-42.00882],[172.693846,-42.008813],[172.694654,-42.009043],[172.695254,-42.009303],[172.695993,-42.009941],[172.696629,-42.010802],[172.696826,-42.010887],[172.697206,-42.010905],[172.697339,-42.011007],[172.69781,-42.011112],[172.69826,-42.011422],[172.69889,-42.011419],[172.69902,-42.011546],[172.699225,-42.011532],[172.69936,-42.011666],[172.699564,-42.011667],[172.700189,-42.012233],[172.700871,-42.012226],[172.701528,-42.012643],[172.701756,-42.012915],[172.702011,-42.013057],[172.702071,-42.013197],[172.702556,-42.013477],[172.702973,-42.013476],[172.703136,-42.013601],[172.703352,-42.013603],[172.703474,-42.013698],[172.704424,-42.013939],[172.704791,-42.014139],[172.704796,-42.01448],[172.705174,-42.014819],[172.705283,-42.014422],[172.705222,-42.014076],[172.705559,-42.014048],[172.706211,-42.014675],[172.706469,-42.014786],[172.706605,-42.014938],[172.70687,-42.015009],[172.707061,-42.015227],[172.707169,-42.015851],[172.707384,-42.015999],[172.707477,-42.01622],[172.707836,-42.016555],[172.708029,-42.017385],[172.708252,-42.017637],[172.70852,-42.017649],[172.708898,-42.017856],[172.709462,-42.017786],[172.709954,-42.018006],[172.710415,-42.017939],[172.711013,-42.018089],[172.711243,-42.017964],[172.711697,-42.018131],[172.712085,-42.018147],[172.712347,-42.018551],[172.712695,-42.018608],[172.712799,-42.01871],[172.71284,-42.019099],[172.713354,-42.019776],[172.713895,-42.020049],[172.714249,-42.020368],[172.715094,-42.020773],[172.715396,-42.020691],[172.715871,-42.020727],[172.716437,-42.020505],[172.71685,-42.020496],[172.717019,-42.020725],[172.717395,-42.020816],[172.717428,-42.021105],[172.718371,-42.021556],[172.718725,-42.021507],[172.719911,-42.021735],[172.720379,-42.021713],[172.7212,-42.02187],[172.721529,-42.021827],[172.722611,-42.022083],[172.723419,-42.022435],[172.724003,-42.022561],[172.724522,-42.023187],[172.724619,-42.023684],[172.724495,-42.023886],[172.724377,-42.02392],[172.724414,-42.024121],[172.724672,-42.024324],[172.72513,-42.024498],[172.725667,-42.024831],[172.725736,-42.025211],[172.725963,-42.025613],[172.72638,-42.025939],[172.727429,-42.026515],[172.727629,-42.026895],[172.728817,-42.027308],[172.729588,-42.027215],[172.729903,-42.027334],[172.729887,-42.027555],[172.730353,-42.027761],[172.730785,-42.027892],[172.731478,-42.02789],[172.731814,-42.027762],[172.732141,-42.027489],[172.732119,-42.027127],[172.732392,-42.026591],[172.73264,-42.026456],[172.732884,-42.026159],[172.73352,-42.025667],[172.733729,-42.025333],[172.733737,-42.02502],[172.733853,-42.024805],[172.736188,-42.023632],[172.73783,-42.023453],[172.739077,-42.023638],[172.739796,-42.023656],[172.739815,-42.023765],[172.740016,-42.023865],[172.74011,-42.024198],[172.740625,-42.024975],[172.741298,-42.025072],[172.74168,-42.024868],[172.742507,-42.024627],[172.743138,-42.024136],[172.743848,-42.024341],[172.744842,-42.023961],[172.745493,-42.023453],[172.746003,-42.023245],[172.746193,-42.022812],[172.746708,-42.022535],[172.746743,-42.022357],[172.747071,-42.02213],[172.747133,-42.021888],[172.747511,-42.02148],[172.748327,-42.020952],[172.748803,-42.020449],[172.74911,-42.020361],[172.749143,-42.020086],[172.749378,-42.019822],[172.749545,-42.01977],[172.750087,-42.019898],[172.750561,-42.019369],[172.750645,-42.01912],[172.750969,-42.018915],[172.751302,-42.018541],[172.751306,-42.018358],[172.75147,-42.018208],[172.751583,-42.017833],[172.75207,-42.017716],[172.752214,-42.017458],[172.752372,-42.017366],[172.75298,-42.017419],[172.753689,-42.01687],[172.753562,-42.016469],[172.75381,-42.016023],[172.754615,-42.0154],[172.754748,-42.01509],[172.75499,-42.014939],[172.75498,-42.014776],[172.755569,-42.014055],[172.755683,-42.013707],[172.756431,-42.013398],[172.75655,-42.01328],[172.756937,-42.013214],[172.757368,-42.012931],[172.757717,-42.012636],[172.757721,-42.01246],[172.75795,-42.012316],[172.758111,-42.01201],[172.758102,-42.011792],[172.757926,-42.011672],[172.757946,-42.011586],[172.758245,-42.011322],[172.758714,-42.011256],[172.758824,-42.011138],[172.758986,-42.010604],[172.759214,-42.010484],[172.759366,-42.009807],[172.759812,-42.009265],[172.759723,-42.008867],[172.759884,-42.008419],[172.759903,-42.007738],[172.75979,-42.007367],[172.760075,-42.006966],[172.759887,-42.006346],[172.759787,-42.006265],[172.759856,-42.006144],[172.760027,-42.006075],[172.760082,-42.00591],[172.759969,-42.005769],[172.760083,-42.005486],[172.76006,-42.005146],[172.759939,-42.005004],[172.760001,-42.004616],[172.759888,-42.004318],[172.759733,-42.004243],[172.75926,-42.003584],[172.759436,-42.003004],[172.759439,-42.002664],[172.759091,-42.001437],[172.759199,-42.000977],[172.758988,-42.000835],[172.758867,-42.000538],[172.758834,-41.999966],[172.7585,-41.999579],[172.758297,-41.998958],[172.757889,-41.998308],[172.757835,-41.997917],[172.757614,-41.997407],[172.757651,-41.997259],[172.757467,-41.996955],[172.757485,-41.996734],[172.757059,-41.996284],[172.757075,-41.996157],[172.756849,-41.995854],[172.756371,-41.994597],[172.756336,-41.994306],[172.756713,-41.993617],[172.75653,-41.993208],[172.756768,-41.992387],[172.756974,-41.99215],[172.75693,-41.991795],[172.756737,-41.991742],[172.756927,-41.991578],[172.756975,-41.991106],[172.756939,-41.990975],[172.756795,-41.990888],[172.756911,-41.990546],[172.756668,-41.990278],[172.756714,-41.989867],[172.756416,-41.989647],[172.756459,-41.989471],[172.756176,-41.989204],[172.756412,-41.988459],[172.756393,-41.98826],[172.756593,-41.988027],[172.756836,-41.98739],[172.75737,-41.986939],[172.757391,-41.986458],[172.757702,-41.98595],[172.758292,-41.985377],[172.75869,-41.985319],[172.758864,-41.985126],[172.75897,-41.984863],[172.758875,-41.984413],[172.75902,-41.983893],[172.758946,-41.983717],[172.759025,-41.983163],[172.759283,-41.983026],[172.759547,-41.982448],[172.759574,-41.982072],[172.760183,-41.98112],[172.760224,-41.98088],[172.75998,-41.980683],[172.760308,-41.980377],[172.76087,-41.980208],[172.761514,-41.979854],[172.762122,-41.979744],[172.762479,-41.979385],[172.763539,-41.978826],[172.764526,-41.978141],[172.764683,-41.977932],[172.765035,-41.977782],[172.765398,-41.977504],[172.766314,-41.977234],[172.766443,-41.976998],[172.766348,-41.976616],[172.766907,-41.975616],[172.767261,-41.975523],[172.767793,-41.975537],[172.76846,-41.974804],[172.76897,-41.974555],[172.769356,-41.974105],[172.770002,-41.974045],[172.770876,-41.973496],[172.771233,-41.973453],[172.771805,-41.97323],[172.771824,-41.973041],[172.77212,-41.972842],[172.773344,-41.97237],[172.773564,-41.972173],[172.774395,-41.971825],[172.774796,-41.971296],[172.775058,-41.971092],[172.775408,-41.970376],[172.776151,-41.969592],[172.776588,-41.969303],[172.777045,-41.969139],[172.777452,-41.968649],[172.777679,-41.968532],[172.777914,-41.968147],[172.778453,-41.967575],[172.779035,-41.967351],[172.779255,-41.9668],[172.779755,-41.966426],[172.780015,-41.965865],[172.779974,-41.965673],[172.780107,-41.965536],[172.780112,-41.96528],[172.780256,-41.965024],[172.780393,-41.964959],[172.780601,-41.964286],[172.781123,-41.963854],[172.781175,-41.96363],[172.781354,-41.963412],[172.782047,-41.963132],[172.782304,-41.962701],[172.782331,-41.962341],[172.782713,-41.962019],[172.783241,-41.961807],[172.783496,-41.961092],[172.783874,-41.960572],[172.783827,-41.95936],[172.783975,-41.959297],[172.784064,-41.959147],[172.784339,-41.959121],[172.785103,-41.958269],[172.785951,-41.957697],[172.786006,-41.957403],[172.785923,-41.957118],[172.786121,-41.956892],[172.786134,-41.956709],[172.785774,-41.956226],[172.785675,-41.95586],[172.785431,-41.955537],[172.785683,-41.95512],[172.786206,-41.954784],[172.786752,-41.954131],[172.787262,-41.952753],[172.787285,-41.952482],[172.787472,-41.952126],[172.787749,-41.951836],[172.788304,-41.95158],[172.788437,-41.951429],[172.788579,-41.951114],[172.788531,-41.950753],[172.78879,-41.950391],[172.788929,-41.949978],[172.789254,-41.949789],[172.789693,-41.949229],[172.790436,-41.948703],[172.790811,-41.948217],[172.791016,-41.947674],[172.791678,-41.946949],[172.792002,-41.946789],[172.792788,-41.946628],[172.793913,-41.945907],[172.794325,-41.945472],[172.794693,-41.945275],[172.795378,-41.945079],[172.795667,-41.944779],[172.795788,-41.944346],[172.795462,-41.943698],[172.795531,-41.943282],[172.795456,-41.943135],[172.794906,-41.942905],[172.79447,-41.942626],[172.79442,-41.94252],[172.794622,-41.942398],[172.79483,-41.942052],[172.795292,-41.941942],[172.796374,-41.941799],[172.796567,-41.941951],[172.796886,-41.941836],[172.797313,-41.941932],[172.798038,-41.941719],[172.798494,-41.941319],[172.798814,-41.940744],[172.799524,-41.940324],[172.79983,-41.939791],[172.800087,-41.939727],[172.800654,-41.939232],[172.800992,-41.939086],[172.801727,-41.938565],[172.802086,-41.938539],[172.802561,-41.938182],[172.802867,-41.9382],[172.803007,-41.938097],[172.803148,-41.937493],[172.803741,-41.936593],[172.803932,-41.935434],[172.804052,-41.935215],[172.804686,-41.93481],[172.804884,-41.934528],[172.805188,-41.934414],[172.805628,-41.934388],[172.805825,-41.934245],[172.806042,-41.93425],[172.806387,-41.933543],[172.806971,-41.933193],[172.807331,-41.932615],[172.807823,-41.932138],[172.808178,-41.931929],[172.80861,-41.931099],[172.808772,-41.931017],[172.809112,-41.930605],[172.809618,-41.929631],[172.809626,-41.929478],[172.809483,-41.929308],[172.809933,-41.928258],[172.809911,-41.928053],[172.810147,-41.927774],[172.810018,-41.927571],[172.810094,-41.927108],[172.80993,-41.926586],[172.809977,-41.926204],[172.810105,-41.926114],[172.810177,-41.925741],[172.810687,-41.925017],[172.810686,-41.924748],[172.811033,-41.924209],[172.810949,-41.924099],[172.811211,-41.92336],[172.811168,-41.922974],[172.810719,-41.922047],[172.810634,-41.921683],[172.81067,-41.921271],[172.810536,-41.921165],[172.810486,-41.920933],[172.810165,-41.92054],[172.809977,-41.920115],[172.809548,-41.919906],[172.807936,-41.918823],[172.807808,-41.918506],[172.807461,-41.918387],[172.807205,-41.917427],[172.806863,-41.917232],[172.806855,-41.916849],[172.806428,-41.916748],[172.806249,-41.916522],[172.806253,-41.916304],[172.806415,-41.916148],[172.806378,-41.915734],[172.806583,-41.915647],[172.80664,-41.915197],[172.80689,-41.915037],[172.80696,-41.914407],[172.807156,-41.913872],[172.807493,-41.913601],[172.807714,-41.913083],[172.808183,-41.912888],[172.8086,-41.91242],[172.808659,-41.912167],[172.808472,-41.911815],[172.808807,-41.911588],[172.809297,-41.91161],[172.809775,-41.910888],[172.809841,-41.910375],[172.809768,-41.91015],[172.80994,-41.909863],[172.810138,-41.908933],[172.810556,-41.908324],[172.810029,-41.907179],[172.810005,-41.906941],[172.810115,-41.906784],[172.810335,-41.906693],[172.810254,-41.906565],[172.810309,-41.906234],[172.809625,-41.905299],[172.809248,-41.905078],[172.809263,-41.904879],[172.809138,-41.90467],[172.80873,-41.904482],[172.808608,-41.904347],[172.808634,-41.904067],[172.80842,-41.903164],[172.8085,-41.903004],[172.809268,-41.902533],[172.809618,-41.902112],[172.809685,-41.901577],[172.809533,-41.901421],[172.809502,-41.901182],[172.80987,-41.900804],[172.809999,-41.900204],[172.810269,-41.899619],[172.810202,-41.899034],[172.809926,-41.898696],[172.809907,-41.898556],[172.81015,-41.898214],[172.810439,-41.898137],[172.810882,-41.897812],[172.810906,-41.897443],[172.811129,-41.897156],[172.811293,-41.896718],[172.812186,-41.895483],[172.812565,-41.894707],[172.813113,-41.894471],[172.813293,-41.894074],[172.813517,-41.894055],[172.814229,-41.893377],[172.814188,-41.893057],[172.814464,-41.892373],[172.814425,-41.892049],[172.814603,-41.891671],[172.814589,-41.891213],[172.814732,-41.891094],[172.81473,-41.890868],[172.81509,-41.89045],[172.814948,-41.890114],[172.815017,-41.889843],[172.814631,-41.889398],[172.814527,-41.889115],[172.8147,-41.888769],[172.815557,-41.887988],[172.815643,-41.887746],[172.815395,-41.8873],[172.815337,-41.886571],[172.815056,-41.8863],[172.814744,-41.886142],[172.814566,-41.884756],[172.814994,-41.884433],[172.816424,-41.882538],[172.819555,-41.883902],[172.820153,-41.883635],[172.820448,-41.883361],[172.820966,-41.882537],[172.821666,-41.881934],[172.821925,-41.881549],[172.82189,-41.880972],[172.82221,-41.880304],[172.81992,-41.878187],[172.820611,-41.877474],[172.820914,-41.877369],[172.82097,-41.877262],[172.821666,-41.876883],[172.821888,-41.876458],[172.82195,-41.875876],[172.822132,-41.875701],[172.821959,-41.875408],[172.821991,-41.874702],[172.822152,-41.874157],[172.822563,-41.873682],[172.823002,-41.87337],[172.823091,-41.873191],[172.822997,-41.872789],[172.823198,-41.872448],[172.823028,-41.872126],[172.82313,-41.871654],[172.822891,-41.871407],[172.822499,-41.870135],[172.822043,-41.869455],[172.821793,-41.868905],[172.821665,-41.868441],[172.821668,-41.868035],[172.822198,-41.867418],[172.822277,-41.867075],[172.822416,-41.866904],[172.822414,-41.866575],[172.822569,-41.866047],[172.822862,-41.865592],[172.823067,-41.865401],[172.823184,-41.865122],[172.823811,-41.86457],[172.824181,-41.864052],[172.824592,-41.863747],[172.824684,-41.863493],[172.825224,-41.863265],[172.825704,-41.862884],[172.826047,-41.862736],[172.826867,-41.86271],[172.827581,-41.862489],[172.827744,-41.862332],[172.828083,-41.862232],[172.828415,-41.861855],[172.829315,-41.861663],[172.830238,-41.861258],[172.831178,-41.86096],[172.831654,-41.860917],[172.832201,-41.860758],[172.83245,-41.860211],[172.832747,-41.859816],[172.83315,-41.859509],[172.833605,-41.8589],[172.833909,-41.858755],[172.83404,-41.8584],[172.834541,-41.85781],[172.834616,-41.857598],[172.834542,-41.857352],[172.834261,-41.85729],[172.834039,-41.857136],[172.833673,-41.856467],[172.833823,-41.856068],[172.834243,-41.855467],[172.835034,-41.85491],[172.835333,-41.854807],[172.83602,-41.854925],[172.837031,-41.854751],[172.838472,-41.853621],[172.838811,-41.853117],[172.839733,-41.852607],[172.839961,-41.852254],[172.840338,-41.852001],[172.8405,-41.851551],[172.840507,-41.851234],[172.841103,-41.850554],[172.840654,-41.849531],[172.8407,-41.849211],[172.840531,-41.848404],[172.840668,-41.848128],[172.840621,-41.847744],[172.840804,-41.847493],[172.840862,-41.847112],[172.841084,-41.846837],[172.84104,-41.845779],[172.841651,-41.845192],[172.841875,-41.84481],[172.842167,-41.844549],[172.842478,-41.844442],[172.842602,-41.844204],[172.842846,-41.84411],[172.842789,-41.843901],[172.843224,-41.843449],[172.843223,-41.843042],[172.843639,-41.842291],[172.84373,-41.841957],[172.844277,-41.841637],[172.844871,-41.84109],[172.845366,-41.840881],[172.845782,-41.840776],[172.846715,-41.840901],[172.847162,-41.840682],[172.847768,-41.840103],[172.848188,-41.838829],[172.848428,-41.838604],[172.848316,-41.838212],[172.847848,-41.837502],[172.847889,-41.837059],[172.847814,-41.836923],[172.847887,-41.836668],[172.847605,-41.836384],[172.847764,-41.835711],[172.848154,-41.835211],[172.84843,-41.835178],[172.84871,-41.834798],[172.848903,-41.834356],[172.849063,-41.8336],[172.849349,-41.832959],[172.849144,-41.832402],[172.848977,-41.832192],[172.848852,-41.83172],[172.848187,-41.831106],[172.847495,-41.830793],[172.847234,-41.830561],[172.846599,-41.82973],[172.846561,-41.829573],[172.846637,-41.829373],[172.846948,-41.829116],[172.847596,-41.828776],[172.848891,-41.827697],[172.849088,-41.826761],[172.849041,-41.826069],[172.848954,-41.825789],[172.848283,-41.825433],[172.847757,-41.824929],[172.847267,-41.824594],[172.846972,-41.824105],[172.846941,-41.8238],[172.847199,-41.823443],[172.847259,-41.823108],[172.847697,-41.822155],[172.84779,-41.820735],[172.848072,-41.82007],[172.848386,-41.819608],[172.848378,-41.81926],[172.848573,-41.818595],[172.848408,-41.818391],[172.848337,-41.818058],[172.848533,-41.817779],[172.848455,-41.817437],[172.848646,-41.816806],[172.848674,-41.815593],[172.849485,-41.813794],[172.84976,-41.813496],[172.850123,-41.813351],[172.850208,-41.813167],[172.849877,-41.812604],[172.84977,-41.812126],[172.849501,-41.811775],[172.849362,-41.810963],[172.849365,-41.810576],[172.849567,-41.810281],[172.849587,-41.810095],[172.849604,-41.808921],[172.849505,-41.808214],[172.849566,-41.807799],[172.848999,-41.807382],[172.848731,-41.807346],[172.848033,-41.807056],[172.847966,-41.806838],[172.847127,-41.80673],[172.84698,-41.806619],[172.846645,-41.806561],[172.846109,-41.806126],[172.846109,-41.806126],[172.846392,-41.806001],[172.846632,-41.80572],[172.846659,-41.805559],[172.846442,-41.805383],[172.846384,-41.805204],[172.846708,-41.804992],[172.847017,-41.804534],[172.847071,-41.804359],[172.846932,-41.804323],[172.846941,-41.804074],[172.84748,-41.803523],[172.84758,-41.802901],[172.847936,-41.80259],[172.848767,-41.802361],[172.848661,-41.801888],[172.848225,-41.801754],[172.847997,-41.801768],[172.847697,-41.801534],[172.847813,-41.801396],[172.847813,-41.801396],[172.848095,-41.8012],[172.852256,-41.800969],[172.856876,-41.800833],[172.86819,-41.799125],[172.877723,-41.793776],[172.885524,-41.787954],[172.903902,-41.782093],[172.906773,-41.780701],[172.908922,-41.780182],[172.909715,-41.779908],[172.912262,-41.778638],[172.914951,-41.777673],[172.916594,-41.777557],[172.926215,-41.776101],[172.928448,-41.775459],[172.933089,-41.773751],[172.933089,-41.773751],[172.93298,-41.773159],[172.933059,-41.772521],[172.933695,-41.771808],[172.933587,-41.771454],[172.933339,-41.771204],[172.933045,-41.771082],[172.93158,-41.771308],[172.930472,-41.771574],[172.929813,-41.771457],[172.928418,-41.770945],[172.927301,-41.770919],[172.927745,-41.770144],[172.928782,-41.768964],[172.929377,-41.768457],[172.929425,-41.768228],[172.929738,-41.768141],[172.929793,-41.768015],[172.929237,-41.767774],[172.927933,-41.766724],[172.927773,-41.766446],[172.927846,-41.766263],[172.928445,-41.766146],[172.928727,-41.765993],[172.929447,-41.765952],[172.929858,-41.765704],[172.930593,-41.764988],[172.931,-41.764204],[172.930803,-41.764213],[172.930475,-41.764409],[172.930148,-41.764419],[172.929702,-41.764546],[172.92944,-41.764507],[172.929676,-41.764311],[172.929742,-41.764056],[172.928982,-41.764075],[172.929494,-41.763261],[172.929468,-41.762819],[172.929285,-41.762397],[172.929141,-41.762299],[172.92897,-41.762348],[172.928878,-41.762662],[172.928564,-41.762858],[172.927633,-41.763004],[172.927476,-41.762965],[172.927817,-41.762592],[172.92787,-41.762259],[172.927804,-41.762043],[172.9277,-41.761954],[172.927555,-41.762052],[172.927241,-41.762082],[172.927124,-41.761493],[172.926521,-41.760766],[172.925958,-41.76057],[172.925159,-41.76001],[172.92436,-41.759587],[172.924282,-41.759362],[172.924308,-41.759165],[172.925117,-41.758086],[172.925482,-41.757384],[172.926286,-41.756731],[172.926766,-41.755796],[172.926426,-41.755206],[172.926294,-41.75446],[172.926069,-41.753883],[172.926594,-41.75326],[172.926274,-41.75256],[172.926285,-41.752337],[172.926524,-41.751921],[172.926534,-41.751631],[172.926304,-41.751035],[172.926606,-41.750463],[172.926609,-41.749422],[172.926993,-41.748184],[172.927325,-41.74659],[172.927681,-41.746233],[172.928364,-41.746022],[172.928872,-41.745484],[172.929241,-41.745398],[172.929241,-41.745398],[172.929736,-41.745131],[172.930454,-41.745195],[172.931674,-41.744777],[172.932419,-41.744621],[172.932817,-41.744702],[172.934724,-41.745444],[172.935268,-41.745457],[172.93555,-41.745538],[172.936581,-41.746041],[172.936955,-41.746112],[172.937568,-41.74603],[172.938025,-41.746143],[172.938924,-41.746791],[172.939373,-41.746985],[172.939746,-41.74704],[172.939985,-41.747184],[172.940342,-41.747233],[172.9408,-41.747612],[172.941663,-41.747946],[172.942055,-41.748309],[172.94218,-41.748676],[172.94257,-41.748862],[172.943469,-41.748946],[172.94398,-41.748689],[172.9445,-41.748517],[172.944686,-41.748536],[172.945251,-41.748082],[172.945183,-41.748768],[172.945409,-41.749075],[172.945764,-41.749047],[172.946463,-41.74911],[172.946823,-41.749237],[172.947306,-41.749235],[172.948639,-41.749947],[172.94933,-41.750101],[172.950059,-41.750162],[172.952327,-41.750051],[172.95378,-41.750194],[172.954084,-41.750108],[172.954487,-41.75017],[172.955003,-41.750081],[172.955458,-41.74974],[172.955738,-41.749659],[172.95599,-41.749685],[172.956428,-41.750356],[172.956528,-41.749871],[172.956727,-41.750091],[172.956811,-41.749914],[172.956897,-41.749935],[172.957024,-41.750127],[172.95721,-41.749778],[172.957284,-41.749913],[172.957494,-41.749716],[172.957628,-41.749871],[172.957747,-41.749821],[172.958297,-41.749347],[172.958609,-41.748759],[172.959079,-41.748367],[172.959578,-41.747677],[172.960334,-41.747124],[172.960552,-41.747039],[172.960918,-41.74703],[172.961269,-41.74685],[172.961899,-41.746739],[172.962082,-41.746607],[172.962356,-41.74613],[172.963256,-41.7452],[172.964013,-41.743771],[172.964171,-41.742878],[172.96453,-41.742534],[172.964628,-41.742022],[172.965048,-41.740938],[172.965414,-41.740601],[172.965655,-41.739951],[172.965829,-41.73985],[172.965964,-41.739425],[172.966355,-41.738803],[172.966379,-41.738441],[172.966723,-41.737912],[172.966673,-41.737819],[172.966806,-41.737613],[172.966771,-41.737524],[172.967116,-41.737262],[172.967168,-41.736885],[172.967437,-41.736679],[172.967476,-41.736366],[172.96789,-41.735422],[172.968074,-41.735214],[172.968423,-41.735081],[172.969589,-41.735138],[172.970141,-41.735439],[172.97052,-41.735522],[172.970862,-41.735766],[172.971169,-41.735729],[172.971273,-41.735638],[172.97184,-41.735759],[172.972261,-41.736119],[172.972687,-41.736327],[172.973058,-41.736326],[172.973172,-41.736402],[172.973501,-41.736377],[172.973902,-41.73621],[172.974521,-41.736285],[172.975206,-41.735908],[172.976251,-41.735871],[172.976964,-41.735635],[172.977291,-41.735361],[172.977755,-41.735205],[172.978012,-41.735025],[172.978166,-41.734709],[172.978556,-41.734436],[172.979229,-41.733672],[172.979181,-41.733548],[172.979281,-41.733405],[172.979094,-41.733021],[172.979359,-41.732295],[172.979002,-41.731113],[172.97904,-41.730947],[172.979181,-41.730803],[172.979827,-41.730532],[172.980536,-41.730368],[172.981124,-41.73014],[172.981442,-41.729822],[172.981832,-41.729012],[172.982126,-41.72883],[172.981942,-41.728659],[172.98203,-41.728619],[172.982612,-41.728738],[172.983097,-41.728995],[172.983328,-41.72904],[172.983756,-41.729005],[172.983967,-41.728887],[172.984409,-41.728969],[172.984939,-41.728886],[172.986106,-41.729454],[172.986396,-41.729742],[172.98655,-41.730072],[172.987025,-41.730553],[172.987715,-41.730986],[172.988145,-41.730922],[172.9887,-41.730588],[172.988897,-41.730559],[172.989683,-41.730627],[172.990037,-41.730544],[172.990588,-41.730633],[172.991099,-41.730832],[172.991099,-41.730832],[172.9909,-41.730171],[172.990694,-41.729832],[172.990318,-41.728499],[172.989203,-41.726038],[172.988989,-41.724945],[172.988113,-41.723507],[172.987681,-41.723185],[172.9873,-41.723149],[172.98709,-41.723043],[172.986527,-41.721751],[172.986609,-41.721392],[172.986283,-41.720352],[172.985691,-41.719519],[172.985636,-41.719321],[172.984895,-41.718634],[172.984565,-41.717815],[172.984493,-41.716259],[172.984738,-41.714775],[172.984494,-41.71354],[172.984632,-41.712931],[172.984836,-41.712531],[172.984727,-41.71126],[172.985033,-41.710142],[172.98585,-41.708394],[172.985715,-41.708088],[172.985284,-41.707914],[172.98493,-41.707887],[172.984454,-41.707635],[172.984644,-41.706912],[172.984846,-41.706564],[172.984876,-41.705935],[172.985259,-41.705879],[172.985614,-41.705669],[172.986016,-41.70484],[172.985912,-41.703848],[172.986123,-41.703713],[172.985999,-41.703548],[172.986326,-41.703337],[172.98652,-41.703368],[172.98646,-41.703189],[172.986216,-41.703085],[172.986099,-41.702638],[172.985512,-41.702156],[172.985377,-41.701907],[172.985293,-41.701443],[172.985397,-41.701191],[172.985236,-41.700593],[172.985547,-41.700061],[172.98575,-41.69998],[172.986047,-41.699595],[172.985399,-41.699207],[172.985195,-41.698968],[172.985274,-41.69837],[172.985136,-41.697658],[172.984704,-41.697502],[172.984463,-41.69719],[172.98403,-41.696919],[172.983779,-41.696855],[172.983612,-41.696673],[172.983493,-41.696615],[172.983305,-41.696655],[172.983073,-41.696442],[172.983034,-41.696193],[172.982747,-41.695896],[172.982397,-41.695986],[172.982298,-41.695935],[172.982464,-41.695541],[172.982798,-41.695337],[172.982833,-41.695172],[172.983002,-41.695084],[172.98336,-41.69453],[172.983554,-41.694408],[172.98405,-41.693543],[172.983576,-41.692996],[172.982584,-41.69238],[172.982286,-41.692027],[172.981867,-41.691329],[172.981844,-41.690956],[172.981562,-41.690504],[172.981539,-41.690293],[172.981232,-41.689947],[172.980762,-41.688984],[172.980501,-41.687737],[172.97988,-41.68689],[172.979831,-41.686296],[172.979677,-41.686098],[172.979464,-41.685477],[172.979076,-41.684892],[172.979073,-41.684321],[172.978801,-41.684126],[172.978791,-41.684017],[172.978549,-41.683914],[172.978371,-41.683528],[172.977939,-41.683582],[172.977825,-41.683423],[172.977744,-41.683105],[172.977887,-41.682993],[172.978006,-41.682589],[172.977791,-41.68145],[172.977389,-41.680655],[172.977395,-41.68039],[172.977205,-41.680272],[172.977141,-41.680093],[172.976167,-41.679016],[172.976133,-41.678513],[172.975464,-41.678589],[172.975216,-41.678546],[172.974969,-41.67781],[172.974433,-41.677172],[172.974416,-41.676362],[172.974897,-41.67506],[172.974894,-41.674831],[172.974321,-41.67445],[172.973964,-41.674457],[172.973437,-41.674348],[172.973082,-41.674165],[172.972885,-41.674192],[172.972418,-41.673934],[172.97246,-41.673843],[172.97221,-41.673677],[172.972147,-41.673419],[172.972494,-41.673095],[172.972692,-41.672683],[172.973199,-41.672356],[172.973449,-41.671768],[172.973794,-41.671573],[172.973946,-41.671347],[172.974141,-41.671231],[172.974046,-41.670964],[172.974209,-41.670511],[172.975152,-41.670241],[172.975584,-41.669694],[172.975902,-41.669534],[172.975961,-41.669342],[172.975896,-41.669062],[172.976027,-41.66881],[172.976557,-41.668412],[172.976517,-41.66808],[172.976818,-41.667578],[172.976606,-41.667009],[172.976693,-41.666673],[172.97647,-41.666424],[172.976383,-41.665803],[172.975855,-41.665269],[172.97564,-41.664307],[172.975694,-41.663834],[172.975944,-41.663275],[172.976244,-41.662941],[172.976337,-41.662465],[172.977048,-41.661988],[172.977819,-41.661252],[172.978105,-41.66108],[172.978568,-41.660962],[172.978821,-41.660971],[172.979017,-41.660812],[172.979344,-41.660848],[172.979785,-41.660624],[172.980143,-41.660539],[172.980518,-41.660539],[172.980884,-41.66043],[172.981091,-41.660501],[172.981396,-41.660429],[172.982287,-41.659737],[172.982824,-41.659577],[172.983263,-41.658957],[172.983452,-41.658869],[172.98388,-41.658826],[172.984164,-41.658692],[172.985066,-41.658774],[172.986162,-41.65858],[172.986307,-41.65869],[172.987512,-41.657964],[172.989048,-41.657811],[172.989198,-41.657581],[172.989663,-41.657349],[172.989846,-41.657077],[172.989995,-41.657025],[172.99037,-41.656635],[172.990388,-41.65656],[172.989944,-41.65653],[172.98971,-41.656324],[172.989661,-41.656117],[172.989933,-41.656007],[172.990146,-41.65605],[172.990415,-41.655836],[172.990829,-41.655752],[172.992357,-41.654679],[172.993329,-41.65422],[172.994475,-41.654125],[172.994759,-41.653959],[172.995207,-41.653883],[172.995884,-41.653521],[172.997353,-41.653598],[172.997474,-41.65301],[172.998121,-41.652142],[172.998204,-41.651448],[172.999013,-41.64844],[172.999557,-41.645944],[172.999689,-41.645646],[173.000258,-41.645165],[173.000248,-41.645028],[172.999683,-41.644634],[172.998795,-41.644471],[172.998126,-41.644247],[172.997266,-41.643476],[172.996738,-41.642843],[172.997024,-41.642105],[172.99741,-41.641585],[172.997345,-41.641332],[172.997513,-41.64093],[172.997925,-41.640417],[172.998466,-41.640229],[172.998395,-41.639851],[172.998466,-41.639597],[172.999529,-41.638161],[172.998952,-41.638059],[172.998642,-41.637874],[172.998623,-41.63757],[172.998769,-41.637134],[172.998498,-41.636949],[172.998298,-41.636605],[172.998256,-41.63545],[172.997923,-41.634792],[172.998067,-41.634368],[172.997852,-41.634054],[172.998309,-41.633445],[172.998418,-41.633441],[172.998509,-41.633328],[172.998676,-41.632817],[172.998773,-41.632367],[172.998731,-41.631958],[172.999066,-41.631003],[172.999059,-41.630522],[172.99935,-41.630155],[172.999269,-41.630001],[172.999434,-41.62966],[172.999381,-41.629406],[172.99953,-41.629018],[172.999533,-41.628435],[172.999465,-41.628386],[172.999729,-41.62801],[172.999654,-41.627726],[172.999702,-41.627541],[172.99987,-41.627415],[173.000011,-41.626203],[172.999914,-41.625675],[172.999653,-41.625376],[172.999029,-41.6249],[172.998829,-41.624623],[172.998923,-41.624367],[172.999036,-41.624348],[172.999162,-41.624141],[172.998981,-41.623855],[172.999061,-41.623171],[172.998729,-41.622642],[172.998815,-41.622124],[172.999273,-41.62199],[172.999837,-41.621432],[172.999504,-41.621262],[172.999254,-41.620746],[172.99891,-41.620369],[172.99897,-41.620316],[172.998894,-41.620248],[172.9989,-41.619983],[172.999187,-41.619413],[172.999076,-41.61824],[172.998516,-41.617545],[172.998208,-41.616726],[172.998017,-41.616513],[172.997835,-41.615353],[172.997504,-41.614906],[172.997611,-41.614758],[172.997602,-41.614433],[172.997771,-41.613908],[172.99841,-41.613097],[172.9988,-41.612786],[172.998781,-41.61262],[172.998938,-41.612264],[172.998859,-41.61204],[172.99903,-41.611861],[172.998973,-41.611707],[172.999158,-41.611412],[172.999156,-41.61116],[172.99946,-41.611056],[172.999173,-41.610623],[172.999324,-41.610434],[172.99914,-41.610095],[172.999815,-41.609161],[172.99976,-41.608937],[172.999865,-41.608652],[173.000042,-41.608556],[173.000081,-41.608073],[173.000533,-41.607619],[173.00051,-41.607228],[173.000615,-41.607201],[173.000728,-41.606612],[173.000561,-41.606253],[173.000596,-41.605921],[173.000485,-41.605595],[173.000726,-41.605201],[173.00131,-41.604657],[173.001731,-41.604122],[173.002135,-41.603129],[173.002443,-41.602566],[173.002881,-41.602025],[173.003124,-41.601297],[173.003254,-41.601147],[173.003285,-41.600974],[173.003145,-41.600561],[173.002764,-41.600253],[173.002958,-41.599988],[173.002808,-41.599709],[173.002927,-41.599272],[173.003405,-41.599121],[173.003619,-41.598639],[173.003681,-41.598234],[173.004253,-41.597846],[173.004774,-41.597671],[173.005345,-41.597064],[173.005882,-41.59691],[173.007371,-41.596999],[173.007748,-41.59717],[173.008032,-41.59712],[173.008568,-41.597179],[173.009103,-41.597294],[173.009319,-41.597518],[173.009634,-41.597608],[173.009831,-41.597363],[173.010258,-41.59721],[173.010893,-41.597251],[173.011406,-41.596665],[173.011622,-41.596602],[173.012544,-41.595897],[173.013648,-41.595607],[173.01388,-41.595421],[173.014022,-41.595154],[173.01517,-41.594739],[173.015587,-41.594468],[173.015924,-41.593983],[173.015965,-41.593654],[173.016193,-41.593429],[173.016682,-41.593225],[173.017077,-41.593208],[173.017865,-41.592939],[173.018202,-41.592692],[173.019583,-41.591993],[173.019759,-41.59147],[173.020346,-41.590985],[173.02098,-41.590297],[173.021225,-41.589903],[173.021739,-41.58946],[173.021954,-41.58916],[173.022362,-41.588877],[173.022354,-41.588582],[173.022897,-41.588488],[173.023233,-41.588073],[173.02335,-41.588066],[173.023686,-41.587525],[173.024232,-41.587109],[173.024805,-41.586967],[173.025024,-41.587022],[173.025181,-41.586877],[173.025647,-41.586789],[173.025754,-41.586455],[173.026283,-41.58581],[173.026556,-41.585698],[173.026755,-41.585334],[173.026917,-41.585221],[173.02704,-41.584903],[173.027325,-41.584819],[173.027599,-41.584419],[173.028171,-41.584152],[173.028613,-41.583699],[173.029488,-41.583385],[173.030482,-41.582843],[173.030611,-41.582599],[173.030941,-41.582409],[173.031106,-41.581986],[173.031644,-41.581467],[173.031846,-41.58111],[173.032116,-41.580983],[173.033038,-41.580764],[173.033362,-41.580467],[173.034026,-41.580174],[173.034622,-41.580082],[173.035148,-41.579703],[173.035196,-41.579522],[173.035629,-41.579204],[173.035891,-41.579309],[173.036421,-41.579257],[173.036848,-41.57892],[173.037446,-41.578852],[173.038456,-41.578559],[173.039237,-41.578999],[173.040341,-41.579506],[173.040721,-41.579609],[173.041098,-41.579956],[173.041409,-41.580088],[173.042706,-41.580316],[173.043175,-41.580324],[173.043753,-41.580493],[173.044093,-41.580427],[173.04454,-41.580595],[173.045013,-41.580671],[173.046053,-41.581403],[173.046547,-41.581651],[173.047085,-41.582145],[173.047228,-41.582145],[173.048327,-41.582914],[173.048366,-41.583028],[173.048718,-41.583246],[173.04878,-41.583441],[173.049085,-41.583546],[173.049544,-41.583919],[173.050577,-41.584359],[173.05085,-41.584581],[173.051302,-41.584656],[173.051731,-41.585196],[173.05194,-41.585256],[173.052068,-41.585401],[173.052233,-41.585417],[173.052374,-41.585608],[173.05266,-41.586584],[173.053396,-41.587521],[173.053499,-41.587765],[173.05489,-41.588711],[173.05515,-41.588764],[173.055934,-41.589175],[173.056894,-41.589517],[173.057549,-41.590033],[173.058099,-41.590812],[173.059367,-41.591826],[173.059956,-41.592495],[173.060203,-41.593717],[173.060072,-41.594495],[173.059872,-41.594853],[173.058397,-41.596364],[173.05818,-41.596801],[173.058211,-41.597084],[173.057997,-41.597299],[173.057718,-41.59798],[173.057212,-41.598752],[173.057163,-41.599066],[173.056277,-41.599554],[173.05578,-41.6],[173.055726,-41.600376],[173.055564,-41.600532],[173.055312,-41.601407],[173.054746,-41.602113],[173.054534,-41.602258],[173.05453,-41.602527],[173.05509,-41.603214],[173.055426,-41.603247],[173.055619,-41.603366],[173.055913,-41.603365],[173.056126,-41.603576],[173.056465,-41.603729],[173.058293,-41.605304],[173.059114,-41.605888],[173.059125,-41.606012],[173.059306,-41.606082],[173.059723,-41.606509],[173.061239,-41.607484],[173.061378,-41.607755],[173.061792,-41.60819],[173.063268,-41.608091],[173.065325,-41.607727],[173.065974,-41.607947],[173.066576,-41.607984],[173.067403,-41.608248],[173.067577,-41.608426],[173.068183,-41.60867],[173.068868,-41.608889],[173.069246,-41.608935],[173.069503,-41.609101],[173.069778,-41.609159],[173.070188,-41.609449],[173.071033,-41.609663],[173.071083,-41.609741],[173.070952,-41.609792],[173.070961,-41.610462],[173.071914,-41.610846],[173.073671,-41.61094],[173.074073,-41.611071],[173.07437,-41.611081],[173.074834,-41.611258],[173.075482,-41.610919],[173.076257,-41.611197],[173.076574,-41.611511],[173.077071,-41.61168],[173.07794,-41.611556],[173.078932,-41.611295],[173.079651,-41.610922],[173.079966,-41.610316],[173.080669,-41.609719],[173.080986,-41.609583],[173.081177,-41.60955],[173.08234,-41.609841],[173.083271,-41.609884],[173.08417,-41.609511],[173.085507,-41.608576],[173.086481,-41.608427],[173.086838,-41.608169],[173.086975,-41.607934],[173.087947,-41.607775],[173.088377,-41.60762],[173.089481,-41.606997],[173.090441,-41.606916],[173.091126,-41.606581],[173.091702,-41.606408],[173.092813,-41.606193],[173.09435,-41.605769],[173.094668,-41.605376],[173.094688,-41.60466],[173.095303,-41.604307],[173.09581,-41.60314],[173.096413,-41.602593],[173.096636,-41.601977],[173.097,-41.601765],[173.097303,-41.60173],[173.097459,-41.601626],[173.09749,-41.600938],[173.097744,-41.600409],[173.098001,-41.600172],[173.098464,-41.600026],[173.09887,-41.599991],[173.099336,-41.599718],[173.099707,-41.59926],[173.100009,-41.598377],[173.100696,-41.597614],[173.1008,-41.59729],[173.100727,-41.596761],[173.100561,-41.596441],[173.100546,-41.596134],[173.100706,-41.595793],[173.101115,-41.595312],[173.101503,-41.594332],[173.102356,-41.593579],[173.102927,-41.59253],[173.103362,-41.592277],[173.10465,-41.592155],[173.1059,-41.5915],[173.108436,-41.590893],[173.108885,-41.590637],[173.109289,-41.589625],[173.109677,-41.589369],[173.110471,-41.589175],[173.110878,-41.588948],[173.111116,-41.588611],[173.111118,-41.587935],[173.11143,-41.587744],[173.112268,-41.587439],[173.112719,-41.587168],[173.113259,-41.586221],[173.11438,-41.58595],[173.114561,-41.585792],[173.114683,-41.584937],[173.115523,-41.584323],[173.115806,-41.583728],[173.115894,-41.58301],[173.116465,-41.582531],[173.116972,-41.581554],[173.117122,-41.580257],[173.118064,-41.579027],[173.118691,-41.577789],[173.119215,-41.576107],[173.119304,-41.575037],[173.120111,-41.574215],[173.120262,-41.573602],[173.120665,-41.572678],[173.120693,-41.572354],[173.12023,-41.571588],[173.120497,-41.571291],[173.120952,-41.570998],[173.121532,-41.570766],[173.121004,-41.57017],[173.121282,-41.5699],[173.12134,-41.569696],[173.122579,-41.569505],[173.122515,-41.569409],[173.122644,-41.569321],[173.123181,-41.569531],[173.123534,-41.569297],[173.123496,-41.56863],[173.123859,-41.568499],[173.123677,-41.568312],[173.123863,-41.568275],[173.124317,-41.567935],[173.124727,-41.567902],[173.124814,-41.567805],[173.125246,-41.567677],[173.125165,-41.567367],[173.125499,-41.56724],[173.125556,-41.567041],[173.126386,-41.566228],[173.126677,-41.565539],[173.12644,-41.565332],[173.126828,-41.564737],[173.127502,-41.564716],[173.127754,-41.564385],[173.127914,-41.564482],[173.128133,-41.564394],[173.12836,-41.564506],[173.129016,-41.564065],[173.129238,-41.564029],[173.129434,-41.564202],[173.129385,-41.564047],[173.129844,-41.564307],[173.130307,-41.564384],[173.130771,-41.56464],[173.13109,-41.564434],[173.131502,-41.564489],[173.132639,-41.564871],[173.132642,-41.564957],[173.132956,-41.56516],[173.133176,-41.565153],[173.134338,-41.565841],[173.13465,-41.566141],[173.134703,-41.56653],[173.134612,-41.567353],[173.134771,-41.56745],[173.134791,-41.56769],[173.135147,-41.568545],[173.135822,-41.568728],[173.136986,-41.569744],[173.137392,-41.569929],[173.137898,-41.570315],[173.138595,-41.570467],[173.139371,-41.570896],[173.139942,-41.570954],[173.141071,-41.571433],[173.142092,-41.571317],[173.142598,-41.571377],[173.143328,-41.571569],[173.143781,-41.571879],[173.144825,-41.57228],[173.14607,-41.572233],[173.147487,-41.572505],[173.14811,-41.572661],[173.148049,-41.572871],[173.148643,-41.572812],[173.149371,-41.573211],[173.149544,-41.573061],[173.150032,-41.572937],[173.150341,-41.573022],[173.151036,-41.572644],[173.151646,-41.571878],[173.151595,-41.571722],[173.151703,-41.571225],[173.15256,-41.570483],[173.152501,-41.570086],[173.15265,-41.569765],[173.152815,-41.56963],[173.152549,-41.569124],[173.152916,-41.568507],[173.152892,-41.568169],[173.153015,-41.567731],[173.153671,-41.567207],[173.1549,-41.566809],[173.155962,-41.566228],[173.156521,-41.566106],[173.157312,-41.566144],[173.157434,-41.566023],[173.157727,-41.565927],[173.158208,-41.565428],[173.158458,-41.565001],[173.158604,-41.563905],[173.158876,-41.563495],[173.159359,-41.563218],[173.159648,-41.562894],[173.159899,-41.56226],[173.159877,-41.562071],[173.16011,-41.5618],[173.160425,-41.56095],[173.160917,-41.560369],[173.160858,-41.559986],[173.160977,-41.559768],[173.16129,-41.559632],[173.161334,-41.559539],[173.161439,-41.55922],[173.161358,-41.558473],[173.161445,-41.558237],[173.162182,-41.557619],[173.162757,-41.556801],[173.16297,-41.556364],[173.163029,-41.555838],[173.16344,-41.555394],[173.163389,-41.555083],[173.163711,-41.554785],[173.163945,-41.554399],[173.164006,-41.553923],[173.164216,-41.553587],[173.164433,-41.553046],[173.164439,-41.552775],[173.164657,-41.552331],[173.164911,-41.55203],[173.166275,-41.552321],[173.166949,-41.552311],[173.167921,-41.551817],[173.167146,-41.550943],[173.167147,-41.550282],[173.16734,-41.549912],[173.167144,-41.549407],[173.167358,-41.549292],[173.167546,-41.549053],[173.167888,-41.548892],[173.168093,-41.548614],[173.168339,-41.548592],[173.16862,-41.54841],[173.169102,-41.548006],[173.169744,-41.547655],[173.170014,-41.547354],[173.170474,-41.54736],[173.171749,-41.545896],[173.171859,-41.545581],[173.17231,-41.545377],[173.172554,-41.544883],[173.173249,-41.544422],[173.173236,-41.544252],[173.173473,-41.544082],[173.173859,-41.543593],[173.174154,-41.543122],[173.174224,-41.542826],[173.174615,-41.542545],[173.174531,-41.542192],[173.174571,-41.541632],[173.174743,-41.541379],[173.174717,-41.54113],[173.174923,-41.540658],[173.174706,-41.540032],[173.17416,-41.539695],[173.174177,-41.539257],[173.174007,-41.538692],[173.173239,-41.538557],[173.173014,-41.538293],[173.172414,-41.536997],[173.172011,-41.536538],[173.171969,-41.536164],[173.171576,-41.535312],[173.170994,-41.534398],[173.170593,-41.533957],[173.170567,-41.533698],[173.170146,-41.53295],[173.169642,-41.531664],[173.169888,-41.531064],[173.170255,-41.530636],[173.170307,-41.53044],[173.169882,-41.529528],[173.169975,-41.529149],[173.169873,-41.529048],[173.169982,-41.528661],[173.170976,-41.527568],[173.172222,-41.527156],[173.172637,-41.527091],[173.173217,-41.526803],[173.173563,-41.526286],[173.173826,-41.526123],[173.174341,-41.52623],[173.174747,-41.526147],[173.175758,-41.526497],[173.176584,-41.526526],[173.176733,-41.52664],[173.177744,-41.52672],[173.178709,-41.527133],[173.179466,-41.527311],[173.18051,-41.526871],[173.18121,-41.527151],[173.183126,-41.527199],[173.183508,-41.527422],[173.184086,-41.528173],[173.18539,-41.528528],[173.185638,-41.528512],[173.185969,-41.528704],[173.186379,-41.528543],[173.186896,-41.528584],[173.187172,-41.528492],[173.187516,-41.528518],[173.188371,-41.528249],[173.189067,-41.528194],[173.189869,-41.527781],[173.190795,-41.527727],[173.191061,-41.527808],[173.191514,-41.527674],[173.19296,-41.527798],[173.193393,-41.527713],[173.194162,-41.527264],[173.194464,-41.527304],[173.194527,-41.526998],[173.194872,-41.526816],[173.194964,-41.526863],[173.195906,-41.526655],[173.19599,-41.526722],[173.196274,-41.526701],[173.196564,-41.526807],[173.197215,-41.526857],[173.197402,-41.526988],[173.197552,-41.526982],[173.197733,-41.526793],[173.198134,-41.526743],[173.198821,-41.525116],[173.198789,-41.524919],[173.198607,-41.524704],[173.198532,-41.52425],[173.198696,-41.523997],[173.198684,-41.523479],[173.199073,-41.522951],[173.19937,-41.522678],[173.200004,-41.522419],[173.20009,-41.522466],[173.201206,-41.522241],[173.201545,-41.522088],[173.202298,-41.521517],[173.202551,-41.521424],[173.202796,-41.521084],[173.202938,-41.521031],[173.203467,-41.52049],[173.203956,-41.520403],[173.204395,-41.52012],[173.204894,-41.519966],[173.205668,-41.519868],[173.206156,-41.519553],[173.2067,-41.519337],[173.207842,-41.519439],[173.207998,-41.519525],[173.208432,-41.519567],[173.209436,-41.519275],[173.209824,-41.519519],[173.210541,-41.519547],[173.21077,-41.519517],[173.210921,-41.519382],[173.211649,-41.519355],[173.212401,-41.519203],[173.212847,-41.519364],[173.213682,-41.519374],[173.214232,-41.51906],[173.215209,-41.518775],[173.216693,-41.51862],[173.217713,-41.518778],[173.218093,-41.518955],[173.218624,-41.518955],[173.21905,-41.518847],[173.220677,-41.519212],[173.2208,-41.519434],[173.221809,-41.519922],[173.222095,-41.519973],[173.222535,-41.520243],[173.222693,-41.520284],[173.223153,-41.520156],[173.223705,-41.52032],[173.22386,-41.5203],[173.224033,-41.520586],[173.224285,-41.520666],[173.224395,-41.52085],[173.22511,-41.521108],[173.225532,-41.521088],[173.225673,-41.521196],[173.225933,-41.521168],[173.226264,-41.521288],[173.226715,-41.521031],[173.226777,-41.521097],[173.227,-41.521103],[173.22732,-41.521037],[173.227483,-41.521178],[173.227893,-41.521131],[173.228487,-41.520987],[173.228657,-41.520826],[173.228924,-41.520739],[173.23045,-41.520663],[173.231115,-41.520503],[173.231547,-41.52018],[173.231724,-41.51979],[173.232075,-41.519597],[173.232761,-41.519435],[173.234473,-41.519928],[173.235144,-41.520363],[173.235626,-41.520741],[173.236048,-41.521917],[173.2363,-41.522242],[173.236459,-41.522236],[173.237459,-41.522556],[173.237551,-41.522689],[173.238117,-41.522705],[173.239408,-41.52326],[173.240159,-41.523202],[173.240859,-41.523333],[173.24151,-41.523241],[173.24227,-41.523279],[173.243186,-41.523178],[173.243583,-41.523366],[173.24381,-41.523376],[173.24381,-41.523463],[173.244295,-41.523513],[173.244407,-41.523624],[173.244743,-41.523658],[173.244991,-41.523767],[173.245462,-41.523748],[173.246274,-41.524497],[173.246586,-41.524399],[173.247388,-41.524342],[173.248233,-41.524522],[173.248425,-41.524309],[173.248782,-41.524404],[173.248973,-41.524545],[173.249359,-41.524567],[173.249452,-41.524713],[173.249785,-41.524723],[173.250409,-41.524878],[173.250663,-41.524752],[173.250579,-41.524499],[173.25071,-41.524357],[173.251012,-41.524263],[173.251221,-41.524243],[173.251215,-41.524317],[173.251552,-41.524388],[173.251587,-41.52431],[173.251815,-41.524323],[173.25191,-41.524419],[173.25211,-41.524357],[173.252263,-41.52384],[173.253033,-41.523199],[173.253255,-41.522915],[173.253795,-41.522611],[173.254218,-41.522581],[173.25452,-41.521565],[173.254814,-41.521295],[173.256278,-41.521093],[173.256763,-41.521138],[173.256912,-41.521067],[173.257356,-41.521144],[173.258526,-41.520949],[173.25904,-41.521063],[173.25944,-41.52102],[173.260174,-41.521128],[173.260686,-41.521402],[173.261955,-41.521758],[173.262294,-41.52194],[173.26237,-41.522079],[173.262662,-41.522121],[173.262978,-41.522016],[173.263209,-41.522077],[173.263713,-41.521986],[173.263967,-41.521785],[173.264484,-41.521785],[173.264752,-41.521709],[173.26576,-41.521044],[173.266802,-41.520639],[173.266924,-41.520492],[173.267432,-41.520249],[173.267684,-41.519991],[173.269408,-41.519473],[173.269443,-41.519315],[173.269717,-41.519232],[173.269738,-41.519145],[173.269999,-41.519229],[173.270103,-41.519072],[173.270329,-41.518996],[173.270942,-41.519062],[173.271493,-41.519024],[173.273088,-41.518487],[173.273879,-41.517762],[173.274452,-41.517782],[173.27509,-41.517607],[173.276165,-41.517127],[173.276816,-41.51714],[173.277318,-41.51702],[173.277848,-41.517124],[173.278542,-41.516973],[173.278858,-41.516776],[173.279598,-41.516507],[173.279436,-41.516278],[173.279801,-41.516435],[173.280926,-41.516599],[173.281718,-41.516526],[173.2839,-41.516865],[173.285258,-41.517388],[173.285503,-41.517541],[173.285408,-41.517569],[173.285845,-41.517826],[173.286748,-41.518087],[173.287117,-41.517982],[173.287546,-41.518],[173.288835,-41.517604],[173.289583,-41.517242],[173.289728,-41.517077],[173.291023,-41.516876],[173.291307,-41.516913],[173.291802,-41.516693],[173.29206,-41.516716],[173.292304,-41.516602],[173.294511,-41.516611],[173.295737,-41.516381],[173.297269,-41.51642],[173.297539,-41.516357],[173.297685,-41.516196],[173.29788,-41.516196],[173.298157,-41.515566],[173.298493,-41.515092],[173.29853,-41.514885],[173.29847,-41.514284],[173.29826,-41.513709],[173.298341,-41.513651],[173.298268,-41.513411],[173.299222,-41.513094],[173.299469,-41.512937],[173.299894,-41.512509],[173.30077,-41.511836],[173.301024,-41.51126],[173.301507,-41.510887],[173.302205,-41.510776],[173.302791,-41.510097],[173.303056,-41.509917],[173.303628,-41.50874],[173.303616,-41.508244],[173.303719,-41.507922],[173.303582,-41.507208],[173.303716,-41.506557],[173.304057,-41.506025],[173.303973,-41.505825],[173.302613,-41.504895],[173.301408,-41.503594],[173.301101,-41.503369],[173.299328,-41.502234],[173.298527,-41.501837],[173.298308,-41.501607],[173.298047,-41.501608],[173.297307,-41.501277],[173.296686,-41.500924],[173.29618,-41.500498],[173.295812,-41.499827],[173.29543,-41.499485],[173.295397,-41.499348],[173.294839,-41.49889],[173.294539,-41.498392],[173.294042,-41.497963],[173.293934,-41.497777],[173.293823,-41.49778],[173.293472,-41.497118],[173.293234,-41.496889],[173.293,-41.496253],[173.292775,-41.49606],[173.293261,-41.495687],[173.293107,-41.495134],[173.292919,-41.494937],[173.292525,-41.494873],[173.291607,-41.494361],[173.291385,-41.494326],[173.29067,-41.49392],[173.289876,-41.49325],[173.288514,-41.492617],[173.288452,-41.492478],[173.286958,-41.49221],[173.286577,-41.492269],[173.284856,-41.49219],[173.283836,-41.49235],[173.282944,-41.491932],[173.282668,-41.491655],[173.281734,-41.491479],[173.28104,-41.491087],[173.27945,-41.490757],[173.27879,-41.490464],[173.278386,-41.490382],[173.277794,-41.489683],[173.277252,-41.489299],[173.276474,-41.488969],[173.275962,-41.488496],[173.275797,-41.48821],[173.275729,-41.487351],[173.276218,-41.486698],[173.276527,-41.48641],[173.277225,-41.485986],[173.277544,-41.485626],[173.278332,-41.485446],[173.278257,-41.484609],[173.277754,-41.484048],[173.277251,-41.483754],[173.276705,-41.483714],[173.275584,-41.483347],[173.275225,-41.4833],[173.274426,-41.482903],[173.273557,-41.482589],[173.272376,-41.48244],[173.27144,-41.482143],[173.271183,-41.481823],[173.270504,-41.481558],[173.270012,-41.481206],[173.268763,-41.479713],[173.268219,-41.479369],[173.267764,-41.47849],[173.267325,-41.478193],[173.267073,-41.477936],[173.267055,-41.477762],[173.266798,-41.477558],[173.266323,-41.477326],[173.265585,-41.477182],[173.26475,-41.47687],[173.26418,-41.476793],[173.263261,-41.476098],[173.261406,-41.474085],[173.261105,-41.47383],[173.260733,-41.473683],[173.260592,-41.473328],[173.260324,-41.473099],[173.260124,-41.472731],[173.259781,-41.472544],[173.259685,-41.472117],[173.259278,-41.471747],[173.259029,-41.470966],[173.258735,-41.470625],[173.257924,-41.470095],[173.257585,-41.469691],[173.257061,-41.469313],[173.256634,-41.468671],[173.255801,-41.468335],[173.255446,-41.468097],[173.254294,-41.467844],[173.253981,-41.467496],[173.253823,-41.467529],[173.253755,-41.467301],[173.253229,-41.466936],[173.252788,-41.46618],[173.253129,-41.464423],[173.253068,-41.463804],[173.252633,-41.462946],[173.252771,-41.462857],[173.252248,-41.462202],[173.252304,-41.461692],[173.252122,-41.461374],[173.251852,-41.461201],[173.251776,-41.461001],[173.251634,-41.460986],[173.251657,-41.46087],[173.25142,-41.460708],[173.251178,-41.460659],[173.250191,-41.459908],[173.250071,-41.459508],[173.249717,-41.458983],[173.248802,-41.458394],[173.248606,-41.458366],[173.248332,-41.458195],[173.247826,-41.458125],[173.247652,-41.458203],[173.246389,-41.457952],[173.245268,-41.458224],[173.24463,-41.458294],[173.24463,-41.458294],[173.243386,-41.458315],[173.243024,-41.458395],[173.242064,-41.458322],[173.241162,-41.45794],[173.240753,-41.457364],[173.240102,-41.456913],[173.240278,-41.456865],[173.240035,-41.456673],[173.240052,-41.456604],[173.240459,-41.45668],[173.240177,-41.456598],[173.240628,-41.456445],[173.240485,-41.4564],[173.239996,-41.455681],[173.240207,-41.455524],[173.240228,-41.455262],[173.240143,-41.455102],[173.24038,-41.454639],[173.240674,-41.454307],[173.240538,-41.45428],[173.240509,-41.45419],[173.240809,-41.453732],[173.241387,-41.453701],[173.241813,-41.453518],[173.242238,-41.453457],[173.242544,-41.453548],[173.242743,-41.453706],[173.242745,-41.453821],[173.24328,-41.453841],[173.243235,-41.453582],[173.24272,-41.452655],[173.24254,-41.451252],[173.242614,-41.450968],[173.242802,-41.450865],[173.243069,-41.450466],[173.243601,-41.450319],[173.243827,-41.449751],[173.244177,-41.449286],[173.244718,-41.448749],[173.244978,-41.44869],[173.244963,-41.448464],[173.245151,-41.448235],[173.245271,-41.44786],[173.245321,-41.447123],[173.245452,-41.446949],[173.245283,-41.446674],[173.245288,-41.446328],[173.24565,-41.445799],[173.245874,-41.445673],[173.245906,-41.44551],[173.2459,-41.444605],[173.245474,-41.443669],[173.245508,-41.443371],[173.244854,-41.443278],[173.244651,-41.443142],[173.244317,-41.442671],[173.244115,-41.442027],[173.243856,-41.441841],[173.243802,-41.44168],[173.244125,-41.440779],[173.24517,-41.439805],[173.2449,-41.439353],[173.244576,-41.438312],[173.244739,-41.437766],[173.245267,-41.43719],[173.244988,-41.436911],[173.245011,-41.436267],[173.245301,-41.435927],[173.245827,-41.435617],[173.246,-41.435273],[173.246015,-41.435037],[173.245817,-41.434764],[173.245738,-41.434323],[173.246016,-41.43384],[173.245964,-41.433473],[173.246075,-41.433171],[173.245931,-41.432691],[173.246015,-41.432132],[173.24546,-41.430773],[173.245529,-41.430459],[173.245667,-41.430526],[173.245716,-41.430215],[173.24593,-41.429868],[173.245853,-41.429611],[173.246065,-41.429053],[173.245794,-41.428667],[173.245982,-41.428378],[173.246163,-41.428391],[173.246182,-41.427995],[173.246484,-41.42761],[173.246444,-41.427265],[173.246585,-41.426864],[173.246059,-41.426457],[173.245881,-41.425955],[173.245746,-41.425307],[173.24584,-41.425048],[173.245712,-41.424239],[173.245191,-41.423898],[173.244853,-41.423893],[173.244466,-41.423756],[173.244057,-41.423343],[173.24418,-41.422969],[173.244017,-41.422829],[173.243489,-41.422661],[173.243229,-41.422359],[173.24308,-41.422],[173.243311,-41.421755],[173.243347,-41.421121],[173.243186,-41.420944],[173.242874,-41.420876],[173.243117,-41.420214],[173.243264,-41.420144],[173.243386,-41.41995],[173.243439,-41.419356],[173.243577,-41.419197],[173.24378,-41.419174],[173.244025,-41.419025],[173.24436,-41.418531],[173.244777,-41.418361],[173.244668,-41.418074],[173.244458,-41.417939],[173.244431,-41.417528],[173.244068,-41.417096],[173.244127,-41.416803],[173.244516,-41.416519],[173.245002,-41.416541],[173.245538,-41.415914],[173.245986,-41.415895],[173.24604,-41.415757],[173.246456,-41.415609],[173.246597,-41.415452],[173.246623,-41.415206],[173.247121,-41.414861],[173.247441,-41.414863],[173.247687,-41.415043],[173.248061,-41.415096],[173.248849,-41.4149],[173.248909,-41.41467],[173.2494,-41.414644],[173.250375,-41.414398],[173.250684,-41.41447],[173.250092,-41.414194],[173.250141,-41.414125],[173.25063,-41.414148],[173.25071,-41.414228],[173.251191,-41.414304],[173.251705,-41.413627],[173.251749,-41.413303],[173.251667,-41.413113],[173.251381,-41.413022],[173.251064,-41.412803],[173.25101,-41.412676],[173.251199,-41.412577],[173.251579,-41.412838],[173.251875,-41.412883],[173.252213,-41.413157],[173.252464,-41.413221],[173.252889,-41.413208],[173.253332,-41.412996],[173.253985,-41.412887],[173.254016,-41.412693],[173.254016,-41.412693],[173.254535,-41.412876],[173.254791,-41.413046],[173.255747,-41.413302],[173.25604,-41.413519],[173.2569,-41.413287],[173.25699,-41.413384],[173.257372,-41.413443],[173.258083,-41.413329],[173.258136,-41.413228],[173.258424,-41.413225],[173.258732,-41.4134],[173.25899,-41.413439],[173.259947,-41.413341],[173.260284,-41.4132],[173.260913,-41.413147],[173.26127,-41.413542],[173.261926,-41.413702],[173.262511,-41.413535],[173.263215,-41.413696],[173.263394,-41.413933],[173.263715,-41.413915],[173.264192,-41.413722],[173.265113,-41.414108],[173.265374,-41.413983],[173.26584,-41.41402],[173.266851,-41.413897],[173.267189,-41.414],[173.267248,-41.41417],[173.267357,-41.41419],[173.268089,-41.414185],[173.268378,-41.41402],[173.268886,-41.414071],[173.269173,-41.414025],[173.269297,-41.414159],[173.269845,-41.414226],[173.270208,-41.414026],[173.270971,-41.414227],[173.271533,-41.413981],[173.272969,-41.413998],[173.273415,-41.413809],[173.274011,-41.413966],[173.274558,-41.413826],[173.274854,-41.413842],[173.275701,-41.413544],[173.276546,-41.413728],[173.27688,-41.413706],[173.276727,-41.413402],[173.277429,-41.413073],[173.27832,-41.412893],[173.279368,-41.412438],[173.280312,-41.412263],[173.28093,-41.412304],[173.281688,-41.412071],[173.282459,-41.411961],[173.283,-41.411521],[173.283361,-41.411647],[173.283637,-41.411498],[173.28398,-41.411502],[173.284314,-41.411399],[173.284483,-41.411557],[173.284791,-41.411558],[173.284798,-41.411715],[173.285116,-41.41178],[173.285964,-41.412258],[173.28634,-41.412251],[173.286514,-41.412134],[173.286909,-41.412094],[173.287302,-41.411721],[173.28769,-41.411609],[173.287932,-41.411336],[173.287943,-41.411073],[173.287943,-41.411073],[173.28809,-41.410474],[173.287965,-41.41024],[173.287996,-41.409858],[173.287778,-41.409568],[173.287845,-41.409333],[173.287463,-41.409172],[173.287335,-41.40904],[173.287178,-41.408308],[173.286838,-41.40784],[173.286859,-41.407621],[173.286524,-41.407391],[173.286228,-41.406896],[173.285979,-41.406656],[173.286046,-41.406276],[173.285699,-41.406124],[173.28554,-41.405853],[173.285564,-41.405679],[173.285782,-41.405499],[173.285675,-41.405118],[173.285832,-41.404832],[173.28586,-41.404257],[173.285263,-41.403602],[173.28517,-41.403252],[173.285009,-41.403069],[173.285062,-41.402802],[173.285304,-41.402422],[173.285862,-41.401943],[173.285808,-41.401644],[173.285927,-41.40145],[173.286162,-41.40128],[173.28645,-41.401275],[173.286961,-41.401111],[173.287717,-41.400539],[173.288107,-41.400487],[173.288524,-41.400004],[173.288774,-41.399927],[173.289106,-41.399642],[173.290253,-41.399314],[173.291213,-41.398808],[173.291344,-41.398598],[173.292149,-41.398006],[173.292727,-41.397385],[173.293436,-41.396952],[173.295055,-41.395417],[173.295527,-41.395112],[173.295655,-41.39488],[173.296491,-41.39432],[173.297266,-41.393626],[173.297891,-41.393317],[173.297991,-41.393308],[173.29804,-41.393528],[173.298185,-41.393282],[173.298339,-41.393228],[173.298577,-41.393314],[173.299776,-41.39335],[173.299957,-41.393659],[173.300428,-41.393841],[173.301104,-41.393682],[173.301512,-41.393325],[173.301877,-41.393295],[173.302846,-41.393417],[173.303624,-41.39318],[173.303812,-41.393031],[173.304442,-41.393219],[173.305178,-41.393073],[173.306037,-41.392838],[173.306367,-41.392653],[173.307284,-41.391807],[173.307892,-41.39174],[173.308643,-41.391467],[173.309087,-41.391553],[173.309303,-41.391318],[173.309788,-41.391318],[173.310226,-41.391092],[173.310578,-41.391039],[173.310815,-41.391126],[173.311226,-41.391026],[173.31255,-41.390342],[173.312801,-41.390284],[173.313409,-41.390345],[173.31351,-41.390444],[173.313566,-41.390104],[173.313922,-41.389753],[173.314296,-41.389724],[173.314526,-41.389804],[173.315733,-41.389612],[173.316176,-41.389735],[173.317006,-41.389816],[173.317362,-41.389675],[173.317644,-41.389427],[173.318118,-41.389182],[173.319598,-41.389112],[173.320632,-41.388886],[173.32122,-41.388459],[173.321536,-41.388488],[173.322255,-41.388196],[173.322299,-41.388056],[173.322909,-41.387474],[173.322992,-41.387294],[173.323802,-41.386687],[173.324989,-41.386546],[173.325246,-41.386405],[173.32569,-41.386358],[173.326433,-41.386386],[173.326933,-41.386502],[173.328119,-41.386484],[173.32827,-41.386556],[173.328593,-41.386526],[173.328656,-41.386432],[173.329481,-41.386394],[173.331041,-41.386149],[173.331731,-41.386177],[173.332455,-41.386088],[173.333263,-41.38616],[173.334341,-41.386135],[173.335192,-41.385862],[173.336018,-41.38538],[173.336436,-41.385306],[173.337016,-41.385327],[173.337273,-41.38543],[173.337516,-41.385699],[173.338022,-41.385657],[173.338527,-41.385131],[173.338652,-41.384848],[173.338469,-41.384431],[173.338563,-41.384344],[173.338547,-41.383936],[173.33867,-41.383745],[173.338785,-41.383731],[173.338741,-41.383397],[173.339108,-41.383138],[173.339406,-41.382719],[173.339355,-41.381976],[173.339505,-41.381835],[173.339564,-41.381605],[173.339464,-41.381145],[173.339761,-41.380854],[173.339921,-41.380523],[173.339699,-41.380345],[173.339649,-41.380016],[173.340085,-41.379425],[173.34031,-41.378629],[173.341036,-41.378208],[173.341212,-41.377971],[173.341454,-41.377923],[173.341771,-41.377683],[173.342471,-41.377386],[173.342902,-41.376972],[173.343117,-41.376585],[173.343445,-41.376472],[173.343473,-41.376369],[173.343653,-41.376286],[173.343747,-41.375891],[173.344275,-41.375605],[173.344364,-41.375494],[173.344306,-41.375233],[173.344424,-41.374937],[173.344758,-41.374778],[173.346016,-41.374482],[173.346481,-41.374121],[173.346757,-41.374108],[173.347198,-41.373891],[173.347431,-41.373938],[173.347878,-41.374236],[173.348604,-41.374301],[173.34889,-41.374132],[173.349222,-41.373681],[173.349756,-41.37334],[173.349656,-41.373183],[173.34966,-41.372903],[173.349801,-41.372835],[173.349864,-41.372895],[173.350261,-41.37264],[173.350394,-41.372415],[173.350992,-41.371953],[173.351855,-41.371521],[173.352157,-41.371232],[173.352425,-41.370769],[173.353096,-41.37052],[173.353505,-41.368946],[173.353677,-41.368567],[173.354087,-41.368218],[173.354224,-41.367902],[173.354195,-41.367577],[173.354482,-41.367159],[173.354816,-41.367142],[173.354862,-41.367217],[173.354862,-41.367217],[173.35485,-41.36757],[173.35471,-41.367691],[173.354953,-41.36802],[173.354967,-41.368566],[173.355186,-41.369176],[173.355129,-41.369213],[173.355665,-41.369677],[173.355503,-41.369983],[173.355616,-41.370266],[173.355804,-41.3705],[173.356179,-41.370651],[173.356846,-41.371093],[173.357134,-41.371479],[173.35719,-41.371928],[173.357378,-41.372236],[173.357705,-41.372351],[173.357972,-41.372659],[173.358221,-41.372665],[173.358826,-41.373049],[173.358999,-41.372994],[173.359295,-41.373034],[173.359543,-41.373433],[173.360271,-41.373722],[173.360486,-41.373736],[173.360646,-41.37365],[173.360888,-41.37376],[173.361004,-41.374219],[173.361114,-41.374295],[173.361094,-41.374453],[173.361551,-41.374695],[173.361676,-41.374912],[173.362018,-41.375086],[173.362191,-41.3754],[173.362471,-41.375643],[173.362658,-41.375553],[173.363052,-41.375702],[173.363179,-41.375652],[173.363327,-41.375728],[173.364104,-41.375773],[173.364219,-41.375808],[173.364223,-41.376197],[173.36473,-41.376384],[173.365131,-41.376419],[173.365652,-41.376585],[173.366293,-41.37662],[173.367009,-41.37643],[173.367077,-41.376479],[173.367519,-41.376386],[173.368002,-41.377091],[173.368487,-41.377158],[173.368888,-41.377369],[173.369505,-41.377401],[173.369577,-41.377853],[173.369789,-41.378117],[173.370221,-41.378469],[173.370606,-41.378562],[173.370867,-41.378725],[173.370892,-41.379108],[173.370794,-41.379421],[173.370952,-41.379606],[173.371426,-41.379838],[173.371737,-41.379879],[173.372267,-41.380365],[173.372699,-41.381793],[173.372958,-41.382127],[173.373522,-41.382309],[173.374095,-41.382652],[173.374093,-41.382786],[173.374262,-41.382942],[173.374517,-41.383041],[173.374628,-41.38319],[173.375244,-41.383421],[173.375511,-41.383667],[173.375848,-41.383691],[173.376697,-41.383164],[173.377364,-41.382989],[173.377928,-41.38316],[173.378381,-41.383393],[173.379901,-41.383468],[173.380597,-41.383709],[173.380797,-41.383689],[173.381196,-41.383475],[173.381374,-41.383479],[173.381511,-41.383327],[173.38243,-41.383205],[173.382764,-41.383075],[173.383709,-41.383214],[173.383959,-41.383164],[173.384545,-41.383262],[173.384833,-41.383201],[173.385304,-41.383307],[173.385638,-41.383194],[173.386825,-41.383094],[173.387512,-41.383373],[173.388048,-41.383428],[173.388291,-41.38339],[173.388824,-41.383146],[173.389206,-41.383274],[173.389879,-41.383327],[173.390316,-41.383518],[173.390739,-41.383815],[173.390814,-41.38422],[173.391119,-41.384196],[173.391275,-41.384721],[173.391806,-41.385085],[173.392542,-41.384377],[173.39283,-41.384295],[173.39283,-41.384295],[173.393012,-41.3842],[173.393705,-41.384421],[173.394057,-41.384341],[173.394633,-41.384357],[173.395422,-41.384068],[173.395652,-41.384241],[173.396862,-41.383748],[173.397913,-41.382838],[173.398569,-41.382666],[173.399308,-41.382321],[173.399955,-41.382211],[173.400221,-41.382096],[173.401177,-41.38202],[173.40139,-41.38187],[173.401776,-41.381789],[173.402787,-41.381762],[173.404657,-41.381261],[173.405573,-41.380539],[173.406074,-41.379941],[173.406671,-41.379517],[173.407143,-41.378611],[173.408659,-41.377531],[173.408994,-41.377128],[173.410438,-41.376384],[173.410715,-41.37602],[173.412131,-41.374957],[173.412153,-41.374813],[173.412468,-41.375132],[173.412872,-41.375139],[173.41303,-41.374914],[173.413301,-41.374815],[173.413346,-41.374627],[173.413638,-41.374707],[173.414019,-41.374641],[173.414633,-41.374884],[173.414929,-41.374814],[173.415892,-41.374865],[173.417898,-41.375507],[173.418153,-41.375417],[173.418506,-41.374736],[173.418678,-41.374903],[173.418726,-41.374857],[173.419332,-41.375015],[173.419532,-41.374552],[173.419795,-41.374699],[173.420523,-41.374694],[173.420766,-41.374265],[173.421125,-41.374041],[173.421583,-41.374179],[173.421662,-41.374288],[173.422269,-41.373509],[173.422515,-41.373635],[173.422757,-41.373239],[173.423388,-41.373037],[173.42397,-41.372694],[173.424163,-41.372687],[173.424288,-41.372536],[173.424632,-41.372473],[173.426218,-41.371703],[173.427288,-41.371716],[173.428049,-41.371538],[173.428302,-41.371606],[173.428826,-41.371306],[173.428882,-41.371367],[173.429043,-41.371207],[173.428997,-41.370808],[173.429336,-41.370606],[173.429728,-41.370209],[173.430629,-41.370176],[173.430893,-41.370295],[173.431391,-41.370332],[173.432367,-41.37067],[173.432987,-41.370593],[173.433078,-41.370699],[173.433926,-41.371025],[173.43433,-41.371454],[173.434587,-41.37232],[173.434596,-41.372738],[173.434469,-41.373],[173.434607,-41.373514],[173.434804,-41.373685],[173.43508,-41.373609],[173.43508,-41.373609],[173.435527,-41.373617],[173.436596,-41.37312],[173.436989,-41.372622],[173.437454,-41.371698],[173.437774,-41.37146],[173.437824,-41.371021],[173.438243,-41.37078],[173.43863,-41.370835],[173.439018,-41.371024],[173.440019,-41.371149],[173.440601,-41.371316],[173.440962,-41.371311],[173.441557,-41.371164],[173.44168,-41.371209],[173.442269,-41.371141],[173.442311,-41.371086],[173.442402,-41.371123],[173.44268,-41.37095],[173.442954,-41.371156],[173.443385,-41.371294],[173.444147,-41.371332],[173.444882,-41.370956],[173.445105,-41.370632],[173.445438,-41.370537],[173.445603,-41.370345],[173.446104,-41.370283],[173.446527,-41.37039],[173.44669,-41.370309],[173.447256,-41.370329],[173.4473,-41.370243],[173.447611,-41.370114],[173.447513,-41.370074],[173.447576,-41.37003],[173.447486,-41.369941],[173.447566,-41.369881],[173.447472,-41.369834],[173.44765,-41.369722],[173.448257,-41.369915],[173.449182,-41.369808],[173.449559,-41.369927],[173.450765,-41.369771],[173.450882,-41.369643],[173.451346,-41.369472],[173.452166,-41.369],[173.452506,-41.368417],[173.452404,-41.368166],[173.452528,-41.368094],[173.453179,-41.368162],[173.45321,-41.367998],[173.453491,-41.367874],[173.453751,-41.367527],[173.453709,-41.366956],[173.454369,-41.366897],[173.45495,-41.366125],[173.455041,-41.365655],[173.455758,-41.365298],[173.456054,-41.364976],[173.45611,-41.365016],[173.456058,-41.364512],[173.456437,-41.364236],[173.456738,-41.363873],[173.45671,-41.363122],[173.456804,-41.362608],[173.456904,-41.362639],[173.457219,-41.362352],[173.457266,-41.361658],[173.457156,-41.361408],[173.456692,-41.360947],[173.455639,-41.360432],[173.455499,-41.360286],[173.455102,-41.360209],[173.454679,-41.359939],[173.454385,-41.359559],[173.454343,-41.35907],[173.454217,-41.359092],[173.454127,-41.358985],[173.453446,-41.358856],[173.454392,-41.358444],[173.454906,-41.358006],[173.454936,-41.357779],[173.454812,-41.357509],[173.454436,-41.357338],[173.454219,-41.357059],[173.454528,-41.35675],[173.454682,-41.356696],[173.454528,-41.356574],[173.454565,-41.356389],[173.454992,-41.355769],[173.455293,-41.355533],[173.456376,-41.355173],[173.456863,-41.355196],[173.457152,-41.3553],[173.45756,-41.355261],[173.45778,-41.355368],[173.458916,-41.3552],[173.459403,-41.35534],[173.460259,-41.355345],[173.460571,-41.355284],[173.460628,-41.354854],[173.460723,-41.354799],[173.46163,-41.354822],[173.462135,-41.354564],[173.462217,-41.354431],[173.46212,-41.354322],[173.462632,-41.353868],[173.462933,-41.353684],[173.463213,-41.353679],[173.463351,-41.353556],[173.463574,-41.353193],[173.463636,-41.352778],[173.463719,-41.352739],[173.463163,-41.352124],[173.463176,-41.351916],[173.463061,-41.351859],[173.462961,-41.351537],[173.462815,-41.35139],[173.462852,-41.351221],[173.46266,-41.351163],[173.46251,-41.350915],[173.462643,-41.350604],[173.462441,-41.350285],[173.462026,-41.349898],[173.461887,-41.349622],[173.461749,-41.349595],[173.461793,-41.349141],[173.461136,-41.349089],[173.461112,-41.348968],[173.460811,-41.348882],[173.459354,-41.348808],[173.458503,-41.348124],[173.458266,-41.347614],[173.458143,-41.346925],[173.457802,-41.3462],[173.457744,-41.345525],[173.45787,-41.345325],[173.457826,-41.345183],[173.458109,-41.344712],[173.458465,-41.343509],[173.458802,-41.343126],[173.459051,-41.343162],[173.459079,-41.343236],[173.459785,-41.342878],[173.460295,-41.342766],[173.460597,-41.342555],[173.460794,-41.342527],[173.461602,-41.341884],[173.462403,-41.339666],[173.46268,-41.339209],[173.463007,-41.338882],[173.463793,-41.337592],[173.464069,-41.337383],[173.464434,-41.336355],[173.464803,-41.33612],[173.464845,-41.33586],[173.46496,-41.335909],[173.466584,-41.334498],[173.467169,-41.334208],[173.467558,-41.333803],[173.467966,-41.333053],[173.467957,-41.332837],[173.467157,-41.332134],[173.467244,-41.331962],[173.467227,-41.331676],[173.467096,-41.331508],[173.466376,-41.330887],[173.46561,-41.330514],[173.46513,-41.32965],[173.46436,-41.329051],[173.46436,-41.329051],[173.462148,-41.328496],[173.459176,-41.326484],[173.456772,-41.323375],[173.45708,-41.322425],[173.457703,-41.321507],[173.459181,-41.320688],[173.461155,-41.320206],[173.463986,-41.319991],[173.465498,-41.320311],[173.468364,-41.32222],[173.468695,-41.322331],[173.469812,-41.322483],[173.471673,-41.322042],[173.47415,-41.320563],[173.47491,-41.31995],[173.477528,-41.319397],[173.478704,-41.319284],[173.479904,-41.31983],[173.482081,-41.320463],[173.482454,-41.320445],[173.483872,-41.31962],[173.484467,-41.319723],[173.484633,-41.319441],[173.485372,-41.319239],[173.486486,-41.318492],[173.487282,-41.317562],[173.489227,-41.31676],[173.489954,-41.315618],[173.490113,-41.314787],[173.489983,-41.314303],[173.490028,-41.313599],[173.491138,-41.313127],[173.49185,-41.312647],[173.493234,-41.312315],[173.493414,-41.312091],[173.494397,-41.31214],[173.495538,-41.311995],[173.496427,-41.312723],[173.499894,-41.313257],[173.501324,-41.313018],[173.502605,-41.313075],[173.502776,-41.31218],[173.503004,-41.311833],[173.503664,-41.311948],[173.504456,-41.312606],[173.504921,-41.312683],[173.505205,-41.312528],[173.505994,-41.312782],[173.506402,-41.313279],[173.506274,-41.314424],[173.506805,-41.314434],[173.507376,-41.31423],[173.507322,-41.315191],[173.508373,-41.315943],[173.509582,-41.316638],[173.510079,-41.316729],[173.511022,-41.316558],[173.510813,-41.317732],[173.511049,-41.319538],[173.511438,-41.320222],[173.512675,-41.32109],[173.514014,-41.319691],[173.517243,-41.317136],[173.519789,-41.31627],[173.520712,-41.31572],[173.521178,-41.31494],[173.522141,-41.314027],[173.521991,-41.313374],[173.522282,-41.312922],[173.523054,-41.312892],[173.524118,-41.312483],[173.525403,-41.311417],[173.524804,-41.310436],[173.525403,-41.310565],[173.526436,-41.310462],[173.530271,-41.309269],[173.53036,-41.308494],[173.530975,-41.3085],[173.534339,-41.306248],[173.536582,-41.305186],[173.536975,-41.304629],[173.537325,-41.304427],[173.538037,-41.304508],[173.539148,-41.303929],[173.540549,-41.303774],[173.540947,-41.303518],[173.541004,-41.302488],[173.54143,-41.302317],[173.542084,-41.30262],[173.542621,-41.302518],[173.543127,-41.301926],[173.543507,-41.302071],[173.54368,-41.302236],[173.544137,-41.301927],[173.544244,-41.301317],[173.545113,-41.301277],[173.545617,-41.302089],[173.546287,-41.302452],[173.546776,-41.302557],[173.547457,-41.302437],[173.54899,-41.301705],[173.554055,-41.300682],[173.564546,-41.298797],[173.569518,-41.297613],[173.571049,-41.297368],[173.571467,-41.297653],[173.571467,-41.297653],[173.571855,-41.297375],[173.572346,-41.297501],[173.573027,-41.297409],[173.573469,-41.296933],[173.574019,-41.296672],[173.574529,-41.296815],[173.575876,-41.296775],[173.576298,-41.296541],[173.576562,-41.295992],[173.577552,-41.295815],[173.578323,-41.296154],[173.579,-41.297626],[173.579067,-41.298341],[173.579067,-41.298341],[173.57974,-41.298217],[173.580731,-41.298425],[173.582136,-41.298263],[173.584945,-41.297004],[173.585834,-41.296826],[173.586691,-41.297008],[173.589835,-41.296859],[173.590142,-41.296769],[173.591958,-41.296831],[173.594116,-41.29669],[173.595015,-41.296565],[173.595378,-41.296575],[173.5956,-41.296684],[173.597552,-41.296754],[173.597939,-41.296675],[173.598327,-41.296828],[173.600078,-41.296991],[173.602204,-41.297295],[173.604143,-41.297742],[173.606927,-41.29753],[173.609622,-41.297056],[173.612315,-41.296866],[173.614926,-41.296788],[173.62132,-41.29561],[173.625009,-41.29362],[173.633381,-41.287297],[173.63656,-41.285612],[173.639579,-41.284197],[173.642912,-41.281146],[173.642912,-41.281146],[173.644324,-41.280275],[173.645558,-41.279264],[173.647377,-41.277585],[173.648437,-41.276068],[173.648969,-41.274027],[173.648751,-41.273384],[173.649663,-41.272649],[173.651267,-41.271875],[173.653193,-41.271533],[173.653804,-41.271277],[173.654399,-41.270797],[173.655241,-41.270334],[173.657704,-41.269235],[173.65929,-41.268957],[173.660343,-41.269014],[173.661468,-41.268878],[173.662043,-41.268894],[173.662454,-41.268997],[173.663296,-41.269726],[173.663762,-41.2708],[173.664115,-41.273162],[173.664456,-41.273756],[173.664609,-41.273937],[173.665302,-41.274338],[173.666873,-41.275529],[173.667142,-41.275862],[173.667306,-41.276666],[173.667188,-41.278141],[173.667327,-41.278694],[173.667548,-41.278994],[173.667836,-41.279191],[173.668214,-41.279292],[173.669117,-41.279235],[173.670641,-41.278678],[173.671303,-41.278512],[173.673413,-41.278279],[173.673945,-41.278012],[173.674381,-41.277672],[173.674943,-41.27743],[173.675635,-41.277515],[173.67646,-41.277733],[173.67835,-41.277521],[173.678888,-41.277579],[173.680956,-41.278025],[173.681795,-41.27835],[173.683929,-41.278945],[173.687142,-41.279066],[173.689227,-41.278957],[173.690354,-41.278983],[173.691144,-41.279098],[173.693379,-41.27972],[173.695652,-41.280727],[173.696941,-41.280994],[173.697371,-41.280989],[173.698245,-41.280832],[173.69992,-41.281035],[173.700621,-41.281],[173.701061,-41.28086],[173.702206,-41.280299],[173.702924,-41.280071],[173.705409,-41.279627],[173.708418,-41.278944],[173.708846,-41.278683],[173.709544,-41.278482],[173.710533,-41.278574],[173.7109,-41.278532],[173.711976,-41.27808],[173.713014,-41.277811],[173.716238,-41.277395],[173.716789,-41.277248],[173.717058,-41.27702],[173.717415,-41.276932],[173.717756,-41.276735],[173.717924,-41.276465],[173.717848,-41.276002],[173.718016,-41.275742],[173.718442,-41.275427],[173.718679,-41.274961],[173.719218,-41.27457],[173.71913,-41.274333],[173.71927,-41.274127],[173.719541,-41.274018],[173.720575,-41.273192],[173.720882,-41.2725],[173.721404,-41.271893],[173.721572,-41.271547],[173.721612,-41.271198],[173.722559,-41.270255],[173.722912,-41.269615],[173.723749,-41.268859],[173.724129,-41.268304],[173.724721,-41.267897],[173.726723,-41.26688],[173.726723,-41.26688],[173.727406,-41.267809],[173.72791,-41.267623],[173.728113,-41.267713],[173.72929,-41.269993],[173.729337,-41.273558],[173.730142,-41.273655],[173.73178,-41.27495],[173.732287,-41.274892],[173.733585,-41.274497],[173.735054,-41.274411],[173.736173,-41.274544],[173.736377,-41.274819],[173.736377,-41.274819],[173.738494,-41.275434],[173.740181,-41.275684],[173.741732,-41.275455],[173.743414,-41.274695],[173.743952,-41.274267],[173.744907,-41.272992],[173.745712,-41.272349],[173.746218,-41.272076],[173.747538,-41.27199],[173.748226,-41.272099],[173.754153,-41.273546],[173.759188,-41.274304],[173.759188,-41.274304],[173.761677,-41.274714],[173.763131,-41.275335],[173.764869,-41.275657],[173.766613,-41.277979],[173.766991,-41.279098],[173.766991,-41.279098],[173.768296,-41.279027],[173.768657,-41.279097],[173.769003,-41.280246],[173.769064,-41.281429],[173.768182,-41.28161],[173.76834,-41.281735],[173.768444,-41.28228],[173.768765,-41.282688],[173.769015,-41.283386],[173.769499,-41.283576],[173.768711,-41.284049],[173.768524,-41.284395],[173.768688,-41.284684],[173.76881,-41.284748],[173.769108,-41.284853],[173.769365,-41.284848],[173.769574,-41.285021],[173.769788,-41.285012],[173.770661,-41.285313],[173.770891,-41.285784],[173.770815,-41.285933],[173.770862,-41.286296],[173.771539,-41.28698],[173.773369,-41.286986],[173.773981,-41.286901],[173.775224,-41.286401],[173.777078,-41.285413],[173.777078,-41.285413],[173.77735,-41.285439],[173.777486,-41.285235],[173.777775,-41.285196],[173.778075,-41.284895],[173.778271,-41.284785],[173.778445,-41.284783],[173.778645,-41.284527],[173.779018,-41.284476],[173.779131,-41.28411],[173.779359,-41.28401],[173.7797,-41.28367],[173.779766,-41.283469],[173.780146,-41.283077],[173.780699,-41.28285],[173.78061,-41.282674],[173.780656,-41.282538],[173.781346,-41.28221],[173.781328,-41.281948],[173.781621,-41.281714],[173.781937,-41.281613],[173.782348,-41.281763],[173.782406,-41.281682],[173.782331,-41.281525],[173.782413,-41.281444],[173.782209,-41.281149],[173.782342,-41.280957],[173.783595,-41.280581],[173.782838,-41.279788],[173.783145,-41.279231],[173.782859,-41.278983],[173.782862,-41.278847],[173.783526,-41.278386],[173.783852,-41.278253],[173.784418,-41.278643],[173.784747,-41.278635],[173.784835,-41.278536],[173.784783,-41.278365],[173.784888,-41.27824],[173.78484,-41.278093],[173.784955,-41.277795],[173.785347,-41.277633],[173.785668,-41.277065],[173.785681,-41.276889],[173.786084,-41.276777],[173.785946,-41.276574],[173.78545,-41.276473],[173.785297,-41.276367],[173.785127,-41.276122],[173.785186,-41.275741],[173.784914,-41.275541],[173.784715,-41.275118],[173.784803,-41.274946],[173.785023,-41.274921],[173.785288,-41.274768],[173.78598,-41.274808],[173.785969,-41.274274],[173.786748,-41.274119],[173.786721,-41.273747],[173.786953,-41.273571],[173.786847,-41.273467],[173.786886,-41.273295],[173.786532,-41.272988],[173.786666,-41.272765],[173.786454,-41.272589],[173.786494,-41.272396],[173.786204,-41.272223],[173.786573,-41.271747],[173.786582,-41.271184],[173.786486,-41.270992],[173.786547,-41.270498],[173.786263,-41.270139],[173.78621,-41.269826],[173.785969,-41.269598],[173.785551,-41.269393],[173.785598,-41.269228],[173.786016,-41.269245],[173.786493,-41.269402],[173.786827,-41.269375],[173.787504,-41.269855],[173.787548,-41.270298],[173.787861,-41.270608],[173.787901,-41.270788],[173.788491,-41.271138],[173.788258,-41.271308],[173.788203,-41.271599],[173.788449,-41.272002],[173.788697,-41.272116],[173.788979,-41.272041],[173.78936,-41.272085],[173.789313,-41.272257],[173.789466,-41.272451],[173.789385,-41.27267],[173.789441,-41.272797],[173.78981,-41.272933],[173.78987,-41.273125],[173.790023,-41.273249],[173.790443,-41.273374],[173.790794,-41.273223],[173.791266,-41.273365],[173.791655,-41.273362],[173.791589,-41.273504],[173.791238,-41.273668],[173.791192,-41.273885],[173.790966,-41.274116],[173.791386,-41.274681],[173.791244,-41.2749],[173.791369,-41.275081],[173.791316,-41.275376],[173.791516,-41.275734],[173.791929,-41.275891],[173.79216,-41.276233],[173.792482,-41.276414],[173.792775,-41.27641],[173.793199,-41.276594],[173.793229,-41.276703],[173.792848,-41.276906],[173.792806,-41.27703],[173.792972,-41.277092],[173.793013,-41.277266],[173.793612,-41.277648],[173.79394,-41.277646],[173.794184,-41.2778],[173.794322,-41.277712],[173.794491,-41.277854],[173.795219,-41.277859],[173.795664,-41.278053],[173.795401,-41.278427],[173.796282,-41.278871],[173.79672,-41.279309],[173.796675,-41.27947],[173.79642,-41.279589],[173.796212,-41.280157],[173.796738,-41.280321],[173.79682,-41.280626],[173.797038,-41.280542],[173.797021,-41.28042],[173.797543,-41.280522],[173.797931,-41.280324],[173.798318,-41.28055],[173.798154,-41.28062],[173.797857,-41.280591],[173.797848,-41.280641],[173.798707,-41.281174],[173.798722,-41.281351],[173.798502,-41.281494],[173.798647,-41.281615],[173.79868,-41.281794],[173.798881,-41.281854],[173.799301,-41.282261],[173.799354,-41.282475],[173.799613,-41.282713],[173.799599,-41.282916],[173.799417,-41.28307],[173.799431,-41.283433],[173.799322,-41.283721],[173.79948,-41.283904],[173.800233,-41.284165],[173.800225,-41.284803],[173.800443,-41.284955],[173.800624,-41.284975],[173.801269,-41.284812],[173.801643,-41.285057],[173.801737,-41.285306],[173.802162,-41.285322],[173.802682,-41.28546],[173.802814,-41.285558],[173.802829,-41.285716],[173.80255,-41.285925],[173.80247,-41.286262],[173.80215,-41.28667],[173.802463,-41.287224],[173.802388,-41.28746],[173.8025,-41.287431],[173.80261,-41.287241],[173.802744,-41.287209],[173.802744,-41.287209],[173.802876,-41.287305],[173.803687,-41.287215],[173.804015,-41.28779],[173.804247,-41.287855],[173.805198,-41.287164],[173.805501,-41.287162],[173.805751,-41.287281],[173.806115,-41.287908],[173.806595,-41.287945],[173.807303,-41.287658],[173.808297,-41.287572],[173.808854,-41.28764],[173.809654,-41.287537],[173.809931,-41.287621],[173.810322,-41.287617],[173.811266,-41.287911],[173.811807,-41.287886],[173.812406,-41.288073],[173.813288,-41.288101],[173.813641,-41.288238],[173.813996,-41.288507],[173.813973,-41.288686],[173.814335,-41.28884],[173.814733,-41.289326],[173.815071,-41.289538],[173.815845,-41.289758],[173.816287,-41.289768],[173.818278,-41.290557],[173.819576,-41.291684],[173.819576,-41.291684],[173.820564,-41.29225],[173.821278,-41.292528],[173.822056,-41.292712],[173.822584,-41.292699],[173.824615,-41.29213],[173.826496,-41.292339],[173.829083,-41.292397],[173.830491,-41.291987],[173.832136,-41.292808],[173.834479,-41.292981],[173.835048,-41.292788],[173.835924,-41.292216],[173.836821,-41.291961],[173.837371,-41.291878],[173.839527,-41.291944],[173.84044,-41.291658],[173.841882,-41.291811],[173.84272,-41.291406],[173.843453,-41.290678],[173.844746,-41.290569],[173.845516,-41.290284],[173.846549,-41.290106],[173.846862,-41.289926],[173.847363,-41.289307],[173.84773,-41.289035],[173.867947,-41.289511],[173.867947,-41.289511],[173.895322,-41.290031],[173.895322,-41.290031],[173.901898,-41.282143],[173.902874,-41.281469],[173.903954,-41.28],[173.90538,-41.27894],[173.906971,-41.275082],[173.907145,-41.272867],[173.907946,-41.271346],[173.909974,-41.269193],[173.910719,-41.267362],[173.910759,-41.266546],[173.911618,-41.26549],[173.912491,-41.265367],[173.912793,-41.264859],[173.913403,-41.264349],[173.914275,-41.264187],[173.916334,-41.264208],[173.91783,-41.264429],[173.919917,-41.26407],[173.920606,-41.26402],[173.921351,-41.264294],[173.922737,-41.264279],[173.922737,-41.264279],[173.923097,-41.264288],[173.923518,-41.2645],[173.923789,-41.264482],[173.925303,-41.263876],[173.925479,-41.263942],[173.925933,-41.263887],[173.926409,-41.263378],[173.926832,-41.263305],[173.927347,-41.263056],[173.927442,-41.262887],[173.927971,-41.262968],[173.928374,-41.262853],[173.928744,-41.2626],[173.928907,-41.262235],[173.92921,-41.262164],[173.929587,-41.26172],[173.929897,-41.261543],[173.929897,-41.26134],[173.930056,-41.261164],[173.930042,-41.260884],[173.930298,-41.260954],[173.930609,-41.260938],[173.931576,-41.260686],[173.932004,-41.260046],[173.932682,-41.259683],[173.933495,-41.259488],[173.933535,-41.259229],[173.934198,-41.258727],[173.934464,-41.258765],[173.935087,-41.2585],[173.935853,-41.258506],[173.936295,-41.258284],[173.93686,-41.258289],[173.9371,-41.25813],[173.937374,-41.258224],[173.937528,-41.258189],[173.937709,-41.258004],[173.937623,-41.257713],[173.937991,-41.256683],[173.937997,-41.256311],[173.938338,-41.255691],[173.938796,-41.255475],[173.939349,-41.254414],[173.939503,-41.254226],[173.939849,-41.254153],[173.939964,-41.253884],[173.940153,-41.253798],[173.941162,-41.253573],[173.942077,-41.253548],[173.942522,-41.254116],[173.943216,-41.254734],[173.943659,-41.255792],[173.943818,-41.255954],[173.944387,-41.255894],[173.945029,-41.256004],[173.945183,-41.256116],[173.945797,-41.256139],[173.946154,-41.256324],[173.946375,-41.256239],[173.946375,-41.256239],[173.946463,-41.256037],[173.946758,-41.255762],[173.946763,-41.255569],[173.9472,-41.255225],[173.947817,-41.255009],[173.948129,-41.254444],[173.948574,-41.254383],[173.948787,-41.254076],[173.949094,-41.254006],[173.949232,-41.253873],[173.949322,-41.253519],[173.950185,-41.253628],[173.950296,-41.253583],[173.950535,-41.253308],[173.950545,-41.252899],[173.95075,-41.252726],[173.951119,-41.252691],[173.951556,-41.252209],[173.951987,-41.252714],[173.952374,-41.252294],[173.952316,-41.251696],[173.952675,-41.251184],[173.952678,-41.251033],[173.953203,-41.25089],[173.952817,-41.250479],[173.952855,-41.25028],[173.953388,-41.249847],[173.953649,-41.249471],[173.954116,-41.249407],[173.954593,-41.249006],[173.954928,-41.248935],[173.954694,-41.248396],[173.954466,-41.248228],[173.954345,-41.248002],[173.954272,-41.247671],[173.954509,-41.247702],[173.954651,-41.247567],[173.955041,-41.247432],[173.95516,-41.247421],[173.955289,-41.247557],[173.955697,-41.247464],[173.955898,-41.247207],[173.955883,-41.247032],[173.956391,-41.246722],[173.956715,-41.245872],[173.957016,-41.245748],[173.957289,-41.245396],[173.957409,-41.245413],[173.957609,-41.245305],[173.957708,-41.245336],[173.957762,-41.245559],[173.957903,-41.245645],[173.958173,-41.245636],[173.958426,-41.245742],[173.958527,-41.245949],[173.958521,-41.246287],[173.958768,-41.246549],[173.958659,-41.246957],[173.958728,-41.247761],[173.958629,-41.247954],[173.958655,-41.24817],[173.958858,-41.248244],[173.959127,-41.248687],[173.959277,-41.248574],[173.959656,-41.248849],[173.959809,-41.248837],[173.959986,-41.249105],[173.959864,-41.249392],[173.96034,-41.24962],[173.960316,-41.249909],[173.960492,-41.250248],[173.960814,-41.250235],[173.961322,-41.249988],[173.961708,-41.24966],[173.962007,-41.249572],[173.96236,-41.249791],[173.962814,-41.249428],[173.963762,-41.24913],[173.963714,-41.248758],[173.963194,-41.248441],[173.962913,-41.248371],[173.962765,-41.248184],[173.962756,-41.247986],[173.963046,-41.247572],[173.962694,-41.247214],[173.962827,-41.246648],[173.962773,-41.246308],[173.962899,-41.246143],[173.962776,-41.245783],[173.962768,-41.245198],[173.963098,-41.245061],[173.963572,-41.24452],[173.963531,-41.243952],[173.964505,-41.243523],[173.964344,-41.243143],[173.964437,-41.242749],[173.964369,-41.242516],[173.963865,-41.241823],[173.963865,-41.241823],[173.963043,-41.24124],[173.962808,-41.241227],[173.962399,-41.240729],[173.961465,-41.240707],[173.961114,-41.24041],[173.960921,-41.239809],[173.960505,-41.23961],[173.960716,-41.239112],[173.960067,-41.238125],[173.959487,-41.237908],[173.959337,-41.237458],[173.959465,-41.237352],[173.959672,-41.236455],[173.960205,-41.235836],[173.960364,-41.235752],[173.960443,-41.235531],[173.960362,-41.235354],[173.959966,-41.235231],[173.958932,-41.235065],[173.958236,-41.234476],[173.958045,-41.23391],[173.958118,-41.233545],[173.957704,-41.23279],[173.95793,-41.232385],[173.957801,-41.232129],[173.957857,-41.231843],[173.957413,-41.231523],[173.957563,-41.231284],[173.958051,-41.23115],[173.958335,-41.230955],[173.958364,-41.230341],[173.958048,-41.230045],[173.958018,-41.229736],[173.958528,-41.229558],[173.958567,-41.229479],[173.958186,-41.229174],[173.958031,-41.228904],[173.958539,-41.228447],[173.959104,-41.228157],[173.959187,-41.227898],[173.959103,-41.227371],[173.958949,-41.22731],[173.958752,-41.227355],[173.95879,-41.226964],[173.958646,-41.226418],[173.958465,-41.226302],[173.957837,-41.226199],[173.957819,-41.225435],[173.95747,-41.224993],[173.957507,-41.224895],[173.957978,-41.224649],[173.958712,-41.225051],[173.959057,-41.224781],[173.959429,-41.22463],[173.959664,-41.224575],[173.960079,-41.224613],[173.960639,-41.224423],[173.960103,-41.223921],[173.959994,-41.223646],[173.959637,-41.223526],[173.959385,-41.223091],[173.958957,-41.222851],[173.958515,-41.222085],[173.958506,-41.222007],[173.95869,-41.221994],[173.958865,-41.221778],[173.959225,-41.220977],[173.958899,-41.220699],[173.958879,-41.220582],[173.959236,-41.220484],[173.959553,-41.220244],[173.959583,-41.22011],[173.960186,-41.21977],[173.960295,-41.219625],[173.960764,-41.219688],[173.961093,-41.219532],[173.961649,-41.219576],[173.961903,-41.21953],[173.962344,-41.219614],[173.962552,-41.219837],[173.963909,-41.21991],[173.964237,-41.220073],[173.965391,-41.219885],[173.965881,-41.219919],[173.966841,-41.219591],[173.96721,-41.219551],[173.967654,-41.219629],[173.968083,-41.219504],[173.968428,-41.219651],[173.968565,-41.21984],[173.968642,-41.220663],[173.969773,-41.220383],[173.970146,-41.219913],[173.970286,-41.219834],[173.97048,-41.219875],[173.970855,-41.219486],[173.97114,-41.219462],[173.97114,-41.219462],[173.971497,-41.219496],[173.97167,-41.219385],[173.97209,-41.219307],[173.972295,-41.219164],[173.972898,-41.219113],[173.973447,-41.218828],[173.9739,-41.218709],[173.974533,-41.218235],[173.97521,-41.217954],[173.975333,-41.21796],[173.975091,-41.218101],[173.975082,-41.218256],[173.975551,-41.218172],[173.975537,-41.218323],[173.975787,-41.218353],[173.976203,-41.218081],[173.976339,-41.217374],[173.976727,-41.217119],[173.976615,-41.217471],[173.977016,-41.217056],[173.977424,-41.216818],[173.977679,-41.216493],[173.978178,-41.216488],[173.979472,-41.21582],[173.979688,-41.215559],[173.979828,-41.215031],[173.980394,-41.214965],[173.980737,-41.215022],[173.981346,-41.214727],[173.981928,-41.21463],[173.982301,-41.214298],[173.982743,-41.214291],[173.982966,-41.214074],[173.983239,-41.213971],[173.983847,-41.213941],[173.984351,-41.213827],[173.984781,-41.213632],[173.985174,-41.213302],[173.985337,-41.213345],[173.985509,-41.213549],[173.986297,-41.213791],[173.987138,-41.214505],[173.988109,-41.214805],[173.988392,-41.214621],[173.988826,-41.214537],[173.990207,-41.213946],[173.992895,-41.213497],[173.992929,-41.213294],[173.993116,-41.213298],[173.993138,-41.213121],[173.993318,-41.213173],[173.993369,-41.213006],[173.994792,-41.213429],[173.995044,-41.213439],[173.995698,-41.213313],[173.996145,-41.213048],[173.997843,-41.212317],[173.999588,-41.212028],[174.001748,-41.212411],[174.002555,-41.212808],[174.003231,-41.212995],[174.00376,-41.212992],[174.004576,-41.213146],[174.006108,-41.213109],[174.006416,-41.212961],[174.006447,-41.21318],[174.006539,-41.213225],[174.006607,-41.213001],[174.006796,-41.213218],[174.006852,-41.212926],[174.006908,-41.213045],[174.007114,-41.212732],[174.007129,-41.212934],[174.00742,-41.213058],[174.007319,-41.212957],[174.007397,-41.212749],[174.00755,-41.212949],[174.007653,-41.21267],[174.007721,-41.212882],[174.008198,-41.213062],[174.008799,-41.213176],[174.009161,-41.213567],[174.009343,-41.213657],[174.009075,-41.213046],[174.008738,-41.212713],[174.009374,-41.212335],[174.010145,-41.212089],[174.01044,-41.212072],[174.01008,-41.212311],[174.009759,-41.212751],[174.009805,-41.212906],[174.009976,-41.213027],[174.010311,-41.212767],[174.011394,-41.212363],[174.01219,-41.211702],[174.013328,-41.211401],[174.013844,-41.211112],[174.014983,-41.210649],[174.01561,-41.210609],[174.016818,-41.210354],[174.017415,-41.210363],[174.018287,-41.210096],[174.018755,-41.210089],[174.019023,-41.209972],[174.019754,-41.209833],[174.020389,-41.209167],[174.021232,-41.208819],[174.021864,-41.208302],[174.022476,-41.207959],[174.022548,-41.207719],[174.023315,-41.206792],[174.02399,-41.206259],[174.024255,-41.205715],[174.024417,-41.20567],[174.024496,-41.205851],[174.024775,-41.205643],[174.024751,-41.205491],[174.024577,-41.205344],[174.025275,-41.205592],[174.025677,-41.205501],[174.025762,-41.20539],[174.025615,-41.205277],[174.02558,-41.20513],[174.024994,-41.204684],[174.025038,-41.204566],[174.02519,-41.20453],[174.025291,-41.204606],[174.025612,-41.204526],[174.026049,-41.204732],[174.027175,-41.204858],[174.02743,-41.205084],[174.027507,-41.205407],[174.02863,-41.205853],[174.029524,-41.205782],[174.029959,-41.205584],[174.030776,-41.205627],[174.031251,-41.205576],[174.031804,-41.205352],[174.031156,-41.205246],[174.031624,-41.205181],[174.032207,-41.204934],[174.032322,-41.20494],[174.032696,-41.205301],[174.032996,-41.20535],[174.032996,-41.20535],[174.033572,-41.206052],[174.034355,-41.206366],[174.03445,-41.206558],[174.034253,-41.206873],[174.034244,-41.20707],[174.034474,-41.20754],[174.034979,-41.20786],[174.035273,-41.208303],[174.035746,-41.20853],[174.035945,-41.208498],[174.036436,-41.20879],[174.036382,-41.209104],[174.036714,-41.209798],[174.037038,-41.209949],[174.037462,-41.210003],[174.037436,-41.210472],[174.037525,-41.210806],[174.037667,-41.211134],[174.037933,-41.211439],[174.037884,-41.211714],[174.038198,-41.212152],[174.038199,-41.213051],[174.038005,-41.21376],[174.03813,-41.214136],[174.038714,-41.214539],[174.038887,-41.214731],[174.038901,-41.21495],[174.039117,-41.215121],[174.039232,-41.214938],[174.039445,-41.214819],[174.039455,-41.214353],[174.039828,-41.214044],[174.040006,-41.213716],[174.040125,-41.213651],[174.040216,-41.212784],[174.040361,-41.212528],[174.040264,-41.210972],[174.039937,-41.210211],[174.039708,-41.209982],[174.039758,-41.20947],[174.039563,-41.208998],[174.039667,-41.208037],[174.039784,-41.20804],[174.04034,-41.207616],[174.040453,-41.207204],[174.040409,-41.20704],[174.040576,-41.207171],[174.040999,-41.207062],[174.041325,-41.206864],[174.041412,-41.206504],[174.041685,-41.206081],[174.042398,-41.205391],[174.043479,-41.205025],[174.044096,-41.204894],[174.044368,-41.204748],[174.044575,-41.204445],[174.044486,-41.204254],[174.044953,-41.204028],[174.045799,-41.20303],[174.046396,-41.202817],[174.047271,-41.202677],[174.04768,-41.202373],[174.047966,-41.202435],[174.04901,-41.202261],[174.049934,-41.202429],[174.052413,-41.201912],[174.053019,-41.201542],[174.053791,-41.201232],[174.054534,-41.200765],[174.055002,-41.200197],[174.055601,-41.199895],[174.05616,-41.199472],[174.056706,-41.198876],[174.057658,-41.198252],[174.058205,-41.198276],[174.058738,-41.198173],[174.058905,-41.198231],[174.059194,-41.198133],[174.060336,-41.19804],[174.061107,-41.198165],[174.062471,-41.198667],[174.062772,-41.198958],[174.063442,-41.199337],[174.065656,-41.200347],[174.066103,-41.200369],[174.066344,-41.200271],[174.066598,-41.200355],[174.06863,-41.200292],[174.071054,-41.200655],[174.072118,-41.200701],[174.072247,-41.200676],[174.07225,-41.200611],[174.072392,-41.200699],[174.073499,-41.200897],[174.074654,-41.20129],[174.076143,-41.201581],[174.076609,-41.201829],[174.077072,-41.201741],[174.077448,-41.201826],[174.077774,-41.201715],[174.078204,-41.201351],[174.078478,-41.201362],[174.078556,-41.201271],[174.079059,-41.201138],[174.079697,-41.201046],[174.080056,-41.201065],[174.080724,-41.200861],[174.081583,-41.200985],[174.082323,-41.200755],[174.082605,-41.200778],[174.083205,-41.201038],[174.083522,-41.201007],[174.08425,-41.200656],[174.084592,-41.200393],[174.084999,-41.199696],[174.085051,-41.199111],[174.085318,-41.198592],[174.086312,-41.197992],[174.086617,-41.19731],[174.086719,-41.197187],[174.087074,-41.19703],[174.087299,-41.196591],[174.087409,-41.196532],[174.088368,-41.196376],[174.088996,-41.196165],[174.089607,-41.196122],[174.089888,-41.196003],[174.090907,-41.196053],[174.091495,-41.195664],[174.091803,-41.195652],[174.092141,-41.195476],[174.092913,-41.19526],[174.09323,-41.195069],[174.093575,-41.194998],[174.094534,-41.194442],[174.095629,-41.194444],[174.096142,-41.19453],[174.096519,-41.194432],[174.096874,-41.19423],[174.097662,-41.194065],[174.097979,-41.194125],[174.099124,-41.194877],[174.099443,-41.195346],[174.099611,-41.195889],[174.100103,-41.196271],[174.100141,-41.196587],[174.099882,-41.197263],[174.100022,-41.197435],[174.100304,-41.197364],[174.101075,-41.197997],[174.101529,-41.197965],[174.101994,-41.197765],[174.102989,-41.197934],[174.103047,-41.19814],[174.10391,-41.198487],[174.104168,-41.198522],[174.10449,-41.198447],[174.104787,-41.19827],[174.105321,-41.198774],[174.105526,-41.198844],[174.105702,-41.198809],[174.106109,-41.198651],[174.106186,-41.198535],[174.106144,-41.198228],[174.10654,-41.197373],[174.106425,-41.196158],[174.106533,-41.195998],[174.106865,-41.195902],[174.106967,-41.195628],[174.106509,-41.194918],[174.10659,-41.194698],[174.107108,-41.194244],[174.107306,-41.193411],[174.107854,-41.192878],[174.108524,-41.191989],[174.108823,-41.191834],[174.109245,-41.191777],[174.109474,-41.191294],[174.109951,-41.19088],[174.110524,-41.190576],[174.111513,-41.189744],[174.113238,-41.188687],[174.115624,-41.187667],[174.116346,-41.187442],[174.116914,-41.186914],[174.118639,-41.185976],[174.119381,-41.185428],[174.119672,-41.185369],[174.120429,-41.185005],[174.120823,-41.184881],[174.121746,-41.184757],[174.122282,-41.184485],[174.123427,-41.184069],[174.123815,-41.184073],[174.124383,-41.183964],[174.125207,-41.184151],[174.125712,-41.183887],[174.127255,-41.183646],[174.127294,-41.183515],[174.128066,-41.18322],[174.128256,-41.183223],[174.128419,-41.183348],[174.128936,-41.183405],[174.129466,-41.183064],[174.129722,-41.182789],[174.130166,-41.182544],[174.130663,-41.181691],[174.131341,-41.181087],[174.131451,-41.180489],[174.131702,-41.180034],[174.132394,-41.179697],[174.132606,-41.179495],[174.132881,-41.179722],[174.133464,-41.17989],[174.134354,-41.179867],[174.134826,-41.179758],[174.134943,-41.179196],[174.134827,-41.178854],[174.134899,-41.178796],[174.135301,-41.17894],[174.135541,-41.178928],[174.136329,-41.17787],[174.137073,-41.177331],[174.137649,-41.177405],[174.138148,-41.17733],[174.138464,-41.176866],[174.138476,-41.176466],[174.138654,-41.176107],[174.138967,-41.175853],[174.139129,-41.175516],[174.139096,-41.175376],[174.138859,-41.175165],[174.138783,-41.174929],[174.138827,-41.174653],[174.139348,-41.175122],[174.139662,-41.175571],[174.139716,-41.175348],[174.139601,-41.173796],[174.139887,-41.173331],[174.140398,-41.173181],[174.140692,-41.172896],[174.141282,-41.172547],[174.141454,-41.171848],[174.141563,-41.171702],[174.141847,-41.17167],[174.142305,-41.170537],[174.143296,-41.169657],[174.144649,-41.16902],[174.144758,-41.168906],[174.146391,-41.168188],[174.147085,-41.167529],[174.147342,-41.166777],[174.147977,-41.16664],[174.148937,-41.165994],[174.149186,-41.165754],[174.149299,-41.16539],[174.149626,-41.165273],[174.150416,-41.165563],[174.151552,-41.165509],[174.153389,-41.164904],[174.154718,-41.164633],[174.155163,-41.164416],[174.156003,-41.163774],[174.156544,-41.163476],[174.156958,-41.162988],[174.157457,-41.162745],[174.157975,-41.162256],[174.158189,-41.161934],[174.158494,-41.161713],[174.158676,-41.161402],[174.159154,-41.161127],[174.159307,-41.160948],[174.159508,-41.160452],[174.159482,-41.160295],[174.15962,-41.160175],[174.159901,-41.16018],[174.160066,-41.160056],[174.160149,-41.159819],[174.160378,-41.159615],[174.160099,-41.159222],[174.160232,-41.158693],[174.159505,-41.158419],[174.15972,-41.158139],[174.15973,-41.157931],[174.159497,-41.157573],[174.159236,-41.157391],[174.158674,-41.1572],[174.157876,-41.157157],[174.157694,-41.156893],[174.157535,-41.156652],[174.157521,-41.156354],[174.157682,-41.156099],[174.157473,-41.155777],[174.157501,-41.155495],[174.157371,-41.155236],[174.158183,-41.155849],[174.158808,-41.156101],[174.158998,-41.156112],[174.158971,-41.156042],[174.158085,-41.155517],[174.15789,-41.155196],[174.157833,-41.154728],[174.157018,-41.154401],[174.156659,-41.153969],[174.156617,-41.153612],[174.156268,-41.153402],[174.15582,-41.152894],[174.155134,-41.152454],[174.15485,-41.15209],[174.154625,-41.151497],[174.154223,-41.150882],[174.15415,-41.150469],[174.153589,-41.149851],[174.153588,-41.14956],[174.153458,-41.149373],[174.153017,-41.149193],[174.152558,-41.148829],[174.152072,-41.148588],[174.151975,-41.148376],[174.151514,-41.148217],[174.150496,-41.148264],[174.150119,-41.148561],[174.149919,-41.148553],[174.149478,-41.148092],[174.148969,-41.147998],[174.148161,-41.147699],[174.148618,-41.147318],[174.149032,-41.147094],[174.149239,-41.146825],[174.14972,-41.146606],[174.149998,-41.146054],[174.150615,-41.145606],[174.150902,-41.145153],[174.150448,-41.145046],[174.15025,-41.144916],[174.149991,-41.144713],[174.149463,-41.144039],[174.149618,-41.143938],[174.149733,-41.143657],[174.149725,-41.143503],[174.149435,-41.143097],[174.149463,-41.142947],[174.149653,-41.142923],[174.149723,-41.142817],[174.149547,-41.142386],[174.14957,-41.142113],[174.149498,-41.141981],[174.149194,-41.141841],[174.149401,-41.141643],[174.149413,-41.141514],[174.149113,-41.141281],[174.149133,-41.141098],[174.148974,-41.140774],[174.149036,-41.14063],[174.148846,-41.140406],[174.14898,-41.140165],[174.148947,-41.139921],[174.149353,-41.139688],[174.149651,-41.139703],[174.14976,-41.13941],[174.150094,-41.139176],[174.149909,-41.138831],[174.150181,-41.138636],[174.15021,-41.138492],[174.149762,-41.137847],[174.149046,-41.137579],[174.148547,-41.136936],[174.148616,-41.136714],[174.148541,-41.136558],[174.148039,-41.136094],[174.147762,-41.135949],[174.147667,-41.13563],[174.147434,-41.135357],[174.147284,-41.135327],[174.147057,-41.13497],[174.146546,-41.134612],[174.146149,-41.134555],[174.145649,-41.134241],[174.145186,-41.134144],[174.145001,-41.133716],[174.144198,-41.133317],[174.14418,-41.133106],[174.144573,-41.132623],[174.144513,-41.132569],[174.144175,-41.132618],[174.144049,-41.132084],[174.14356,-41.131758],[174.142933,-41.130515],[174.142986,-41.13008],[174.142683,-41.129821],[174.142685,-41.12963],[174.142685,-41.12963],[174.143317,-41.129885],[174.143461,-41.13029],[174.143914,-41.130652],[174.144357,-41.131196],[174.145206,-41.131476],[174.145615,-41.131852],[174.145989,-41.131744],[174.146521,-41.131328],[174.146933,-41.13144],[174.147389,-41.131404],[174.147573,-41.131288],[174.147879,-41.13102],[174.147657,-41.131012],[174.147276,-41.130829],[174.147162,-41.130627],[174.14694,-41.130556],[174.146879,-41.130276],[174.14666,-41.130208],[174.146021,-41.130318],[174.145722,-41.130127],[174.145489,-41.130175],[174.145387,-41.130121],[174.145315,-41.12939],[174.145567,-41.12913],[174.145514,-41.128516],[174.145327,-41.128252],[174.145505,-41.128192],[174.14597,-41.128309],[174.146071,-41.128566],[174.146531,-41.128235],[174.146935,-41.128058],[174.146907,-41.12763],[174.147022,-41.127421],[174.147207,-41.127212],[174.147564,-41.127],[174.147731,-41.126606],[174.148068,-41.126351],[174.147864,-41.126166],[174.147093,-41.12599],[174.146966,-41.125799],[174.147454,-41.1257],[174.147712,-41.125524],[174.148033,-41.125511],[174.148551,-41.125078],[174.149036,-41.12446],[174.148836,-41.1241],[174.148576,-41.123984],[174.148353,-41.123683],[174.148018,-41.123767],[174.148015,-41.123533],[174.147663,-41.122911],[174.147695,-41.121748],[174.147993,-41.121457],[174.14762,-41.12119],[174.146988,-41.121156],[174.14672,-41.121011],[174.146493,-41.12046],[174.146546,-41.120265],[174.146769,-41.120071],[174.146776,-41.119656],[174.147182,-41.119669],[174.147819,-41.119504],[174.147959,-41.11935],[174.147645,-41.119094],[174.147682,-41.118958],[174.147425,-41.118374],[174.148074,-41.117112],[174.148301,-41.116923],[174.148618,-41.116085],[174.148677,-41.115551],[174.148479,-41.115212],[174.148576,-41.115098],[174.148272,-41.114857],[174.148158,-41.11465],[174.147349,-41.114057],[174.147099,-41.113993],[174.146958,-41.113734],[174.147015,-41.113571],[174.147563,-41.113051],[174.147453,-41.112736],[174.147472,-41.112378],[174.147224,-41.112092],[174.146998,-41.111574],[174.1461,-41.111028],[174.145645,-41.111087],[174.14575,-41.11057],[174.145613,-41.110504],[174.145823,-41.110282],[174.145598,-41.109782],[174.145261,-41.109672],[174.145356,-41.109173],[174.144941,-41.108616],[174.144898,-41.107754],[174.144596,-41.106927],[174.144632,-41.106803],[174.144443,-41.106504],[174.14505,-41.106139],[174.145275,-41.10611],[174.145914,-41.105618],[174.146138,-41.105643],[174.146494,-41.105946],[174.146972,-41.106101],[174.147254,-41.106543],[174.147335,-41.107058],[174.147618,-41.10755],[174.147818,-41.107777],[174.148098,-41.107777],[174.148127,-41.108077],[174.148673,-41.108574],[174.148699,-41.108625],[174.14832,-41.108778],[174.148612,-41.109338],[174.148865,-41.109366],[174.149093,-41.109508],[174.149718,-41.109426],[174.1501,-41.109876],[174.150231,-41.109892],[174.150197,-41.110005],[174.150486,-41.110312],[174.151078,-41.110646],[174.151277,-41.110646],[174.151467,-41.110745],[174.151803,-41.111145],[174.15191,-41.111442],[174.152486,-41.111978],[174.152972,-41.112151],[174.153293,-41.11217],[174.153724,-41.111957],[174.154172,-41.11187],[174.154274,-41.112257],[174.154636,-41.112484],[174.154855,-41.113003],[174.155096,-41.113171],[174.155577,-41.113329],[174.156264,-41.114236],[174.156418,-41.114299],[174.157603,-41.114106],[174.157557,-41.114526],[174.158301,-41.114515],[174.158455,-41.114753],[174.158427,-41.114889],[174.158566,-41.115096],[174.158709,-41.115696],[174.158921,-41.115805],[174.159419,-41.115939],[174.159829,-41.116167],[174.16011,-41.115743],[174.160826,-41.115557],[174.161322,-41.115567],[174.161782,-41.115381],[174.162299,-41.115484],[174.162499,-41.115617],[174.162518,-41.115734],[174.162847,-41.115681],[174.163663,-41.114986],[174.16361,-41.114409],[174.164099,-41.113896],[174.16411,-41.113792],[174.165144,-41.113755],[174.165137,-41.113638],[174.1652,-41.113663],[174.165576,-41.113218],[174.165828,-41.112648],[174.165622,-41.112413],[174.165548,-41.112175],[174.166004,-41.112044],[174.166376,-41.111791],[174.166303,-41.111149],[174.166402,-41.111081],[174.166839,-41.111035],[174.167072,-41.111118],[174.167281,-41.111084],[174.167283,-41.111031],[174.167612,-41.111112],[174.167908,-41.110755],[174.168351,-41.109928],[174.168943,-41.109337],[174.1693,-41.109151],[174.169524,-41.108586],[174.169828,-41.108302],[174.16983,-41.108154],[174.169648,-41.107895],[174.169634,-41.107579],[174.170018,-41.106742],[174.169992,-41.105754],[174.170345,-41.105633],[174.170579,-41.105641],[174.171011,-41.105422],[174.171321,-41.105062],[174.17143,-41.104695],[174.171169,-41.104289],[174.171166,-41.104139],[174.171245,-41.10377],[174.171438,-41.103502],[174.171103,-41.102846],[174.171289,-41.102231],[174.171332,-41.101595],[174.171719,-41.101211],[174.171911,-41.100847],[174.171902,-41.100081],[174.171661,-41.099728],[174.171307,-41.099632],[174.170949,-41.099361],[174.171286,-41.099037],[174.171923,-41.098972],[174.172445,-41.098823],[174.172723,-41.09884],[174.172988,-41.098967],[174.173185,-41.098825],[174.17282,-41.097626],[174.1723,-41.097091],[174.172488,-41.09668],[174.172049,-41.096337],[174.17257,-41.095881],[174.172445,-41.095333],[174.172958,-41.095186],[174.173434,-41.094824],[174.174065,-41.094964],[174.174558,-41.095241],[174.174755,-41.095267],[174.175326,-41.095124],[174.175743,-41.094606],[174.176595,-41.094638],[174.17667,-41.094571],[174.176718,-41.094165],[174.176436,-41.093973],[174.176325,-41.0935],[174.176431,-41.093374],[174.176266,-41.09266],[174.176084,-41.092454],[174.176169,-41.092317],[174.176109,-41.092197],[174.17589,-41.092088],[174.17589,-41.091921],[174.176222,-41.091547],[174.1762,-41.091373],[174.175699,-41.090962],[174.175792,-41.090616],[174.175729,-41.090298],[174.176004,-41.089956],[174.175715,-41.089401],[174.175635,-41.089041],[174.17572,-41.088739],[174.176134,-41.088203],[174.176178,-41.087761],[174.177225,-41.085819],[174.177225,-41.085819],[174.17861,-41.085776],[174.179089,-41.085878],[174.179478,-41.086069],[174.179578,-41.086235],[174.180632,-41.086679],[174.180627,-41.086828],[174.181126,-41.087147],[174.181284,-41.087869],[174.181587,-41.088105],[174.182062,-41.088301],[174.182304,-41.088233],[174.182864,-41.088784],[174.183043,-41.089459],[174.183567,-41.089877],[174.183659,-41.090109],[174.183637,-41.090399],[174.1839,-41.090815],[174.18494,-41.091159],[174.185876,-41.091283],[174.18602,-41.091417],[174.18671,-41.091734],[174.187122,-41.0917],[174.187874,-41.092052],[174.187894,-41.092406],[174.188126,-41.092527],[174.188075,-41.092685],[174.18815,-41.092859],[174.187991,-41.092927],[174.188181,-41.093184],[174.18822,-41.093429],[174.188125,-41.093912],[174.188271,-41.094243],[174.188139,-41.094453],[174.188503,-41.094858],[174.188631,-41.095126],[174.188644,-41.095328],[174.188433,-41.095771],[174.188673,-41.096098],[174.188302,-41.096572],[174.188231,-41.096798],[174.188393,-41.096951],[174.188409,-41.097115],[174.188285,-41.097288],[174.187894,-41.097183],[174.187324,-41.097646],[174.187113,-41.098013],[174.18724,-41.098274],[174.186792,-41.098742],[174.18618,-41.098849],[174.185914,-41.098972],[174.185856,-41.099519],[174.185037,-41.099772],[174.184571,-41.100548],[174.184105,-41.100754],[174.184115,-41.10104],[174.184251,-41.101327],[174.184159,-41.10161],[174.184244,-41.10185],[174.184071,-41.103184],[174.184191,-41.103901],[174.184098,-41.104234],[174.184405,-41.104901],[174.184292,-41.106012],[174.184348,-41.106117],[174.184535,-41.106141],[174.184839,-41.106322],[174.18488,-41.106534],[174.184747,-41.106776],[174.184953,-41.106984],[174.184982,-41.107156],[174.184773,-41.107441],[174.184351,-41.107575],[174.184236,-41.107761],[174.18421,-41.107987],[174.184331,-41.108171],[174.184245,-41.108573],[174.183426,-41.109069],[174.183439,-41.109658],[174.183593,-41.110121],[174.18338,-41.11039],[174.182919,-41.110602],[174.182532,-41.111343],[174.182456,-41.112097],[174.182574,-41.112745],[174.18237,-41.113321],[174.182051,-41.113639],[174.181976,-41.113961],[174.18218,-41.114637],[174.182802,-41.115016],[174.183035,-41.115298],[174.183275,-41.115438],[174.18322,-41.116253],[174.18348,-41.116429],[174.184057,-41.116535],[174.183328,-41.117299],[174.183292,-41.117659],[174.18344,-41.118082],[174.183274,-41.118173],[174.183084,-41.118502],[174.183307,-41.118775],[174.183373,-41.119224],[174.183609,-41.119446],[174.184317,-41.119483],[174.184622,-41.119336],[174.185033,-41.119423],[174.185338,-41.119359],[174.185649,-41.119183],[174.185886,-41.119552],[174.186079,-41.119473],[174.186271,-41.11954],[174.186479,-41.11951],[174.186397,-41.119748],[174.186547,-41.12032],[174.186956,-41.121057],[174.18704,-41.121376],[174.187234,-41.121489],[174.187721,-41.121061],[174.188263,-41.12105],[174.188467,-41.120924],[174.189099,-41.120858],[174.189499,-41.120655],[174.189744,-41.121086],[174.190292,-41.121332],[174.190457,-41.121637],[174.190634,-41.121616],[174.190955,-41.121269],[174.191687,-41.120905],[174.192179,-41.121377],[174.192411,-41.121453],[174.192854,-41.121088],[174.193277,-41.120923],[174.193419,-41.120558],[174.193265,-41.120248],[174.193265,-41.119925],[174.192996,-41.1197],[174.192572,-41.11875],[174.192668,-41.118623],[174.193038,-41.118403],[174.193447,-41.118594],[174.194345,-41.118808],[174.194794,-41.118836],[174.194949,-41.118425],[174.195162,-41.118277],[174.196118,-41.117999],[174.196276,-41.11785],[174.196989,-41.118059],[174.197628,-41.118036],[174.198275,-41.118539],[174.198321,-41.118675],[174.198639,-41.118742],[174.198816,-41.118916],[174.199686,-41.119215],[174.200405,-41.119584],[174.201456,-41.120657],[174.201739,-41.120318],[174.201694,-41.11936],[174.202006,-41.118875],[174.201877,-41.118228],[174.201996,-41.118079],[174.202656,-41.117831],[174.202578,-41.11721],[174.203329,-41.117171],[174.203739,-41.116934],[174.20409,-41.116434],[174.20412,-41.116082],[174.204256,-41.115867],[174.204022,-41.115469],[174.204029,-41.115109],[174.203863,-41.115047],[174.203772,-41.114724],[174.203682,-41.114679],[174.2038,-41.11438],[174.203719,-41.114029],[174.203148,-41.11375],[174.203238,-41.113614],[174.203158,-41.11349],[174.203535,-41.113508],[174.203907,-41.113712],[174.204261,-41.113594],[174.20465,-41.113626],[174.20486,-41.113428],[174.204969,-41.11347],[174.20537,-41.114034],[174.205536,-41.114084],[174.205642,-41.114022],[174.205981,-41.114017],[174.206213,-41.114254],[174.206695,-41.114409],[174.207442,-41.114258],[174.207737,-41.114331],[174.208187,-41.11423],[174.2083,-41.113998],[174.20885,-41.113775],[174.209029,-41.113452],[174.208937,-41.113146],[174.209076,-41.112681],[174.209815,-41.113171],[174.210245,-41.112983],[174.2103,-41.113423],[174.211618,-41.115127],[174.211752,-41.115264],[174.21201,-41.115309],[174.212254,-41.115253],[174.212492,-41.115317],[174.212598,-41.115257],[174.212471,-41.114796],[174.212795,-41.114527],[174.212509,-41.113846],[174.212837,-41.113917],[174.213118,-41.113781],[174.21253,-41.113268],[174.212554,-41.113173],[174.212685,-41.113125],[174.213212,-41.113343],[174.21365,-41.113308],[174.213884,-41.113388],[174.214066,-41.11333],[174.214223,-41.112638],[174.214566,-41.112585],[174.21489,-41.112858],[174.215084,-41.112885],[174.215431,-41.112802],[174.215606,-41.11236],[174.215524,-41.112187],[174.215614,-41.112126],[174.215562,-41.111976],[174.215327,-41.111823],[174.215324,-41.111664],[174.215983,-41.111762],[174.216343,-41.111969],[174.216505,-41.112256],[174.216933,-41.112319],[174.217222,-41.112255],[174.217251,-41.11216],[174.217076,-41.111893],[174.216816,-41.111715],[174.216883,-41.111527],[174.217801,-41.11179],[174.218015,-41.111714],[174.218312,-41.111329],[174.218496,-41.111287],[174.218592,-41.111355],[174.219225,-41.111354],[174.219288,-41.1116],[174.219707,-41.111667],[174.219943,-41.112065],[174.220394,-41.112205],[174.22067,-41.112386],[174.220899,-41.112326],[174.220972,-41.112128],[174.221109,-41.112053],[174.221109,-41.112053],[174.221228,-41.111957],[174.221236,-41.111823],[174.221043,-41.111726],[174.221004,-41.11138],[174.221378,-41.111288],[174.221948,-41.111654],[174.222782,-41.111095],[174.222993,-41.111093],[174.223258,-41.111445],[174.22361,-41.111406],[174.224004,-41.111153],[174.224473,-41.111148],[174.224946,-41.111356],[174.22546,-41.111226],[174.225924,-41.11092],[174.225887,-41.11147],[174.225599,-41.112331],[174.225766,-41.112477],[174.226747,-41.11226],[174.227141,-41.112391],[174.227461,-41.112327],[174.227676,-41.112426],[174.22746,-41.112856],[174.227154,-41.11292],[174.227016,-41.113427],[174.227154,-41.113955],[174.227953,-41.114165],[174.228091,-41.114391],[174.228295,-41.114481],[174.228591,-41.114983],[174.228386,-41.115309],[174.228683,-41.115412],[174.229014,-41.115691],[174.230268,-41.115809],[174.2305,-41.115912],[174.230986,-41.115552],[174.231316,-41.115472],[174.231549,-41.11559],[174.231625,-41.115786],[174.231905,-41.115737],[174.231806,-41.115437],[174.231453,-41.115282],[174.231135,-41.115285],[174.231019,-41.115152],[174.230643,-41.115236],[174.230275,-41.115187],[174.230132,-41.115082],[174.230095,-41.114887],[174.230262,-41.114717],[174.230253,-41.11441],[174.230106,-41.114238],[174.230051,-41.113918],[174.229733,-41.113707],[174.229605,-41.112942],[174.230011,-41.112349],[174.230454,-41.112201],[174.23072,-41.111906],[174.230988,-41.111878],[174.231477,-41.111085],[174.231408,-41.110884],[174.231037,-41.110741],[174.230773,-41.110406],[174.23049,-41.110374],[174.230093,-41.110467],[174.229621,-41.110295],[174.229477,-41.109912],[174.229697,-41.109353],[174.230036,-41.109097],[174.23057,-41.109056],[174.230806,-41.108822],[174.230646,-41.10853],[174.230699,-41.107931],[174.231004,-41.107639],[174.231102,-41.107221],[174.230816,-41.106918],[174.230697,-41.106378],[174.230266,-41.105862],[174.230006,-41.10513],[174.230051,-41.104667],[174.230179,-41.10426],[174.230657,-41.1036],[174.231138,-41.10344],[174.231346,-41.103232],[174.230836,-41.102328],[174.231005,-41.101869],[174.231321,-41.10175],[174.231566,-41.101454],[174.231558,-41.101008],[174.231476,-41.100921],[174.231301,-41.100956],[174.231287,-41.100773],[174.231439,-41.100694],[174.231975,-41.100835],[174.232177,-41.100948],[174.232324,-41.101195],[174.23255,-41.101239],[174.232802,-41.101105],[174.233061,-41.100753],[174.233573,-41.100777],[174.23387,-41.10065],[174.233786,-41.100452],[174.233062,-41.100337],[174.23288,-41.100091],[174.233288,-41.099797],[174.233729,-41.099755],[174.233706,-41.099538],[174.233416,-41.099324],[174.233356,-41.099093],[174.233517,-41.098888],[174.233791,-41.09879],[174.234023,-41.098507],[174.233936,-41.098149],[174.234089,-41.098061],[174.234108,-41.097875],[174.234221,-41.097879],[174.23421,-41.097723],[174.234049,-41.097571],[174.234224,-41.096987],[174.234193,-41.096927],[174.234088,-41.096959],[174.23347,-41.097369],[174.233325,-41.097333],[174.233107,-41.097058],[174.232953,-41.096993],[174.232718,-41.096984],[174.232297,-41.097113],[174.23175,-41.09706],[174.231296,-41.096877],[174.230868,-41.096481],[174.229714,-41.09606],[174.22963,-41.0959],[174.22976,-41.095813],[174.230666,-41.095684],[174.231233,-41.095869],[174.231742,-41.095887],[174.232013,-41.095785],[174.232187,-41.095518],[174.23233,-41.095486],[174.232929,-41.095569],[174.233608,-41.095874],[174.233885,-41.09589],[174.234015,-41.095815],[174.233921,-41.095657],[174.233478,-41.095627],[174.232893,-41.095183],[174.23204,-41.09506],[174.231997,-41.094951],[174.232336,-41.09485],[174.232773,-41.094839],[174.233936,-41.095036],[174.234415,-41.094648],[174.235252,-41.094737]]},"properties":{"name":"Te Araroa South Island"}}]}